region,similarity,distance,days
Slovenia,1.0,16.28125,64
Armenia,0.7986432315757015,26.484375,64
Brazil.regions.AL,0.5729263028060438,37.921875,64
Moldova,0.0,66.953125,64
Brazil.regions.SE,0.6770828433601448,32.644067796610166,59
