region,similarity,distance,days
Slovenia,0.5821225807621847,37.455882352941174,68
Brazil.regions.AL,0.7152968523921346,30.70769230769231,65
Moldova,0.440527526743993,44.63076923076923,65
Albania,0.7986432315757015,26.484375,64
Brazil.regions.SE,0.6877864709909741,32.101694915254235,59
