region,similarity,distance,days
San_Marino,0.18173076923076936,9.25,60
Brazil.regions.RS:Sapiranga,0.8372939560439561,1.8392857142857142,56
Brazil.regions.RJ:Itaboraí,0.30961538461538474,7.804347826086956,46
Brazil.regions.SP:Cajamar,0.704458041958042,3.340909090909091,44
Brazil.regions.SP:Bauru,0.6194096601073347,4.3023255813953485,43
Brazil.regions.SP:Franca,0.8058161350844277,2.1951219512195124,41
Brazil.regions.RJ:Iguaba Grande,0.766370808678501,2.641025641025641,39
Brazil.regions.PE:Carpina,0.7533799533799534,2.787878787878788,33
Brazil.regions.RS:Imbé,0.7403225806451613,2.935483870967742,31
Brazil.regions.SC:Penha,0.7550295857988166,2.769230769230769,26
Brazil.regions.GO:Novo Gama,0.7478846153846155,2.85,20
Brazil.regions.SC:Bombinhas,0.9668269230769231,0.375,8
