region,similarity,distance,days
Togo,0.17579758234689613,239.77272727272728,66
Sierra_Leone,0.0,289.4634146341463,41
