region,similarity,distance,days
United_Arab_Emirates,0.9555156863394676,43.58904109589041,73
Czechia,0.8291029429296456,91.38028169014085,71
Jordan,0.9950498790810157,28.642857142857142,70
Portugal,0.05634068923821034,383.5285714285714,70
Hungary,0.9886982982431183,31.044117647058822,68
