region,similarity,distance,days
Sweden.regions.Jönköping,0.6576589064013045,11.824561403508772,57
Sweden.regions.Uppsala,0.5523052666231584,15.31578947368421,57
Sweden.regions.Örebro,0.4697164836814961,18.05263157894737,57
Sweden.regions.Östergötland,0.16689094622873446,28.087719298245613,57
Montenegro,0.8389114451881927,5.818181818181818,55
Brazil.regions.AC:Rio Branco,0.3654120487216066,21.509090909090908,55
Fiji,0.9569783162763541,1.9056603773584906,53
Brazil.regions.BA:Juazeiro,0.960166794688906,1.8,50
Brazil.regions.PA:Parauapebas,0.9004840459904654,3.7777777777777777,45
Brazil.regions.MA:Caxias,0.9521196825048466,2.066666666666667,30
