region,similarity,distance,days
Brazil.regions.AL:Maceió,0.0,29.893939393939394,66
Brazil.regions.RJ:Duque de Caxias,0.38980029415314177,19.836734693877553,49
Brazil.regions.RJ:Queimados,0.5997978777160181,14.418604651162791,43
