region,similarity,distance,days
Brazil.regions.AL:Maceió,0.0,29.123076923076923,65
Brazil.regions.RJ:Duque de Caxias,0.3710076835090873,19.836734693877553,49
Brazil.regions.RJ:Queimados,0.587472662559499,14.418604651162791,43
