region,similarity,distance,days
Brazil.regions.SP:São José dos Campos,0.11655359565807322,6.963636363636364,55
Brazil.regions.SC:Blumenau,0.22636815920398012,6.098039215686274,51
Brazil.regions.PB:Campina Grande,0.5311486048020766,3.6956521739130435,46
Brazil.regions.RJ:Rio das Ostras,0.62516960651289,2.9545454545454546,44
Brazil.regions.SP:Votorantim,0.7100213219616205,2.2857142857142856,42
Brazil.regions.CE:Eusébio,0.09956315981070252,7.097560975609756,41
Brazil.regions.BA:Simões Filho,0.6527886881382561,2.736842105263158,38
Brazil.regions.AL:Arapiraca,0.693407960199005,2.4166666666666665,24
Brazil.regions.BA:Madre de Deus,0.7100213219616205,2.2857142857142856,7
