region,similarity,distance,days
Brazil.regions.SP:São José dos Campos,0.15983969626661032,6.963636363636364,55
Brazil.regions.SC:Blumenau,0.17169373549883993,6.865384615384615,52
Brazil.regions.PB:Campina Grande,0.5379375030853532,3.8297872340425534,47
Brazil.regions.RJ:Rio das Ostras,0.6435351191731702,2.9545454545454546,44
Brazil.regions.SP:Votorantim,0.7306426374575082,2.2325581395348837,43
Brazil.regions.CE:Eusébio,0.14368173844151422,7.097560975609756,41
Brazil.regions.BA:Simões Filho,0.6698009524972524,2.736842105263158,38
Brazil.regions.AL:Arapiraca,0.7104408352668213,2.4,25
Brazil.regions.BA:Madre de Deus,0.7242293669207822,2.2857142857142856,7
