region,similarity,distance,days
Israel,1.1102230246251565e-16,574.175,80
Haiti,0.7941650982554981,119.77358490566037,53
Burundi,0.9735284808608998,17.146341463414632,41
