region,similarity,distance,days
Honduras,1.0,21.107142857142858,56
Cuba,0.9577988448800693,29.410714285714285,56
Brazil.regions.PE,0.1667767631051955,185.05357142857142,56
