region,similarity,distance,days
Estonia,0.17783494687923196,26.08955223880597,67
Equatorial_Guinea,1.0,7.655172413793103,58
Djibouti,0.34370878627355617,22.37037037037037,54
Brazil.regions.RO:Porto Velho,0.3902460664852716,21.326923076923077,52
