region,similarity,distance,days
Croatia,0.8834380688835441,21.37313432835821,67
Lithuania,0.8804289219510397,21.53731343283582,67
Latvia,0.8454133940091708,23.44776119402985,67
Brazil.regions.ES,0.20227662688937442,58.53731343283582,67
Brazil.regions.RN,0.7899213163000665,26.475409836065573,61
Brazil.regions.PB,0.5447026264186231,39.85454545454545,55
