region,similarity,distance,days
Croatia,0.8891063069478934,21.37313432835821,67
Lithuania,0.8862434904769786,21.53731343283582,67
Latvia,0.8529307169972427,23.44776119402985,67
Brazil.regions.ES,0.20255086601396044,60.74626865671642,67
Brazil.regions.RN,0.8001371387392697,26.475409836065573,61
Brazil.regions.PB,0.4961150348747976,43.910714285714285,56
