region,similarity,distance,days
Brazil.regions.SP:Franca,0.9534412955465588,0.5263157894736842,19
Brazil.regions.RS:Imbé,0.9487854251012146,0.5789473684210527,19
Brazil.regions.RS:Sapiranga,0.9394736842105263,0.6842105263157895,19
Brazil.regions.RJ:Iguaba Grande,0.9255060728744939,0.8421052631578947,19
Brazil.regions.PE:Carpina,0.9208502024291498,0.8947368421052632,19
Brazil.regions.SP:Cajamar,0.9161943319838057,0.9473684210526315,19
Brazil.regions.SC:Penha,0.9068825910931174,1.0526315789473684,19
Brazil.regions.RJ:Itaboraí,0.8417004048582997,1.7894736842105263,19
Brazil.regions.SP:Bauru,0.7672064777327935,2.6315789473684212,19
Aruba,0.7578947368421053,2.736842105263158,19
San_Marino,0.5018218623481782,5.631578947368421,19
Brazil.regions.SC:Bombinhas,0.9494505494505494,0.5714285714285714,7
