region,similarity,distance,days
Brazil.regions.SP:Suzano,1.1102230246251565e-16,70.27272727272727,55
Brazil.regions.ES:Cariacica,0.17529067959957723,58.407407407407405,54
Brazil.regions.SP:Rio Grande da Serra,0.7193060996082821,21.583333333333332,36
