region,similarity,distance,days
Brazil.regions.SP:Franca,0.9557692307692308,0.5,20
Brazil.regions.RS:Imbé,0.9513461538461538,0.55,20
Brazil.regions.RS:Sapiranga,0.9425,0.65,20
Brazil.regions.PE:Carpina,0.9203846153846154,0.9,20
Brazil.regions.SP:Cajamar,0.9203846153846154,0.9,20
Brazil.regions.SC:Penha,0.9115384615384615,1.0,20
Brazil.regions.RJ:Iguaba Grande,0.9026923076923077,1.1,20
Brazil.regions.RJ:Itaboraí,0.8363461538461539,1.85,20
Brazil.regions.SP:Bauru,0.7523076923076923,2.8,20
Aruba,0.7478846153846155,2.85,20
San_Marino,0.5090384615384616,5.55,20
Brazil.regions.SC:Bombinhas,0.9557692307692308,0.5,8
