region,similarity,distance,days
Brazil.regions.CE:Caucaia,0.7994109687176629,3.2941176470588234,17
Brazil.regions.PE:Moreno,0.7958290217304784,3.3529411764705883,17
Brazil.regions.SP:Atibaia,0.7958290217304784,3.3529411764705883,17
Brazil.regions.PE:Condado,0.7886651277561092,3.4705882352941178,17
Brazil.regions.RJ:São Pedro da Aldeia,0.7743373398073709,3.7058823529411766,17
Brazil.regions.ES:Piúma,0.7707553928201862,3.764705882352941,17
Brazil.regions.RJ:Pinheiral,0.7707553928201862,3.764705882352941,17
Brazil.regions.PE:São José da Coroa Grande,0.7671734458330016,3.823529411764706,17
Brazil.regions.SP:Piracicaba,0.7671734458330016,3.823529411764706,17
Brazil.regions.MT:Várzea Grande,0.763591498845817,3.8823529411764706,17
Brazil.regions.RS:Caxias do Sul,0.763591498845817,3.8823529411764706,17
Brazil.regions.SP:São Roque,0.763591498845817,3.8823529411764706,17
Brazil.regions.PE:Garanhuns,0.7600095518586325,3.9411764705882355,17
Brazil.regions.PR:Araucária,0.7600095518586325,3.9411764705882355,17
Brazil.regions.SP:Mairiporã,0.7600095518586325,3.9411764705882355,17
Saint_Lucia,0.7600095518586325,3.9411764705882355,17
Brazil.regions.PE:Santa Cruz do Capibaribe,0.7564276048714479,4.0,17
Brazil.regions.RJ:Seropédica,0.7564276048714479,4.0,17
Brazil.regions.MG:Poços de Caldas,0.7492637108970788,4.117647058823529,17
Brazil.regions.PR:Arapongas,0.7492637108970788,4.117647058823529,17
Brazil.regions.PR:Matinhos,0.7492637108970788,4.117647058823529,17
Brazil.regions.SE:Propriá,0.7492637108970788,4.117647058823529,17
Brazil.regions.SP:Sertãozinho,0.7492637108970788,4.117647058823529,17
Brazil.regions.RN:Passa e Fica,0.745681763909894,4.176470588235294,17
Brazil.regions.SP:Aparecida,0.745681763909894,4.176470588235294,17
Brazil.regions.SP:Artur Nogueira,0.745681763909894,4.176470588235294,17
Brazil.regions.SP:Itupeva,0.745681763909894,4.176470588235294,17
Brazil.regions.SP:Águas de Lindóia,0.7420998169227095,4.235294117647059,17
Guam,0.7385178699355249,4.294117647058823,17
United_States_Virgin_Islands,0.7277720289739711,4.470588235294118,17
Brazil.regions.SE:Pedrinhas,1.0,0.0,2
