region,similarity,distance,days
Brazil.regions.SP:Itupeva,0.9568673883626522,0.7083333333333334,24
Brazil.regions.MG:Poços de Caldas,0.9543301759133965,0.75,24
Brazil.regions.PR:Matinhos,0.9543301759133965,0.75,24
Brazil.regions.RJ:Seropédica,0.9543301759133965,0.75,24
Brazil.regions.SP:Aparecida,0.9543301759133965,0.75,24
Brazil.regions.SP:Artur Nogueira,0.9543301759133965,0.75,24
Brazil.regions.RN:Passa e Fica,0.9517929634641408,0.7916666666666666,24
Brazil.regions.SP:Águas de Lindóia,0.9517929634641408,0.7916666666666666,24
Brazil.regions.SE:Propriá,0.949255751014885,0.8333333333333334,24
Brazil.regions.SP:Mairiporã,0.9467185385656293,0.875,24
Brazil.regions.PE:Santa Cruz do Capibaribe,0.9441813261163735,0.9166666666666666,24
Brazil.regions.PR:Araucária,0.9441813261163735,0.9166666666666666,24
Brazil.regions.MT:Várzea Grande,0.9365696887686062,1.0416666666666667,24
Brazil.regions.SP:Sertãozinho,0.9365696887686062,1.0416666666666667,24
Saint_Lucia,0.9340324763193505,1.0833333333333333,24
Brazil.regions.PE:Garanhuns,0.9264208389715832,1.2083333333333333,24
Brazil.regions.RJ:São Pedro da Aldeia,0.9264208389715832,1.2083333333333333,24
Brazil.regions.PE:São José da Coroa Grande,0.9238836265223275,1.25,24
Brazil.regions.PR:Arapongas,0.9238836265223275,1.25,24
Brazil.regions.RS:Caxias do Sul,0.9213464140730717,1.2916666666666667,24
Brazil.regions.PE:Moreno,0.9162719891745602,1.375,24
Brazil.regions.SP:São Roque,0.9162719891745602,1.375,24
Brazil.regions.SP:Piracicaba,0.9137347767253045,1.4166666666666667,24
Brazil.regions.SP:Atibaia,0.908660351826793,1.5,24
United_States_Virgin_Islands,0.8528416779431665,2.4166666666666665,24
Brazil.regions.CE:Caucaia,0.7894113667117726,3.4583333333333335,24
Guam,0.6803112313937754,5.25,24
Brazil.regions.ES:Piúma,0.90733658880979,1.5217391304347827,23
Brazil.regions.PE:Condado,0.923082401538352,1.263157894736842,19
Brazil.regions.ES:Marataízes,0.7868741542625168,3.5,16
Brazil.regions.SE:Pedrinhas,1.0,0.0,2
