region,similarity,distance,days
Brazil.regions.BA:Itabuna,1.1102230246251565e-16,5.87037037037037,54
Brazil.regions.RS:Capão da Canoa,0.28755369134283815,4.235294117647059,51
Brazil.regions.SP:Limeira,0.5885449826142318,2.5238095238095237,42
Brazil.regions.MG:Sarzedo,0.615872471717518,2.3684210526315788,38
Brazil.regions.RJ:Cabo Frio,0.3540574954699055,3.857142857142857,35
