region,similarity,distance,days
Brazil.regions.RJ:Barra Mansa,0.9657104437471986,0.5,32
Brazil.regions.SC:Jaraguá do Sul,0.9657104437471986,0.5,32
Brazil.regions.RS:Tramandaí,0.9539864410578216,0.59375,32
Brazil.regions.SC:Chapecó,0.9539864410578216,0.59375,32
Brazil.regions.PR:São José dos Pinhais,0.9500784401613627,0.625,32
Brazil.regions.MG:Divinópolis,0.9461704392649036,0.65625,32
Brazil.regions.MG:Itajubá,0.9422624383684446,0.6875,32
Grenada,0.9422624383684446,0.6875,32
Brazil.regions.SC:Timbó,0.9344464365755267,0.75,32
Curaçao,0.9266304347826086,0.8125,32
Brazil.regions.MG:Varginha,0.9070904303003138,0.96875,32
Brazil.regions.BA:Candeias,0.9031824294038547,1.0,32
Brazil.regions.PI:Parnaíba,0.8875504258180188,1.125,32
Brazil.regions.SC:Tubarão,0.8758264231286419,1.21875,32
Brazil.regions.PA:Benevides,0.832838413267593,1.5625,32
Brazil.regions.PR:Londrina,0.7273223890632003,2.40625,32
Brazil.regions.SP:Bragança Paulista,0.6335303675481847,3.15625,32
Brazil.regions.MG:Nova Serrana,0.9717615419094576,0.45161290322580644,31
Brazil.regions.PE:Itapissuma,0.8698341550874047,1.2666666666666666,30
Brazil.regions.AL:Satuba,0.8169368923785529,1.6896551724137931,29
Brazil.regions.MG:Conselheiro Lafaiete,0.9272316656897562,0.8076923076923077,26
Brazil.regions.SP:Serrana,0.8731689825190497,1.24,25
Brazil.regions.PB:Guarabira,0.39670551322277015,5.05,20
Brazil.regions.SE:Barra dos Coqueiros,0.7707701637355974,2.0588235294117645,17
Brazil.regions.SE:Carmópolis,0.9031824294038547,1.0,3
