region,similarity,distance,days
Brazil.regions.RS:Dois Irmãos,0.9915016416613908,0.17391304347826086,23
Brazil.regions.MG:Coronel Fabriciano,0.9854149796080626,0.21739130434782608,23
Brazil.regions.PR:Piraquara,0.9854149796080626,0.21739130434782608,23
Brazil.regions.GO:Senador Canedo,0.9793283175547343,0.2608695652173913,23
Brazil.regions.SP:Taubaté,0.9793283175547343,0.2608695652173913,23
Brazil.regions.BA:Feira de Santana,0.9488950072880932,0.4782608695652174,23
Brazil.regions.SC:Capivari de Baixo,0.9306350211281085,0.6086956521739131,23
Brazil.regions.RJ:Armação dos Búzios,0.9062883729147956,0.782608695652174,23
Brazil.regions.RJ:Itaguaí,0.8819417247014827,0.9565217391304348,23
Brazil.regions.SC:Brusque,0.8454217523815133,1.2173913043478262,23
Brazil.regions.SP:Jacareí,0.7906417939015592,1.608695652173913,23
Brazil.regions.PE:Cabo de Santo Agostinho,0.6689085528349947,2.4782608695652173,23
Brazil.regions.SP:Cosmópolis,0.9505181171689807,0.4666666666666667,15
