region,similarity,distance,days
Brazil.regions.SP:Tatuí,0.3170588235294117,2.7,40
Brazil.regions.SP:Assis,0.3107352941176471,2.725,40
Brazil.regions.RS:São Sebastião do Caí,0.2791176470588236,2.85,40
Brazil.regions.RS:Torres,0.27279411764705885,2.875,40
Brazil.regions.SP:Votuporanga,0.27279411764705885,2.875,40
Brazil.regions.ES:Cachoeiro de Itapemirim,0.24750000000000005,2.975,40
Brazil.regions.SC:Porto Belo,0.24117647058823533,3.0,40
Brazil.regions.PB:Patos,0.15264705882352947,3.35,40
Liechtenstein,0.10205882352941187,3.55,40
Brazil.regions.RJ:Teresópolis,0.08308823529411768,3.625,40
Brazil.regions.SC:Araranguá,0.2346907993966818,3.0256410256410255,39
Brazil.regions.RJ:Tanguá,0.3163751987281399,2.7027027027027026,37
Brazil.regions.SP:Birigui,0.17794117647058827,3.25,36
Brazil.regions.PE:Macaparana,0.34235294117647064,2.6,35
Brazil.regions.SP:Pindamonhangaba,0.3278991596638656,2.657142857142857,35
Brazil.regions.PE:Arcoverde,0.16678200692041534,3.2941176470588234,34
Brazil.regions.SC:Balneário Piçarras,0.39447415329768276,2.393939393939394,33
Brazil.regions.SC:Cocal do Sul,0.38680926916221037,2.4242424242424243,33
Brazil.regions.PE:João Alfredo,0.3638146167557933,2.515151515151515,33
Brazil.regions.PR:Paiçandu,0.37555147058823535,2.46875,32
Brazil.regions.SP:Porto Ferreira,0.36764705882352944,2.5,32
Brazil.regions.PR:Apucarana,0.21501014198782964,3.103448275862069,29
Brazil.regions.SP:Mairinque,0.44894957983193284,2.1785714285714284,28
Brazil.regions.BA:Irecê,0.40043572984749465,2.3703703703703702,27
Brazil.regions.CE:Uruburetama,0.39294117647058824,2.4,20
Brazil.regions.SP:Barrinha,0.32105263157894737,2.6842105263157894,19
Brazil.regions.SP:Barra Bonita,0.33954248366013073,2.611111111111111,18
Brazil.regions.SP:Holambra,0.3750865051903114,2.4705882352941178,17
Brazil.regions.SP:Bom Jesus dos Perdões,0.33044982698961944,2.6470588235294117,17
Brazil.regions.MG:Raposos,0.7723529411764706,0.9,10
Brazil.regions.PB:Nova Floresta,0.8735294117647059,0.5,8
Brazil.regions.PB:São Sebastião de Lagoa de Roça,0.7831932773109244,0.8571428571428571,7
Brazil.regions.AL:Cajueiro,0.8735294117647059,0.5,2
Brazil.regions.RS:Portão,0.49411764705882355,2.0,1
