region,similarity,distance,days
Gabon,1.0,12.074074074074074,54
Brazil.regions.PI,0.6441241685144125,18.01851851851852,54
New_Zealand,0.09423503325942362,27.203703703703702,54
