region,similarity,distance,days
Brazil.regions.SP:Tatuí,0.43529411764705883,2.2325581395348837,43
Brazil.regions.ES:Cachoeiro de Itapemirim,0.4,2.372093023255814,43
Brazil.regions.SC:Porto Belo,0.3647058823529412,2.511627906976744,43
Brazil.regions.RS:Torres,0.34705882352941175,2.5813953488372094,43
Brazil.regions.PB:Patos,0.26470588235294124,2.9069767441860463,43
Liechtenstein,0.24117647058823533,3.0,43
Brazil.regions.SP:Votuporanga,0.5663865546218487,1.7142857142857142,42
Brazil.regions.RS:São Sebastião do Caí,0.47560975609756095,2.073170731707317,41
Brazil.regions.SP:Assis,0.49411764705882355,2.0,40
Brazil.regions.SP:Araraquara,0.08308823529411768,3.625,40
Brazil.regions.SC:Araranguá,0.46817496229260935,2.1025641025641026,39
Brazil.regions.RJ:Tanguá,0.5488076311605723,1.7837837837837838,37
Brazil.regions.SP:Birigui,0.5714052287581699,1.6944444444444444,36
Brazil.regions.SP:Pindamonhangaba,0.5808403361344538,1.6571428571428573,35
Brazil.regions.PE:Macaparana,0.5230252100840336,1.8857142857142857,35
Brazil.regions.PE:Arcoverde,0.5387543252595156,1.8235294117647058,34
Brazil.regions.SC:Balneário Piçarras,0.6320855614973262,1.4545454545454546,33
Brazil.regions.SC:Cocal do Sul,0.6090909090909091,1.5454545454545454,33
Brazil.regions.PE:João Alfredo,0.6014260249554367,1.5757575757575757,33
Brazil.regions.PR:Paiçandu,0.6522058823529412,1.375,32
Brazil.regions.SP:Porto Ferreira,0.6443014705882353,1.40625,32
Brazil.regions.PR:Apucarana,0.6162271805273833,1.5172413793103448,29
Brazil.regions.SP:Mairinque,0.6567226890756303,1.3571428571428572,28
Brazil.regions.BA:Irecê,0.7189542483660131,1.1111111111111112,27
Brazil.regions.CE:Uruburetama,0.6458823529411766,1.4,20
Brazil.regions.SP:Barrinha,0.7736842105263158,0.8947368421052632,19
Brazil.regions.SP:Barra Bonita,0.8173202614379085,0.7222222222222222,18
Brazil.regions.SP:Bom Jesus dos Perdões,0.8065743944636679,0.7647058823529411,17
Brazil.regions.SP:Holambra,0.7619377162629758,0.9411764705882353,17
Brazil.regions.MG:Raposos,0.8229411764705883,0.7,10
Brazil.regions.PB:Nova Floresta,0.8102941176470588,0.75,8
Brazil.regions.PB:São Sebastião de Lagoa de Roça,0.7109243697478992,1.1428571428571428,7
Brazil.regions.AL:Cajueiro,1.0,0.0,2
Brazil.regions.RS:Portão,0.49411764705882355,2.0,1
