region,similarity,distance,days
Brazil.regions.RS:Sapiranga,0.37115384615384617,7.108695652173913,46
Aruba,0.30961538461538474,7.804347826086956,46
San_Marino,1.1102230246251565e-16,11.304347826086957,46
Brazil.regions.SP:Cajamar,0.4424865831842577,6.3023255813953485,43
Brazil.regions.SP:Bauru,0.33443223443223447,7.523809523809524,42
Brazil.regions.SP:Franca,0.46480769230769237,6.05,40
Brazil.regions.RJ:Iguaba Grande,0.4556213017751479,6.153846153846154,39
Brazil.regions.PE:Carpina,0.7426573426573426,2.909090909090909,33
Brazil.regions.RS:Imbé,0.7935897435897437,2.3333333333333335,30
Brazil.regions.SC:Penha,0.8124615384615385,2.12,25
Brazil.regions.GO:Novo Gama,0.8417004048582997,1.7894736842105263,19
Brazil.regions.SC:Bombinhas,0.9368131868131868,0.7142857142857143,7
