region,similarity,distance,days
Brazil.regions.PB:Lagoa Seca,0.996842123328814,0.4,15
Brazil.regions.PE:Lagoa do Carro,0.9959725630860236,0.4666666666666667,15
Brazil.regions.RS:Guaíba,0.9959725630860236,0.4666666666666667,15
Brazil.regions.SC:Içara,0.9959725630860236,0.4666666666666667,15
Brazil.regions.PE:Cupira,0.9951030028432332,0.5333333333333333,15
Brazil.regions.MG:Viçosa,0.9942334426004428,0.6,15
Brazil.regions.PE:Surubim,0.9942334426004428,0.6,15
Brazil.regions.RS:Erechim,0.9942334426004428,0.6,15
Brazil.regions.SP:Boituva,0.9942334426004428,0.6,15
Brazil.regions.ES:Viana,0.9933638823576524,0.6666666666666666,15
Brazil.regions.RJ:Angra dos Reis,0.9933638823576524,0.6666666666666666,15
Brazil.regions.SC:Imbituba,0.9933638823576524,0.6666666666666666,15
Brazil.regions.PE:Camocim de São Félix,0.992494322114862,0.7333333333333333,15
Brazil.regions.RJ:Saquarema,0.992494322114862,0.7333333333333333,15
Brazil.regions.RJ:Três Rios,0.992494322114862,0.7333333333333333,15
Brazil.regions.SP:Leme,0.992494322114862,0.7333333333333333,15
Brazil.regions.SP:Mirassol,0.992494322114862,0.7333333333333333,15
Brazil.regions.AL:Santa Luzia do Norte,0.9916247618720717,0.8,15
Brazil.regions.CE:Itaitinga,0.9916247618720717,0.8,15
Brazil.regions.SP:Monte Mor,0.9916247618720717,0.8,15
Brazil.regions.PE:Nazaré da Mata,0.9907552016292813,0.8666666666666667,15
Brazil.regions.SP:Caraguatatuba,0.9890160811437005,1.0,15
Brazil.regions.SP:Caçapava,0.9890160811437005,1.0,15
Brazil.regions.PE:Chã Grande,0.9855378401725391,1.2666666666666666,15
Brazil.regions.RS:Passo Fundo,0.9837987196869583,1.4,15
Brazil.regions.AL:Rio Largo,0.9829291594441679,1.4666666666666666,15
Luxembourg,0.9646683943455701,2.8666666666666667,15
