region,similarity,distance,days
Brazil.regions.RS:Guaíba,0.9938469713814249,0.6296296296296297,27
Brazil.regions.RJ:Angra dos Reis,0.9933638823576524,0.6666666666666666,27
Brazil.regions.RS:Erechim,0.99288079333388,0.7037037037037037,27
Brazil.regions.SP:Boituva,0.99288079333388,0.7037037037037037,27
Brazil.regions.SP:Mirassol,0.99288079333388,0.7037037037037037,27
Brazil.regions.SC:Içara,0.9914315262625627,0.8148148148148148,27
Brazil.regions.SP:Caçapava,0.9904653482150179,0.8888888888888888,27
Brazil.regions.SC:Imbituba,0.9899822591912454,0.9259259259259259,27
Brazil.regions.PE:Lagoa do Carro,0.9890160811437005,1.0,27
Brazil.regions.SP:Leme,0.9885329921199281,1.037037037037037,27
Brazil.regions.ES:Viana,0.9880499030961557,1.0740740740740742,27
Brazil.regions.RJ:Três Rios,0.9880499030961557,1.0740740740740742,27
Brazil.regions.CE:Itaitinga,0.9832190128584314,1.4444444444444444,27
Brazil.regions.SP:Caraguatatuba,0.9832190128584314,1.4444444444444444,27
Brazil.regions.RS:Passo Fundo,0.982735923834659,1.4814814814814814,27
Brazil.regions.PE:Chã Grande,0.9783881226207071,1.8148148148148149,27
Brazil.regions.AL:Rio Largo,0.9769388555493899,1.9259259259259258,27
Brazil.regions.RJ:Saquarema,0.9769388555493899,1.9259259259259258,27
Luxembourg,0.3020634893393058,53.666666666666664,27
Brazil.regions.PE:Cupira,0.9945344442229471,0.5769230769230769,26
Brazil.regions.PE:Surubim,0.9910227586270629,0.8461538461538461,26
Brazil.regions.MG:Viçosa,0.9907173946622034,0.8695652173913043,23
Brazil.regions.PE:Nazaré da Mata,0.9864074004153295,1.2,20
Brazil.regions.PE:Camocim de São Félix,0.995194535500369,0.5263157894736842,19
Brazil.regions.AL:Santa Luzia do Norte,0.9897407146793592,0.9444444444444444,18
Brazil.regions.PB:Lagoa Seca,0.9933638823576524,0.6666666666666666,15
Brazil.regions.SP:Igaraçu do Tietê,0.9916247618720717,0.8,15
