region,similarity,distance,days
Brazil.regions.SC:Imbituba,0.9769569471624266,1.9285714285714286,28
Brazil.regions.SP:Mirassol,0.9769569471624266,1.9285714285714286,28
Brazil.regions.SP:Boituva,0.9764921722113503,1.9642857142857142,28
Brazil.regions.PE:Lagoa do Carro,0.9750978473581213,2.0714285714285716,28
Brazil.regions.RJ:Angra dos Reis,0.9750978473581213,2.0714285714285716,28
Brazil.regions.SP:Caçapava,0.9750978473581213,2.0714285714285716,28
Brazil.regions.SP:Leme,0.9741682974559687,2.142857142857143,28
Brazil.regions.SP:Monte Mor,0.9741682974559687,2.142857142857143,28
Brazil.regions.ES:Viana,0.9737035225048923,2.1785714285714284,28
Brazil.regions.RS:Erechim,0.9737035225048923,2.1785714285714284,28
Brazil.regions.SC:Içara,0.973238747553816,2.2142857142857144,28
Brazil.regions.RS:Guaíba,0.9727739726027397,2.25,28
Brazil.regions.RS:Passo Fundo,0.9713796477495108,2.357142857142857,28
Brazil.regions.CE:Itaitinga,0.9709148727984345,2.392857142857143,28
Brazil.regions.RJ:Três Rios,0.9709148727984345,2.392857142857143,28
Brazil.regions.SP:Caraguatatuba,0.9709148727984345,2.392857142857143,28
Brazil.regions.PE:Chã Grande,0.9685909980430528,2.5714285714285716,28
Brazil.regions.RJ:Saquarema,0.9685909980430528,2.5714285714285716,28
Luxembourg,0.2653864970645793,56.607142857142854,28
Brazil.regions.PE:Cupira,0.9780295047418335,1.8461538461538463,26
Brazil.regions.PE:Surubim,0.9775289778714437,1.8846153846153846,26
Brazil.regions.MG:Viçosa,0.9754851598173516,2.0416666666666665,24
Brazil.regions.PE:Nazaré da Mata,0.9747260273972602,2.1,20
Brazil.regions.PE:Camocim de São Félix,0.9801369863013698,1.6842105263157894,19
Brazil.regions.AL:Santa Luzia do Norte,0.9780821917808219,1.8421052631578947,19
Brazil.regions.SP:Igaraçu do Tietê,0.9841609589041096,1.375,16
Brazil.regions.PB:Lagoa Seca,0.9809075342465754,1.625,16
