region,similarity,distance,days
Brazil.regions.RO:Vilhena,0.9936373276776246,0.043478260869565216,23
Brazil.regions.BA:Barra,0.9872746553552492,0.08695652173913043,23
Brazil.regions.MT:Tangará da Serra,0.968186638388123,0.21739130434782608,23
Brazil.regions.PA:Monte Alegre,0.9554612937433722,0.30434782608695654,23
Brazil.regions.AM:Santo Antônio do Içá,0.9300106044538706,0.4782608695652174,23
Brazil.regions.RR:Mucajaí,0.9236479321314952,0.5217391304347826,23
Brazil.regions.AP:Mazagão,0.8472958642629904,1.0434782608695652,23
Brazil.regions.AM:São Paulo de Olivença,0.7900318133616119,1.434782608695652,23
Brazil.regions.AM:Juruá,0.5355249204665959,3.1739130434782608,23
Brazil.regions.MA:Balsas,0.6541019955654102,2.3636363636363638,22
Brazil.regions.PA:Pacajá,0.9442508710801394,0.38095238095238093,21
Brazil.regions.RR:Caroebe,0.8885017421602788,0.7619047619047619,21
Brazil.regions.AM:Beruri,0.735191637630662,1.8095238095238095,21
Brazil.regions.AM:Maraã,0.7658536585365854,1.6,20
Brazil.regions.MT:Querência,0.9460847240051348,0.3684210526315789,19
Brazil.regions.AM:Nhamundá,0.8921694480102695,0.7368421052631579,19
Brazil.regions.AM:Codajás,0.9349593495934959,0.4444444444444444,18
Brazil.regions.PA:Anapu,0.9105691056910569,0.6111111111111112,18
Brazil.regions.PA:Porto de Moz,0.8780487804878049,0.8333333333333334,18
Brazil.regions.AM:Fonte Boa,0.7154471544715446,1.9444444444444444,18
Brazil.regions.PA:Paragominas,0.4878048780487805,3.5,18
Brazil.regions.MT:Poconé,0.9908536585365854,0.0625,16
Brazil.regions.MT:Peixoto de Azevedo,0.8649155722326454,0.9230769230769231,13
Brazil.regions.AP:Calçoene,0.9634146341463414,0.25,12
Brazil.regions.PA:Prainha,0.9634146341463414,0.25,12
Brazil.regions.PA:Ourilândia do Norte,0.8048780487804879,1.3333333333333333,12
Brazil.regions.AM:Eirunepé,0.8403547671840355,1.0909090909090908,11
Brazil.regions.PA:Uruará,0.9560975609756097,0.3,10
Brazil.regions.AC:Tarauacá,0.7658536585365854,1.6,10
Brazil.regions.BA:Pilão Arcado,1.0,0.0,9
Brazil.regions.PA:Chaves,0.967479674796748,0.2222222222222222,9
Brazil.regions.PA:Senador José Porfírio,0.967479674796748,0.2222222222222222,9
Brazil.regions.TO:Formoso do Araguaia,0.9414634146341463,0.4,5
Brazil.regions.PA:Novo Repartimento,0.8829268292682927,0.8,5
Brazil.regions.MS:Ribas do Rio Pardo,0.8536585365853658,1.0,5
Brazil.regions.PA:Faro,1.0,0.0,4
Brazil.regions.PA:Santana do Araguaia,0.8536585365853658,1.0,4
