region,similarity,distance,days
Brazil.regions.SP:Jundiaí,0.43487036174507065,5.895833333333333,48
Brazil.regions.SP:Vinhedo,0.9022556390977443,1.0714285714285714,42
Brazil.regions.MA:Paço do Lumiar,0.4694923148579413,5.538461538461538,39
Brazil.regions.MA:São José de Ribamar,0.0,10.384615384615385,39
Brazil.regions.SP:Águas de São Pedro,1.0,0.0625,32
