region,similarity,distance,days
Brazil.regions.MG:Divinópolis,0.7591443138993571,2.0923076923076924,65
Curaçao,0.9130243355747678,0.8833333333333333,60
Brazil.regions.PR:Londrina,0.707252641690682,2.5,56
Brazil.regions.SC:Tubarão,0.803292288883067,1.7454545454545454,55
Brazil.regions.SC:Jaraguá do Sul,0.8885686839577329,1.0754716981132075,53
Brazil.regions.SC:Chapecó,0.24975984630163306,6.09433962264151,53
Grenada,0.9312680115273775,0.74,50
Brazil.regions.PI:Parnaíba,0.7822072793254349,1.9111111111111112,45
Brazil.regions.PR:São José dos Pinhais,0.9126386341804209,0.8863636363636364,44
Brazil.regions.BA:Candeias,0.9254494304926582,0.7857142857142857,42
Brazil.regions.RS:Tramandaí,0.9840898174831892,0.325,40
Brazil.regions.PA:Benevides,0.8100568979531515,1.6923076923076923,39
Brazil.regions.MG:Varginha,0.9048738561100157,0.9473684210526315,38
Brazil.regions.SC:Timbó,0.9406019852705731,0.6666666666666666,36
Brazil.regions.SP:Bragança Paulista,0.607245780156443,3.2857142857142856,35
Brazil.regions.MG:Itajubá,0.9697706532180596,0.4375,32
Brazil.regions.SP:Américo Brasiliense,0.9638684887360168,0.4838709677419355,31
Brazil.regions.MG:Nova Serrana,1.0,0.2,30
Brazil.regions.PE:Itapissuma,0.8854466858789625,1.1,30
Brazil.regions.AL:Satuba,0.8754459997255386,1.1785714285714286,28
Brazil.regions.MG:Conselheiro Lafaiete,0.9338136407300672,0.72,25
Brazil.regions.SP:Serrana,0.8981748318924111,1.0,24
Brazil.regions.PB:Guarabira,0.43594216087769855,4.631578947368421,19
Brazil.regions.SE:Barra dos Coqueiros,0.7409447929027518,2.235294117647059,17
Brazil.regions.SE:Carmópolis,0.8981748318924111,1.0,3
