region,similarity,distance,days
Brazil.regions.SP:Valinhos,0.06594597383833423,1.6122448979591837,49
Brazil.regions.SP:Louveira,0.4039190897597976,1.25,48
Brazil.regions.PR:Fazenda Rio Grande,0.0,1.6829268292682926,41
Brazil.regions.SP:Salto,0.22250316055625785,1.4444444444444444,36
