region,similarity,distance,days
Brazil.regions.BA:Itabuna,0.48470052402174446,3.1142857142857143,35
Brazil.regions.RS:Capão da Canoa,0.4143542778784466,3.5142857142857142,35
Brazil.regions.MG:Sarzedo,0.3992800822763113,3.6,35
Brazil.regions.SP:Limeira,0.3791811548067976,3.7142857142857144,35
Brazil.regions.SC:Joinville,0.3540574954699055,3.857142857142857,35
