region,similarity,distance,days
Brazil.regions.SC:Balneário Piçarras,0.895847750865052,0.4117647058823529,17
Brazil.regions.SP:Votuporanga,0.895847750865052,0.4117647058823529,17
Brazil.regions.BA:Irecê,0.8660899653979239,0.5294117647058824,17
Brazil.regions.ES:Cachoeiro de Itapemirim,0.8660899653979239,0.5294117647058824,17
Brazil.regions.PR:Paiçandu,0.8660899653979239,0.5294117647058824,17
Brazil.regions.RS:São Sebastião do Caí,0.8512110726643598,0.5882352941176471,17
Brazil.regions.SC:Araranguá,0.8512110726643598,0.5882352941176471,17
Brazil.regions.SC:Cocal do Sul,0.8512110726643598,0.5882352941176471,17
Brazil.regions.SP:Barrinha,0.8512110726643598,0.5882352941176471,17
Brazil.regions.SP:Tatuí,0.8512110726643598,0.5882352941176471,17
Brazil.regions.PB:Patos,0.8363321799307959,0.6470588235294118,17
Brazil.regions.PE:João Alfredo,0.8363321799307959,0.6470588235294118,17
Brazil.regions.RS:Torres,0.8363321799307959,0.6470588235294118,17
Brazil.regions.SC:Porto Belo,0.8363321799307959,0.6470588235294118,17
Brazil.regions.SP:Assis,0.8363321799307959,0.6470588235294118,17
Brazil.regions.SP:Bom Jesus dos Perdões,0.8363321799307959,0.6470588235294118,17
Brazil.regions.SP:Mairinque,0.8363321799307959,0.6470588235294118,17
Brazil.regions.SP:Pindamonhangaba,0.8363321799307959,0.6470588235294118,17
Brazil.regions.SP:Porto Ferreira,0.8363321799307959,0.6470588235294118,17
Brazil.regions.PE:Macaparana,0.8214532871972318,0.7058823529411765,17
Brazil.regions.SP:Birigui,0.8214532871972318,0.7058823529411765,17
Brazil.regions.PE:Arcoverde,0.7768166089965398,0.8823529411764706,17
Brazil.regions.RJ:Teresópolis,0.7619377162629758,0.9411764705882353,17
Brazil.regions.SP:Barra Bonita,0.7470588235294118,1.0,17
Brazil.regions.RJ:Tanguá,0.7321799307958478,1.0588235294117647,17
Brazil.regions.PR:Apucarana,0.6875432525951557,1.2352941176470589,17
Brazil.regions.CE:Uruburetama,0.6577854671280277,1.3529411764705883,17
Liechtenstein,0.49411764705882355,2.0,17
Brazil.regions.SP:Araraquara,0.3750865051903114,2.4705882352941178,17
Brazil.regions.MG:Raposos,0.9494117647058824,0.2,10
Brazil.regions.PB:Nova Floresta,0.9683823529411765,0.125,8
Brazil.regions.PB:São Sebastião de Lagoa de Roça,0.8915966386554622,0.42857142857142855,7
Brazil.regions.AL:Cajueiro,1.0,0.0,2
Brazil.regions.RS:Portão,0.49411764705882355,2.0,1
