region,similarity,distance,days
Brazil.regions.PR:Paiçandu,0.9096638655462185,0.35714285714285715,28
Brazil.regions.RS:São Sebastião do Caí,0.9006302521008404,0.39285714285714285,28
Brazil.regions.SC:Cocal do Sul,0.8915966386554622,0.42857142857142855,28
Brazil.regions.SC:Araranguá,0.882563025210084,0.4642857142857143,28
Brazil.regions.SP:Porto Ferreira,0.882563025210084,0.4642857142857143,28
Brazil.regions.SC:Balneário Piçarras,0.8735294117647059,0.5,28
Brazil.regions.SC:Porto Belo,0.8644957983193278,0.5357142857142857,28
Brazil.regions.ES:Cachoeiro de Itapemirim,0.8554621848739496,0.5714285714285714,28
Brazil.regions.PE:João Alfredo,0.8554621848739496,0.5714285714285714,28
Brazil.regions.SP:Tatuí,0.8554621848739496,0.5714285714285714,28
Brazil.regions.SP:Pindamonhangaba,0.8464285714285714,0.6071428571428571,28
Brazil.regions.PE:Macaparana,0.8373949579831933,0.6428571428571429,28
Brazil.regions.RS:Torres,0.8373949579831933,0.6428571428571429,28
Brazil.regions.SP:Assis,0.8283613445378151,0.6785714285714286,28
Brazil.regions.PB:Patos,0.8012605042016807,0.7857142857142857,28
Brazil.regions.SP:Votuporanga,0.8012605042016807,0.7857142857142857,28
Brazil.regions.RJ:Tanguá,0.7470588235294118,1.0,28
Brazil.regions.PR:Apucarana,0.7109243697478992,1.1428571428571428,28
Brazil.regions.SP:Birigui,0.6838235294117647,1.25,28
Brazil.regions.PE:Arcoverde,0.6657563025210085,1.3214285714285714,28
Brazil.regions.RJ:Teresópolis,0.6567226890756303,1.3571428571428572,28
Brazil.regions.SP:Araraquara,0.44894957983193284,2.1785714285714284,28
Liechtenstein,0.44894957983193284,2.1785714285714284,28
Brazil.regions.BA:Irecê,0.906318082788671,0.37037037037037035,27
Brazil.regions.CE:Uruburetama,0.6964705882352942,1.2,20
Brazil.regions.SP:Barrinha,0.906811145510836,0.3684210526315789,19
Brazil.regions.SP:Barra Bonita,0.7751633986928105,0.8888888888888888,18
Brazil.regions.SP:Bom Jesus dos Perdões,0.8809688581314878,0.47058823529411764,17
Brazil.regions.SP:Holambra,0.8363321799307959,0.6470588235294118,17
Brazil.regions.MG:Raposos,0.9747058823529412,0.1,10
Brazil.regions.PB:Nova Floresta,1.0,0.0,8
Brazil.regions.PB:São Sebastião de Lagoa de Roça,0.9277310924369748,0.2857142857142857,7
Brazil.regions.AL:Cajueiro,1.0,0.0,2
Brazil.regions.RS:Portão,0.49411764705882355,2.0,1
