region,similarity,distance,days
Norway,0.02282911195281967,122.52542372881356,59
Congo,1.0,6.842105263157895,57
