region,similarity,distance,days
Brazil.regions.MG:Poços de Caldas,0.918809201623816,1.3333333333333333,48
Brazil.regions.MT:Várzea Grande,0.9073917456021651,1.5208333333333333,48
Brazil.regions.SE:Propriá,0.9035859269282814,1.5833333333333333,48
Saint_Lucia,0.887094046008119,1.8541666666666667,48
Brazil.regions.RS:Caxias do Sul,0.8744079837618404,2.0625,48
United_States_Virgin_Islands,0.8414242219215156,2.6041666666666665,48
Guam,0.7615020297699594,3.9166666666666665,48
Brazil.regions.RN:Passa e Fica,0.9242219215155616,1.2444444444444445,45
Brazil.regions.CE:Caucaia,0.07307171853856564,15.222222222222221,45
Brazil.regions.SP:Itupeva,0.9266514946487883,1.2045454545454546,44
Brazil.regions.RJ:Seropédica,0.9211157583958667,1.2954545454545454,44
Brazil.regions.SP:Piracicaba,0.7813384180095952,3.590909090909091,44
Brazil.regions.PR:Matinhos,0.9277779526072316,1.186046511627907,43
Brazil.regions.RJ:São Pedro da Aldeia,0.91300985888266,1.4285714285714286,42
Brazil.regions.SP:Águas de Lindóia,0.9316809135615036,1.1219512195121952,41
Brazil.regions.PR:Araucária,0.930195716030232,1.146341463414634,41
Brazil.regions.PR:Arapongas,0.9212845308426021,1.2926829268292683,41
Brazil.regions.SP:Atibaia,0.891914749661705,1.775,40
Brazil.regions.SP:São Roque,0.908660351826793,1.5,36
Brazil.regions.SP:Sertãozinho,0.9356272955731684,1.0571428571428572,35
Brazil.regions.PE:Moreno,0.8816934080804175,1.9428571428571428,35
Brazil.regions.SP:Artur Nogueira,0.9534346891666003,0.7647058823529411,34
Brazil.regions.PE:Garanhuns,0.8874400295239266,1.8484848484848484,33
Brazil.regions.PE:Santa Cruz do Capibaribe,0.9469640752542668,0.8709677419354839,31
Brazil.regions.PE:São José da Coroa Grande,0.9248985115020297,1.2333333333333334,30
Brazil.regions.SP:Aparecida,0.9683355886332883,0.52,25
Brazil.regions.RJ:Pinheiral,0.9467185385656293,0.875,24
Brazil.regions.ES:Piúma,0.939106901217862,1.0,24
Brazil.regions.PE:Condado,0.929492201410156,1.1578947368421053,19
Brazil.regions.ES:Marataízes,0.7600095518586325,3.9411764705882355,17
Brazil.regions.SE:Pedrinhas,0.969553450608931,0.5,2
