region,similarity,distance,days
Brazil.regions.RS:Ivoti,0.8566176470588236,0.75,28
Brazil.regions.SP:Itatiba,0.8566176470588236,0.75,28
Brazil.regions.RJ:Porto Real,0.8497899159663865,0.7857142857142857,28
Brazil.regions.PE:Caruaru,0.8361344537815126,0.8571428571428571,28
Brazil.regions.BA:Camaçari,0.8224789915966386,0.9285714285714286,28
Brazil.regions.SP:Mongaguá,0.7951680672268908,1.0714285714285714,28
Brazil.regions.MA:Raposa,0.7883403361344538,1.1071428571428572,28
Brazil.regions.SP:Ourinhos,0.733718487394958,1.3928571428571428,28
Brazil.regions.MG:Juiz de Fora,0.6517857142857143,1.8214285714285714,28
Brazil.regions.SC:Camboriú,0.5835084033613447,2.1785714285714284,28
Brazil.regions.RJ:Petrópolis,0.48792016806722693,2.6785714285714284,28
Brazil.regions.PE:Igarassu,0.3172268907563025,3.5714285714285716,28
Brazil.regions.PE:Lagoa de Itaenga,0.831764705882353,0.88,25
Brazil.regions.BA:Santo Antônio de Jesus,0.9044117647058824,0.5,10
Brazil.regions.MG:Igarapé,0.8661764705882353,0.7,10
