region,similarity,distance,days
Brazil.regions.RS:São Sebastião do Caí,0.8915966386554622,0.42857142857142855,35
Brazil.regions.ES:Cachoeiro de Itapemirim,0.8843697478991597,0.45714285714285713,35
Brazil.regions.SC:Porto Belo,0.8771428571428571,0.4857142857142857,35
Brazil.regions.SP:Tatuí,0.8771428571428571,0.4857142857142857,35
Brazil.regions.RS:Torres,0.8699159663865547,0.5142857142857142,35
Brazil.regions.SC:Araranguá,0.8482352941176471,0.6,35
Brazil.regions.SP:Pindamonhangaba,0.8121008403361345,0.7428571428571429,35
Brazil.regions.SP:Votuporanga,0.7976470588235294,0.8,35
Brazil.regions.SP:Assis,0.7904201680672269,0.8285714285714286,35
Brazil.regions.PB:Patos,0.7759663865546218,0.8857142857142857,35
Brazil.regions.RJ:Tanguá,0.7687394957983193,0.9142857142857143,35
Brazil.regions.SP:Birigui,0.7181512605042017,1.1142857142857143,35
Brazil.regions.RJ:Teresópolis,0.5230252100840336,1.8857142857142857,35
Liechtenstein,0.4146218487394958,2.3142857142857145,35
Brazil.regions.SP:Araraquara,0.34235294117647064,2.6,35
Brazil.regions.PE:Arcoverde,0.6280276816608996,1.4705882352941178,34
Brazil.regions.SC:Cocal do Sul,0.9310160427807487,0.2727272727272727,33
Brazil.regions.SC:Balneário Piçarras,0.8926916221033868,0.42424242424242425,33
Brazil.regions.PE:João Alfredo,0.8467023172905526,0.6060606060606061,33
Brazil.regions.PR:Paiçandu,0.9130514705882353,0.34375,32
Brazil.regions.SP:Porto Ferreira,0.9051470588235294,0.375,32
Brazil.regions.PR:Apucarana,0.7208924949290061,1.103448275862069,29
Brazil.regions.SP:Mairinque,0.8373949579831933,0.6428571428571429,28
Brazil.regions.BA:Irecê,0.8875816993464052,0.4444444444444444,27
Brazil.regions.CE:Uruburetama,0.7723529411764706,0.9,20
Brazil.regions.SP:Barrinha,0.9467492260061919,0.21052631578947367,19
Brazil.regions.SP:Barra Bonita,0.7892156862745098,0.8333333333333334,18
Brazil.regions.SP:Bom Jesus dos Perdões,0.895847750865052,0.4117647058823529,17
Brazil.regions.SP:Holambra,0.8214532871972318,0.7058823529411765,17
Brazil.regions.MG:Raposos,0.9494117647058824,0.2,10
Brazil.regions.PB:Nova Floresta,0.9683823529411765,0.125,8
Brazil.regions.PB:São Sebastião de Lagoa de Roça,0.8915966386554622,0.42857142857142855,7
Brazil.regions.AL:Cajueiro,0.8735294117647059,0.5,2
Brazil.regions.RS:Portão,0.24117647058823533,3.0,1
