region,similarity,distance,days
Brazil.regions.SP:Suzano,0.9038363489398744,9.092592592592593,54
Brazil.regions.PA:Belém,0.17529067959957723,58.407407407407405,54
Brazil.regions.SP:Rio Grande da Serra,0.9708636448423802,4.555555555555555,36
