region,similarity,distance,days
Brazil.regions.BA:Conceição do Jacuípe,0.8901434238632896,0.41379310344827586,29
Brazil.regions.MG:Ubá,0.8718339945071711,0.4827586206896552,29
Brazil.regions.PE:Machados,0.8535245651510528,0.5517241379310345,29
Saint_Vincent_and_the_Grenadines,0.816905706438816,0.6896551724137931,29
Brazil.regions.CE:Pindoretama,0.7985962770826975,0.7586206896551724,29
Brazil.regions.SE:Itabaiana,0.7985962770826975,0.7586206896551724,29
Brazil.regions.MG:Pouso Alegre,0.7253585596582239,1.0344827586206897,29
Brazil.regions.SP:Itu,0.7162038449801648,1.0689655172413792,29
Brazil.regions.RJ:Paracambi,0.5148001220628623,1.8275862068965518,29
Cayman_Islands,0.4140982606042112,2.206896551724138,29
Brazil.regions.CE:Pacajus,0.3317058285016783,2.5172413793103448,29
Brazil.regions.PE:Chã de Alegria,0.7345132743362832,1.0,28
Brazil.regions.SP:Cruzeiro,0.783677482792527,0.8148148148148148,27
Brazil.regions.SP:Santa Gertrudes,0.9387338325391422,0.23076923076923078,26
Brazil.regions.MG:Lagoa Santa,0.896113889957676,0.391304347826087,23
Brazil.regions.RS:Xangri-lá,0.9810366624525917,0.07142857142857142,14
Brazil.regions.MG:Juatuba,0.9778761061946902,0.08333333333333333,12
