region,similarity,distance,days
Brazil.regions.SP:Vargem Grande Paulista,0.27372262773722644,2.020408163265306,49
Brazil.regions.MG:Betim,0.2627737226277371,2.0408163265306123,49
Brazil.regions.PR:Colombo,0.25182481751824826,2.061224489795918,49
Sint_Maarten,0.0,2.5306122448979593,49
Brazil.regions.PA:Marituba,0.041970802919707895,2.4523809523809526,42
Brazil.regions.RJ:Japeri,0.48394160583941614,1.6285714285714286,35
