region,similarity,distance,days
Brazil.regions.PB:Campina Grande,0.2937581347971252,5.853658536585366,41
Brazil.regions.SC:Blumenau,0.26433139041367204,6.097560975609756,41
Brazil.regions.RJ:Rio das Ostras,0.26138871597532676,6.121951219512195,41
Brazil.regions.SP:Votorantim,0.24667534378360012,6.2439024390243905,41
Brazil.regions.SP:São José dos Campos,0.19959255277007526,6.634146341463414,41
Barbados,0.14368173844151422,7.097560975609756,41
Brazil.regions.BA:Simões Filho,0.33007693247038705,5.552631578947368,38
Brazil.regions.AL:Arapiraca,0.6670069605568445,2.76,25
Brazil.regions.BA:Madre de Deus,0.9482930062976467,0.42857142857142855,7
