region,similarity,distance,days
Brazil.regions.PB:Campina Grande,0.6540027137042063,2.727272727272727,44
Barbados,0.62516960651289,2.9545454545454546,44
Brazil.regions.SP:São José dos Campos,0.38873812754409764,4.818181818181818,44
Brazil.regions.SC:Blumenau,0.22150610583446395,6.136363636363637,44
Brazil.regions.SP:Votorantim,0.7432480454868515,2.0238095238095237,42
Brazil.regions.CE:Eusébio,0.22333454677830356,6.121951219512195,41
Brazil.regions.BA:Simões Filho,0.7696386488609583,1.8157894736842106,38
Brazil.regions.AL:Arapiraca,0.7674129353233831,1.8333333333333333,24
Brazil.regions.BA:Madre de Deus,0.9456289978678039,0.42857142857142855,7
