region,similarity,distance,days
Brazil.regions.SP:Valinhos,0.6477197620621282,1.0,47
Brazil.regions.PR:Maringá,0.42574285272320733,1.2340425531914894,47
Brazil.regions.PR:Fazenda Rio Grande,0.6014540647719762,1.048780487804878,41
Brazil.regions.SP:Salto,1.0,0.6285714285714286,35
