region,similarity,distance,days
Brazil.regions.MS:Corumbá,0.8881987577639752,0.5714285714285714,14
Brazil.regions.AM:Jutaí,0.8742236024844721,0.6428571428571429,14
Brazil.regions.PA:Itaituba,0.8742236024844721,0.6428571428571429,14
Brazil.regions.AM:Santa Isabel do Rio Negro,0.860248447204969,0.7142857142857143,14
Brazil.regions.PA:Almeirim,0.8462732919254659,0.7857142857142857,14
Brazil.regions.AM:Lábrea,0.7204968944099379,1.4285714285714286,14
Brazil.regions.AM:Tapauá,0.46894409937888193,2.7142857142857144,14
Brazil.regions.AM:Atalaia do Norte,0.8532608695652174,0.75,12
