region,similarity,distance,days
Brazil.regions.RS:Tramandaí,0.9031824294038547,1.0,30
Brazil.regions.SC:Jaraguá do Sul,0.8948453608247423,1.0666666666666667,30
Brazil.regions.MG:Itajubá,0.890676826535186,1.1,30
Brazil.regions.MG:Nova Serrana,0.890676826535186,1.1,30
Brazil.regions.RJ:Barra Mansa,0.890676826535186,1.1,30
Brazil.regions.SC:Chapecó,0.8865082922456298,1.1333333333333333,30
Curaçao,0.8823397579560736,1.1666666666666667,30
Brazil.regions.SC:Timbó,0.8698341550874047,1.2666666666666666,30
Brazil.regions.SP:Américo Brasiliense,0.8698341550874047,1.2666666666666666,30
Brazil.regions.MG:Divinópolis,0.8656656207978485,1.3,30
Brazil.regions.PR:São José dos Pinhais,0.8573285522187359,1.3666666666666667,30
Grenada,0.8531600179291797,1.4,30
Brazil.regions.MG:Varginha,0.8448229493500672,1.4666666666666666,30
Brazil.regions.BA:Candeias,0.840654415060511,1.5,30
Brazil.regions.PI:Parnaíba,0.8198117436127297,1.6666666666666667,30
Brazil.regions.SC:Tubarão,0.8073061407440609,1.7666666666666666,30
Brazil.regions.PA:Benevides,0.7656207978484985,2.1,30
Brazil.regions.PR:Londrina,0.6572389063200359,2.966666666666667,30
Brazil.regions.SP:Bragança Paulista,0.5947108919766921,3.466666666666667,30
Brazil.regions.AL:Satuba,0.765189570163372,2.103448275862069,29
Brazil.regions.MG:Conselheiro Lafaiete,0.8454642623176913,1.4615384615384615,26
Brazil.regions.SP:Serrana,0.8631645002241147,1.32,25
Brazil.regions.PB:Guarabira,0.4092111160914388,4.95,20
Brazil.regions.SE:Barra dos Coqueiros,0.7634139267540274,2.1176470588235294,17
Brazil.regions.SE:Carmópolis,0.8614970865082923,1.3333333333333333,3
