region,similarity,distance,days
Maldives,0.6567741935483871,0.6129032258064516,31
Brazil.regions.SP:Americana,0.0606451612903226,1.6774193548387097,31
Brazil.regions.MG:Vespasiano,1.0,0.0,1
