region,similarity,distance,days
Brazil.regions.RS:Dois Irmãos,0.9493515069420928,0.475,40
Brazil.regions.MG:Coronel Fabriciano,0.9353521842194379,0.575,40
Brazil.regions.SP:Taubaté,0.8478564172028445,1.2,40
Brazil.regions.BA:Feira de Santana,0.8443565865221808,1.225,40
Brazil.regions.SC:Brusque,0.7148628513376227,2.15,40
Brazil.regions.RJ:Itaguaí,0.6938638672536404,2.3,40
Brazil.regions.PR:Piraquara,0.9117507619370132,0.7435897435897436,39
Brazil.regions.PE:Cabo de Santo Agostinho,0.11127666779546219,6.461538461538462,39
Brazil.regions.SP:Jacareí,0.7598606743747278,1.8285714285714285,35
Brazil.regions.SC:Capivari de Baixo,0.908520149001016,0.7666666666666667,30
Brazil.regions.RJ:Armação dos Búzios,0.8558560301872188,1.1428571428571428,28
Brazil.regions.MG:São José da Lapa,0.9793283175547343,0.2608695652173913,23
Brazil.regions.SP:Cosmópolis,0.9505181171689807,0.4666666666666667,15
