region,similarity,distance,days
Brazil.regions.RS:Erechim,0.9934459163428213,0.660377358490566,53
Luxembourg,0.09812700220941262,69.30188679245283,53
Brazil.regions.SC:Içara,0.992407366090583,0.74,50
Brazil.regions.RS:Passo Fundo,0.9262967359722247,5.808510638297872,47
Brazil.regions.CE:Itaitinga,0.962632832868129,3.022727272727273,44
Brazil.regions.RJ:Angra dos Reis,0.9620192689547437,3.0697674418604652,43
Brazil.regions.ES:Viana,0.9716248762878931,2.3333333333333335,42
Brazil.regions.RS:Guaíba,0.9965160382377675,0.425,40
Brazil.regions.RJ:Três Rios,0.9850027261769757,1.3076923076923077,39
Brazil.regions.SP:Mirassol,0.9933638823576524,0.6666666666666666,36
Brazil.regions.SP:Boituva,0.9926392488219937,0.7222222222222222,36
Brazil.regions.PE:Lagoa do Carro,0.9922769320541645,0.75,36
Brazil.regions.SP:Caraguatatuba,0.9752480439661864,2.0555555555555554,36
Brazil.regions.SP:Caçapava,0.9928523763324816,0.7058823529411765,34
Brazil.regions.PE:Chã Grande,0.9820595992013775,1.5333333333333334,30
Brazil.regions.RJ:Saquarema,0.9764074576232401,1.9666666666666666,30
Brazil.regions.SP:Leme,0.9918110962098124,0.7857142857142857,28
Brazil.regions.SP:Monte Mor,0.9899822591912454,0.9259259259259259,27
Brazil.regions.AL:Rio Largo,0.9793543006682519,1.7407407407407407,27
Brazil.regions.PE:Cupira,0.996039452335469,0.46153846153846156,26
Brazil.regions.PE:Surubim,0.9905210892562224,0.8846153846153846,26
Brazil.regions.MG:Viçosa,0.9935529171930416,0.6521739130434783,23
Brazil.regions.PE:Nazaré da Mata,0.9896682513257933,0.95,20
Brazil.regions.PE:Camocim de São Félix,0.9972540202859251,0.3684210526315789,19
Brazil.regions.AL:Santa Luzia do Norte,0.9948131494289697,0.5555555555555556,18
Brazil.regions.PB:Lagoa Seca,0.9951030028432332,0.5333333333333333,15
Brazil.regions.SP:Igaraçu do Tietê,0.9933638823576524,0.6666666666666666,15
