region,similarity,distance,days
Brazil.regions.PE:Surubim,0.9929452054794521,0.7,20
Brazil.regions.SP:Caçapava,0.9929452054794521,0.7,20
Brazil.regions.RS:Guaíba,0.9896917808219178,0.95,20
Brazil.regions.SC:Imbituba,0.9896917808219178,0.95,20
Brazil.regions.ES:Viana,0.989041095890411,1.0,20
Brazil.regions.PE:Lagoa do Carro,0.989041095890411,1.0,20
Brazil.regions.CE:Itaitinga,0.9883904109589041,1.05,20
Brazil.regions.PE:Cupira,0.9883904109589041,1.05,20
Brazil.regions.RJ:Três Rios,0.9877397260273972,1.1,20
Brazil.regions.RS:Erechim,0.9877397260273972,1.1,20
Brazil.regions.SP:Boituva,0.9877397260273972,1.1,20
Brazil.regions.SP:Mirassol,0.9877397260273972,1.1,20
Brazil.regions.RJ:Angra dos Reis,0.9870890410958905,1.15,20
Brazil.regions.SC:Içara,0.9864383561643836,1.2,20
Brazil.regions.SP:Monte Mor,0.9864383561643836,1.2,20
Brazil.regions.MG:Viçosa,0.9857876712328767,1.25,20
Brazil.regions.SP:Leme,0.9857876712328767,1.25,20
Brazil.regions.PE:Chã Grande,0.9831849315068493,1.45,20
Brazil.regions.SP:Caraguatatuba,0.9818835616438356,1.55,20
Brazil.regions.RS:Passo Fundo,0.9812328767123287,1.6,20
Brazil.regions.AL:Rio Largo,0.9747260273972602,2.1,20
Brazil.regions.RJ:Saquarema,0.9747260273972602,2.1,20
Luxembourg,0.7782191780821918,17.2,20
Brazil.regions.AL:Santa Luzia do Norte,0.9876712328767123,1.105263157894737,19
Brazil.regions.PE:Camocim de São Félix,0.9856164383561644,1.263157894736842,19
Brazil.regions.PB:Lagoa Seca,0.9882277397260274,1.0625,16
Brazil.regions.SP:Igaraçu do Tietê,0.9866010273972603,1.1875,16
