region,similarity,distance,days
New_Caledonia,0.8932912391475927,1.8571428571428572,7
Brazil.regions.AM:Urucará,0.8850828729281768,2.0,7
Brazil.regions.PA:Santarém,0.8768745067087609,2.142857142857143,7
Brazil.regions.AC:Sena Madureira,0.860457774269929,2.4285714285714284,7
Brazil.regions.AM:Tefé,0.860457774269929,2.4285714285714284,7
Brazil.regions.MT:Aripuanã,0.860457774269929,2.4285714285714284,7
Brazil.regions.RR:Amajari,0.860457774269929,2.4285714285714284,7
Brazil.regions.RR:Alto Alegre,0.852249408050513,2.5714285714285716,7
Brazil.regions.AC:Feijó,0.8440410418310971,2.7142857142857144,7
Brazil.regions.AM:Boca do Acre,0.8440410418310971,2.7142857142857144,7
Brazil.regions.AP:Oiapoque,0.8440410418310971,2.7142857142857144,7
Brazil.regions.MT:Cáceres,0.8440410418310971,2.7142857142857144,7
Brazil.regions.PA:Alenquer,0.8440410418310971,2.7142857142857144,7
Brazil.regions.PA:Marabá,0.8440410418310971,2.7142857142857144,7
Brazil.regions.PA:Óbidos,0.8440410418310971,2.7142857142857144,7
Sweden.regions.Gävleborg,0.8440410418310971,2.7142857142857144,7
Belize,0.8358326756116812,2.857142857142857,7
Sweden.regions.Dalarna,0.8358326756116812,2.857142857142857,7
Brazil.regions.AM:Carauari,0.8194159431728493,3.142857142857143,7
Brazil.regions.AM:Presidente Figueiredo,0.8194159431728493,3.142857142857143,7
Brazil.regions.RO:Guajará-Mirim,0.8029992107340174,3.4285714285714284,7
Sweden.regions.Västernorrland,0.7865824782951855,3.7142857142857144,7
Sweden.regions.Värmland,0.7537490134175218,4.285714285714286,7
