region,similarity,distance,days
Brazil.regions.SC:Imbituba,0.9620192689547437,3.0697674418604652,43
Brazil.regions.RS:Erechim,0.9614125990179131,3.116279069767442,43
Brazil.regions.SC:Içara,0.9611092640494979,3.13953488372093,43
Brazil.regions.CE:Itaitinga,0.9374491365131087,4.953488372093023,43
Brazil.regions.RS:Passo Fundo,0.9195523733766091,6.325581395348837,43
Luxembourg,0.029567576046276134,74.55813953488372,43
Brazil.regions.ES:Viana,0.9545442286616537,3.642857142857143,42
Brazil.regions.RS:Guaíba,0.9658640396794069,2.775,40
Brazil.regions.RJ:Três Rios,0.9692837525573036,2.5128205128205128,39
Brazil.regions.SP:Boituva,0.9824943793227727,1.5,36
Brazil.regions.SP:Mirassol,0.9795958451801382,1.7222222222222223,36
Brazil.regions.PE:Lagoa do Carro,0.9792335284123088,1.75,36
Brazil.regions.SP:Caraguatatuba,0.9665524415382826,2.7222222222222223,36
Brazil.regions.SP:Caçapava,0.9782744546151136,1.8235294117647058,34
Brazil.regions.PE:Chã Grande,0.9698857558023124,2.466666666666667,30
Brazil.regions.RJ:Saquarema,0.9677118551953364,2.6333333333333333,30
Brazil.regions.SP:Leme,0.9908794245211084,0.8571428571428571,28
Brazil.regions.SP:Monte Mor,0.9933638823576524,0.6666666666666666,27
Brazil.regions.AL:Rio Largo,0.9779050335969347,1.8518518518518519,27
Brazil.regions.PE:Cupira,0.9975444604479907,0.34615384615384615,26
Brazil.regions.PE:Surubim,0.9940327748521065,0.6153846153846154,26
Brazil.regions.MG:Viçosa,0.9941200216992092,0.6086956521739131,23
Brazil.regions.PE:Nazaré da Mata,0.9870595705974222,1.15,20
Brazil.regions.PE:Camocim de São Félix,0.9972540202859251,0.3684210526315789,19
Brazil.regions.AL:Santa Luzia do Norte,0.9948131494289697,0.5555555555555556,18
Brazil.regions.PB:Lagoa Seca,0.9933638823576524,0.6666666666666666,15
Brazil.regions.SP:Igaraçu do Tietê,0.9933638823576524,0.6666666666666666,15
