region,similarity,distance,days
Brazil.regions.SP:Mogi das Cruzes,0.7368926459100547,5.475,40
Brazil.regions.PR:Almirante Tamandaré,0.7343494029684188,5.525,40
Brazil.regions.RS:Gravataí,0.7305345385559647,5.6,40
Brazil.regions.MG:Timóteo,0.7254480526726927,5.7,40
Brazil.regions.PI:Teresina,0.6885710300189711,6.425,40
Mauritius,0.45204943644682527,11.075,40
Brazil.regions.CE:Pacatuba,0.7225611282524573,5.756756756756757,37
