region,similarity,distance,days
Brazil.regions.MG:Coronel Fabriciano,1.0,0.11538461538461539,52
Brazil.regions.SP:Taubaté,0.8599640933572711,1.1153846153846154,52
Brazil.regions.BA:Feira de Santana,0.8249551166965889,1.3653846153846154,52
Brazil.regions.SC:Brusque,0.7516457211250749,1.8888888888888888,45
Brazil.regions.RJ:Itaguaí,0.697576301615799,2.275,40
Brazil.regions.PR:Piraquara,0.9515260323159784,0.46153846153846156,39
Brazil.regions.GO:Senador Canedo,0.947935368043088,0.48717948717948717,39
Brazil.regions.PE:Cabo de Santo Agostinho,0.04308797127468589,6.948717948717949,39
Brazil.regions.SP:Jacareí,0.7607983947618545,1.8235294117647058,34
Brazil.regions.SC:Capivari de Baixo,0.9388967993561568,0.5517241379310345,29
Brazil.regions.RJ:Armação dos Búzios,0.8811233649653758,0.9642857142857143,28
Brazil.regions.MG:São José da Lapa,0.997062183776726,0.13636363636363635,22
Brazil.regions.SP:Cosmópolis,0.9461400359066428,0.5,14
