region,similarity,distance,days
Brazil.regions.SP:Mairiporã,0.7819177392453661,3.5813953488372094,43
Brazil.regions.SP:Itupeva,0.7705887906347357,3.7674418604651163,43
Brazil.regions.MG:Poços de Caldas,0.769172672058407,3.7906976744186047,43
Brazil.regions.RJ:Seropédica,0.7677565534820783,3.813953488372093,43
Brazil.regions.MT:Várzea Grande,0.7649243163294206,3.86046511627907,43
Brazil.regions.RS:Caxias do Sul,0.7592598420241055,3.953488372093023,43
Brazil.regions.PR:Matinhos,0.7578437234477766,3.9767441860465116,43
Brazil.regions.RN:Passa e Fica,0.7564276048714479,4.0,43
Saint_Lucia,0.7564276048714479,4.0,43
Brazil.regions.SE:Propriá,0.7550114862951192,4.023255813953488,43
United_States_Virgin_Islands,0.7295213519212009,4.441860465116279,43
Guam,0.6587154231047613,5.604651162790698,43
Brazil.regions.CE:Caucaia,0.14608049847373883,14.023255813953488,43
Brazil.regions.RJ:São Pedro da Aldeia,0.7796249758360719,3.619047619047619,42
Brazil.regions.PR:Araucária,0.7579128024027195,3.975609756097561,41
Brazil.regions.PR:Arapongas,0.7549424073401763,4.024390243902439,41
Brazil.regions.SP:Águas de Lindóia,0.7625169147496617,3.9,40
Brazil.regions.SP:Atibaia,0.7736025814510252,3.717948717948718,39
Brazil.regions.SP:São Roque,0.7877440556736903,3.4857142857142858,35
Brazil.regions.PE:Moreno,0.7755654359172627,3.6857142857142855,35
Brazil.regions.SP:Sertãozinho,0.8029929157048475,3.235294117647059,34
Brazil.regions.PE:Garanhuns,0.8468446303358347,2.515151515151515,33
Brazil.regions.SP:Artur Nogueira,0.8265469307417886,2.8484848484848486,33
Brazil.regions.PE:Santa Cruz do Capibaribe,0.8683923348902178,2.161290322580645,31
Brazil.regions.PE:São José da Coroa Grande,0.847767253044655,2.5,30
Brazil.regions.SP:Aparecida,0.928958051420839,1.1666666666666667,24
Brazil.regions.RJ:Pinheiral,0.9137347767253045,1.4166666666666667,24
Brazil.regions.ES:Piúma,0.90733658880979,1.5217391304347827,23
Brazil.regions.PE:Condado,0.913467701730646,1.4210526315789473,19
Brazil.regions.ES:Marataízes,0.7792625169147497,3.625,16
Brazil.regions.SE:Pedrinhas,0.878213802435724,2.0,2
