region,similarity,distance,days
Malta,0.7824309973840815,10.346938775510203,49
Brazil.regions.SP:Campinas,0.7351716415299017,11.0,49
Brazil.regions.SP:Sorocaba,0.8968401161773454,8.76595744680851,47
Brazil.regions.SP:Santos,0.0,21.15909090909091,44
