region,similarity,distance,days
Brazil.regions.GO:Goiânia,0.22809458608785327,16.07017543859649,57
Brazil.regions.GO:Aparecida de Goiânia,0.0,19.78181818181818,55
Brazil.regions.RN:Parnamirim,0.16167727790192687,17.150943396226417,53
