region,similarity,distance,days
Honduras,0.015080236499052102,214.9016393442623,61
Cuba,-2.220446049250313e-16,217.86885245901638,61
Benin,0.1667767631051955,185.05357142857142,56
