region,similarity,distance,days
Brazil.regions.SP:Jaguariúna,0.8017729623245506,1.6666666666666667,45
Brazil.regions.SP:Rio Claro,0.7879832553558237,1.7333333333333334,45
Brazil.regions.GO:Anápolis,0.7833866863662481,1.7555555555555555,45
Brazil.regions.PR:Foz do Iguaçu,0.7282278584913404,2.022222222222222,45
Brazil.regions.CE:Horizonte,0.3409064399486774,3.8947368421052633,38
Brazil.regions.SP:Catanduva,0.6855454321595666,2.2285714285714286,35
Brazil.regions.PE:Vitória de Santo Antão,0.011819748830337429,5.485714285714286,35
Brazil.regions.SP:Presidente Prudente,0.6050668482118285,2.6176470588235294,34
