region,similarity,distance,days
Brazil.regions.RS:Ivoti,0.6683673469387755,1.7346938775510203,49
Brazil.regions.BA:Camaçari,0.5357142857142858,2.4285714285714284,49
Brazil.regions.PE:Caruaru,0.5240096038415366,2.489795918367347,49
Brazil.regions.MG:Juiz de Fora,0.3523409363745498,3.3877551020408165,49
Brazil.regions.RJ:Petrópolis,0.2548019207683073,3.8979591836734695,49
Brazil.regions.SP:Itatiba,0.633578431372549,1.9166666666666667,36
Brazil.regions.RJ:Porto Real,0.6340336134453781,1.9142857142857144,35
Brazil.regions.PE:Igarassu,0.10966386554621843,4.6571428571428575,35
Brazil.regions.MA:Raposa,0.6176470588235294,2.0,34
Brazil.regions.SP:Ourinhos,0.6002673796791445,2.090909090909091,33
Brazil.regions.SP:Mongaguá,0.5780933062880325,2.206896551724138,29
Brazil.regions.PE:Ilha de Itamaracá,0.5835084033613447,2.1785714285714284,28
Brazil.regions.PE:Lagoa de Itaenga,0.5488235294117647,2.36,25
Brazil.regions.MG:Igarapé,0.8609625668449198,0.7272727272727273,11
Brazil.regions.BA:Santo Antônio de Jesus,0.8852941176470588,0.6,10
