region,similarity,distance,days
Brazil.regions.AL:Maceió,1.0,4.093023255813954,43
Brazil.regions.RJ:Duque de Caxias,0.6896753812947584,11.86046511627907,43
Bahrain,0.587472662559499,14.418604651162791,43
