region,similarity,distance,days
Sweden.regions.Jämtland Härjedalen,0.6000704721634955,5.27906976744186,43
Sweden.regions.Västerbotten,0.5683579985905567,5.6976744186046515,43
Brazil.regions.PA:Novo Progresso,0.9475524475524475,0.6923076923076923,39
Brazil.regions.AM:Manicoré,0.9554367201426025,0.5882352941176471,34
Brazil.regions.AM:Maués,0.53125,6.1875,32
Brazil.regions.AP:Laranjal do Jari,0.4612794612794613,7.111111111111111,27
Brazil.regions.RR:Rorainópolis,0.8455710955710956,2.0384615384615383,26
Brazil.regions.AM:Coari,0.0,13.2,25
Brazil.regions.AM:Canutama,0.9209486166007905,1.0434782608695652,23
Brazil.regions.AM:Novo Aripuanã,0.8821548821548821,1.5555555555555556,18
Brazil.regions.AM:Humaitá,0.9668560606060606,0.4375,16
Brazil.regions.AM:Borba,0.8333333333333333,2.2,15
Brazil.regions.RR:Caracaraí,0.9558080808080808,0.5833333333333334,12
Brazil.regions.PA:Jacareacanga,1.0,0.0,4
Brazil.regions.AM:Apuí,0.696969696969697,4.0,4
Brazil.regions.AM:Pauini,1.0,0.0,2
Brazil.regions.AM:Japurá,0.5454545454545454,6.0,1
