region,similarity,distance,days
Curaçao,0.72543570742418,2.357142857142857,56
Brazil.regions.RJ:Barra Mansa,0.707252641690682,2.5,56
Brazil.regions.MG:Divinópolis,0.6640678605736242,2.8392857142857144,56
Brazil.regions.SC:Tubarão,0.6667539952842546,2.8181818181818183,55
Brazil.regions.SC:Jaraguá do Sul,0.7012487992315082,2.547169811320755,53
Brazil.regions.SC:Chapecó,0.0,8.056603773584905,53
Grenada,0.6996157540826129,2.56,50
Brazil.regions.PI:Parnaíba,0.5842138968940122,3.466666666666667,45
Brazil.regions.PR:São José dos Pinhais,0.7188236835210898,2.409090909090909,44
Brazil.regions.BA:Candeias,0.6314898678011069,3.0952380952380953,42
Brazil.regions.RS:Tramandaí,0.684978386167147,2.675,40
Brazil.regions.PA:Benevides,0.6175028941599546,3.2051282051282053,39
Brazil.regions.MG:Varginha,0.6469614237322412,2.973684210526316,38
Brazil.regions.SC:Timbó,0.6860390650016011,2.6666666666666665,36
Brazil.regions.SP:Bragança Paulista,0.505420612048854,4.085714285714285,35
Brazil.regions.MG:Itajubá,0.7191852785782901,2.40625,32
Brazil.regions.SP:Américo Brasiliense,0.725728982677946,2.3548387096774195,31
Brazil.regions.MG:Nova Serrana,0.7030099263528657,2.533333333333333,30
Brazil.regions.PE:Itapissuma,0.6478546269612552,2.966666666666667,30
Brazil.regions.AL:Satuba,0.7390730067243035,2.25,28
Brazil.regions.MG:Conselheiro Lafaiete,0.6843419788664745,2.68,25
Brazil.regions.SP:Serrana,0.6542186999679795,2.9166666666666665,24
Brazil.regions.PB:Guarabira,0.4828353304009303,4.2631578947368425,19
Brazil.regions.SE:Barra dos Coqueiros,0.7409447929027518,2.235294117647059,17
Brazil.regions.SE:Carmópolis,0.8981748318924111,1.0,3
