region,similarity,distance,days
Brazil.regions.BA:Conceição do Jacuípe,0.8938053097345132,0.4,30
Brazil.regions.MG:Ubá,0.8761061946902655,0.4666666666666667,30
Brazil.regions.PE:Machados,0.8584070796460177,0.5333333333333333,30
Saint_Vincent_and_the_Grenadines,0.8230088495575221,0.6666666666666666,30
Brazil.regions.CE:Pindoretama,0.7699115044247787,0.8666666666666667,30
Brazil.regions.MG:Pouso Alegre,0.7345132743362832,1.0,30
Brazil.regions.SE:Itabaiana,0.7256637168141593,1.0333333333333334,30
Brazil.regions.SP:Itu,0.7256637168141593,1.0333333333333334,30
Cayman_Islands,0.4336283185840708,2.1333333333333333,30
Brazil.regions.RJ:Paracambi,0.38938053097345127,2.3,30
Brazil.regions.CE:Pacajus,0.2920353982300885,2.6666666666666665,30
Brazil.regions.SP:Cruzeiro,0.7819216182048041,0.8214285714285714,28
Brazil.regions.PE:Chã de Alegria,0.7345132743362832,1.0,28
Brazil.regions.SP:Santa Gertrudes,0.8918387413962635,0.4074074074074074,27
Brazil.regions.MG:Lagoa Santa,0.8893805309734513,0.4166666666666667,24
Brazil.regions.RS:Xangri-lá,0.9823008849557522,0.06666666666666667,15
Brazil.regions.MG:Juatuba,0.9795779441797141,0.07692307692307693,13
