region,similarity,distance,days
Brazil.regions.RS:Erechim,0.9952769148917913,0.52,50
Brazil.regions.SC:Imbituba,0.992407366090583,0.74,50
Luxembourg,0.06476049908181303,71.86,50
Brazil.regions.RS:Passo Fundo,0.9237990629344226,6.0,47
Brazil.regions.CE:Itaitinga,0.9632257148518497,2.977272727272727,44
Brazil.regions.RJ:Angra dos Reis,0.9611092640494979,3.13953488372093,43
Brazil.regions.ES:Viana,0.9694509756809172,2.5,42
Brazil.regions.RS:Guaíba,0.997820378601953,0.325,40
Brazil.regions.RJ:Três Rios,0.9850027261769757,1.3076923076923077,39
Brazil.regions.SP:Mirassol,0.9948131494289697,0.5555555555555556,36
Brazil.regions.SP:Boituva,0.9926392488219937,0.7222222222222222,36
Brazil.regions.PE:Lagoa do Carro,0.9915522985185058,0.8055555555555556,36
Brazil.regions.SP:Caraguatatuba,0.9752480439661864,2.0555555555555554,36
Brazil.regions.SP:Caçapava,0.9932360058513597,0.6764705882352942,34
Brazil.regions.PE:Chã Grande,0.9820595992013775,1.5333333333333334,30
Brazil.regions.RJ:Saquarema,0.9764074576232401,1.9666666666666666,30
Brazil.regions.SP:Leme,0.9936744395872205,0.6428571428571429,28
Brazil.regions.SP:Monte Mor,0.9914315262625627,0.8148148148148148,27
Brazil.regions.AL:Rio Largo,0.9759726775018449,2.0,27
Brazil.regions.PE:Cupira,0.9965411217063096,0.4230769230769231,26
Brazil.regions.PE:Surubim,0.9920260973687441,0.7692307692307693,26
Brazil.regions.MG:Viçosa,0.9946871262053769,0.5652173913043478,23
Brazil.regions.PE:Nazaré da Mata,0.9864074004153295,1.2,20
Brazil.regions.PE:Camocim de São Félix,0.995194535500369,0.5263157894736842,19
Brazil.regions.AL:Santa Luzia do Norte,0.9897407146793592,0.9444444444444444,18
Brazil.regions.PB:Lagoa Seca,0.9977116835716043,0.3333333333333333,15
Brazil.regions.SP:Igaraçu do Tietê,0.9959725630860236,0.4666666666666667,15
