region,similarity,distance,days
Brazil.regions.RS:Campo Bom,0.9500948978452607,0.8490566037735849,53
Brazil.regions.SP:São José do Rio Preto,0.46015406944289383,3.849056603773585,53
Brazil.regions.SP:Caieiras,0.595483637241879,3.020408163265306,49
Brazil.regions.SP:Ribeirão Preto,0.020414201183431846,6.541666666666667,48
Brazil.regions.GO:Águas Lindas de Goiás,0.9467455621301775,0.8695652173913043,46
Brazil.regions.RS:Novo Hamburgo,0.8891518737672583,1.2222222222222223,45
Brazil.regions.SP:Campo Limpo Paulista,0.9254437869822485,1.0,27
