region,similarity,distance,days
Brazil.regions.CE:Horizonte,0.1832061068702291,4.6571428571428575,35
Brazil.regions.GO:Anápolis,0.06500861856685558,5.228571428571429,35
Brazil.regions.SP:Rio Claro,0.05909874415168692,5.257142857142857,35
Brazil.regions.PR:Foz do Iguaçu,0.023639497660674746,5.428571428571429,35
Brazil.regions.RN:São Gonçalo do Amarante,0.011819748830337429,5.485714285714286,35
Brazil.regions.SP:Catanduva,0.011819748830337429,5.485714285714286,35
Brazil.regions.SP:Jaguariúna,1.1102230246251565e-16,5.542857142857143,35
Brazil.regions.SP:Presidente Prudente,0.05145067137911574,5.294117647058823,34
