region,similarity,distance,days
Brazil.regions.MG:Sete Lagoas,0.9399719869272327,0.425531914893617,47
Brazil.regions.RS:Bento Gonçalves,0.6908557326752485,2.1914893617021276,47
Brazil.regions.PE:São Lourenço da Mata,0.12852664576802497,6.177777777777778,45
Brazil.regions.RJ:Maricá,0.5351239669421487,3.2954545454545454,44
Brazil.regions.BA:Dias d'Ávila,0.9278267842822775,0.5116279069767442,43
Brazil.regions.SC:Palhoça,0.8413009404388715,1.125,40
Brazil.regions.SP:Embu-Guaçu,0.786494958908752,1.5135135135135136,37
Brazil.regions.MG:Mário Campos,0.9087221095334685,0.6470588235294118,34
Brazil.regions.BA:Cruz das Almas,0.945141065830721,0.3888888888888889,18
Comoros,0.8307210031347962,1.2,10
Brazil.regions.SP:Pedreira,0.8942006269592476,0.75,4
