region,similarity,distance,days
Brazil.regions.MG:Coronel Fabriciano,0.7043633592956315,2.225,40
Brazil.regions.SP:Taubaté,0.7008635286149678,2.25,40
Brazil.regions.RS:Dois Irmãos,0.6973636979343041,2.275,40
Brazil.regions.GO:Senador Canedo,0.6938638672536404,2.3,40
Brazil.regions.BA:Feira de Santana,0.6693650524889942,2.475,40
Brazil.regions.SC:Brusque,0.6378665763630207,2.7,40
Brazil.regions.PR:Piraquara,0.739451405350491,1.9743589743589745,39
Brazil.regions.PE:Cabo de Santo Agostinho,0.16870978665763625,6.051282051282051,39
Brazil.regions.SP:Jacareí,0.7598606743747278,1.8285714285714285,35
Brazil.regions.SC:Capivari de Baixo,0.7871926854046732,1.6333333333333333,30
Brazil.regions.RJ:Armação dos Búzios,0.7758599003434764,1.7142857142857142,28
Brazil.regions.MG:São José da Lapa,0.8819417247014827,0.9565217391304348,23
Brazil.regions.SP:Cosmópolis,0.894520826278361,0.8666666666666667,15
