region,similarity,distance,days
Brazil.regions.RS:Guaíba,0.9967789707515735,0.40540540540540543,37
Brazil.regions.RS:Erechim,0.9960755275823769,0.4594594594594595,37
Brazil.regions.SC:Içara,0.9946686412439837,0.5675675675675675,37
Brazil.regions.SC:Imbituba,0.9936134764901888,0.6486486486486487,37
Brazil.regions.SP:Boituva,0.9932617549055905,0.6756756756756757,37
Brazil.regions.RJ:Três Rios,0.9844687152906331,1.3513513513513513,37
Brazil.regions.RJ:Angra dos Reis,0.9798963346908552,1.7027027027027026,37
Brazil.regions.SP:Caraguatatuba,0.9774342835986671,1.8918918918918919,37
Brazil.regions.CE:Itaitinga,0.9728619029988893,2.2432432432432434,37
Brazil.regions.ES:Viana,0.9703998519067012,2.4324324324324325,37
Brazil.regions.RS:Passo Fundo,0.9433172898926323,4.513513513513513,37
Luxembourg,0.004924102184376,76.62162162162163,37
Brazil.regions.PE:Lagoa do Carro,0.9908485540334855,0.8611111111111112,36
Brazil.regions.SP:Caçapava,0.9923874755381604,0.7428571428571429,35
Brazil.regions.PE:Chã Grande,0.9803652968036529,1.6666666666666667,30
Brazil.regions.RJ:Saquarema,0.975593607305936,2.033333333333333,30
Brazil.regions.SP:Leme,0.991284837033538,0.8275862068965517,29
Brazil.regions.SP:Monte Mor,0.9918297455968689,0.7857142857142857,28
Brazil.regions.AL:Rio Largo,0.9769569471624266,1.9285714285714286,28
Brazil.regions.PE:Cupira,0.9960484720758693,0.46153846153846156,26
Brazil.regions.PE:Surubim,0.9945468914646997,0.5769230769230769,26
Brazil.regions.MG:Viçosa,0.995005707762557,0.5416666666666666,24
Brazil.regions.PE:Nazaré da Mata,0.9877397260273972,1.1,20
Brazil.regions.PE:Camocim de São Félix,0.9952054794520548,0.5263157894736842,19
Brazil.regions.AL:Santa Luzia do Norte,0.9904109589041096,0.8947368421052632,19
Brazil.regions.SP:Igaraçu do Tietê,0.9931078767123288,0.6875,16
Brazil.regions.PB:Lagoa Seca,0.9898544520547945,0.9375,16
