region,similarity,distance,days
Brazil.regions.PR:Pinhais,0.3558687896980771,6.333333333333333,42
Brazil.regions.CE:Maracanaú,0.3339921194267318,6.523809523809524,42
Brazil.regions.SP:Praia Grande,0.29050556754588686,6.902439024390244,41
Brazil.regions.MG:Ribeirão das Neves,0.36256851996867656,6.275,40
