region,similarity,distance,days
Brazil.regions.RS:Alvorada,1.0,0.5789473684210527,38
Brazil.regions.RS:Cachoeirinha,0.9631728045325779,0.9210526315789473,38
Brazil.regions.RS:Porto Alegre,-2.220446049250313e-16,9.868421052631579,38
