region,similarity,distance,days
Brazil.regions.AM:Boca do Acre,1.0,0.0,9
Brazil.regions.PA:Marabá,1.0,0.0,9
Brazil.regions.AP:Oiapoque,0.9936157151626764,0.1111111111111111,9
Brazil.regions.PA:Óbidos,0.9936157151626764,0.1111111111111111,9
Brazil.regions.RR:Alto Alegre,0.9936157151626764,0.1111111111111111,9
Belize,0.987231430325353,0.2222222222222222,9
Brazil.regions.MT:Aripuanã,0.987231430325353,0.2222222222222222,9
Brazil.regions.MT:Cáceres,0.987231430325353,0.2222222222222222,9
Brazil.regions.PA:Alenquer,0.9808471454880294,0.3333333333333333,9
Brazil.regions.AM:Tefé,0.974462860650706,0.4444444444444444,9
Sweden.regions.Gävleborg,0.961694290976059,0.6666666666666666,9
Brazil.regions.AM:Carauari,0.9553100061387354,0.7777777777777778,9
Brazil.regions.AM:Presidente Figueiredo,0.9553100061387354,0.7777777777777778,9
Brazil.regions.PA:Santarém,0.9361571516267648,1.1111111111111112,9
Sweden.regions.Dalarna,0.9361571516267648,1.1111111111111112,9
Brazil.regions.RO:Guajará-Mirim,0.9233885819521179,1.3333333333333333,9
Sweden.regions.Västernorrland,0.9170042971147944,1.4444444444444444,9
New_Caledonia,0.9106200122774708,1.5555555555555556,9
Brazil.regions.AM:Urucará,0.8403928790669122,2.7777777777777777,9
Sweden.regions.Värmland,0.8020871700429711,3.4444444444444446,9
Brazil.regions.AC:Sena Madureira,0.9671665351223362,0.5714285714285714,7
Brazil.regions.RR:Amajari,0.9343330702446725,1.1428571428571428,7
Brazil.regions.PA:Portel,0.8440410418310971,2.7142857142857144,7
