region,similarity,distance,days
Brazil.regions.SC:Jaraguá do Sul,0.8165841523190227,1.641025641025641,39
Brazil.regions.RJ:Barra Mansa,0.8100568979531515,1.6923076923076923,39
Brazil.regions.RS:Tramandaí,0.8002660164043449,1.7692307692307692,39
Curaçao,0.7904751348555383,1.8461538461538463,39
Brazil.regions.BA:Candeias,0.7643661173920541,2.051282051282051,39
Brazil.regions.PR:São José dos Pinhais,0.7611024902091185,2.076923076923077,39
Grenada,0.7611024902091185,2.076923076923077,39
Brazil.regions.SC:Chapecó,0.7447843542944408,2.2051282051282053,39
Brazil.regions.SC:Tubarão,0.7382570999285696,2.2564102564102564,39
Brazil.regions.MG:Divinópolis,0.7349934727456342,2.282051282051282,39
Brazil.regions.PI:Parnaíba,0.7349934727456342,2.282051282051282,39
Brazil.regions.PR:Londrina,0.6175028941599546,3.2051282051282053,39
Brazil.regions.MG:Varginha,0.7876409323019364,1.868421052631579,38
Brazil.regions.SC:Timbó,0.7602865834133845,2.0833333333333335,36
Brazil.regions.SP:Bragança Paulista,0.5381501303691505,3.8285714285714287,35
Brazil.regions.MG:Itajubá,0.810668828049952,1.6875,32
Brazil.regions.SP:Américo Brasiliense,0.8242694679433548,1.5806451612903225,31
Brazil.regions.MG:Nova Serrana,0.8218059558117194,1.6,30
Brazil.regions.PE:Itapissuma,0.7581652257444764,2.1,30
Brazil.regions.AL:Satuba,0.8027137367915466,1.75,28
Brazil.regions.MG:Conselheiro Lafaiete,0.8981748318924111,1.0,25
Brazil.regions.SP:Serrana,0.8398374959974384,1.4583333333333333,24
Brazil.regions.PB:Guarabira,0.4560392335305121,4.473684210526316,19
Brazil.regions.SE:Barra dos Coqueiros,0.7634062270441319,2.0588235294117645,17
Brazil.regions.SE:Carmópolis,0.8981748318924111,1.0,3
