region,similarity,distance,days
Brazil.regions.SC:Porto Belo,0.8832579185520362,0.46153846153846156,39
Brazil.regions.RS:Torres,0.8767722473604826,0.48717948717948717,39
Brazil.regions.ES:Cachoeiro de Itapemirim,0.8638009049773756,0.5384615384615384,39
Brazil.regions.RS:São Sebastião do Caí,0.8573152337858221,0.5641025641025641,39
Brazil.regions.SP:Tatuí,0.7924585218702866,0.8205128205128205,39
Brazil.regions.SP:Assis,0.773001508295626,0.8974358974358975,39
Brazil.regions.SP:Votuporanga,0.773001508295626,0.8974358974358975,39
Brazil.regions.PB:Patos,0.643288084464555,1.4102564102564104,39
Brazil.regions.RJ:Teresópolis,0.46817496229260935,2.1025641025641026,39
Liechtenstein,0.41628959276018107,2.3076923076923075,39
Brazil.regions.SP:Araraquara,0.2346907993966818,3.0256410256410255,39
Brazil.regions.RJ:Tanguá,0.7128775834658188,1.135135135135135,37
Brazil.regions.SP:Birigui,0.6767973856209151,1.2777777777777777,36
Brazil.regions.PE:Macaparana,0.8482352941176471,0.6,35
Brazil.regions.SP:Pindamonhangaba,0.7904201680672269,0.8285714285714286,35
Brazil.regions.PE:Arcoverde,0.6503460207612457,1.3823529411764706,34
Brazil.regions.SC:Cocal do Sul,0.8926916221033868,0.42424242424242425,33
Brazil.regions.PE:João Alfredo,0.8850267379679144,0.45454545454545453,33
Brazil.regions.SC:Balneário Piçarras,0.8850267379679144,0.45454545454545453,33
Brazil.regions.PR:Paiçandu,0.9209558823529411,0.3125,32
Brazil.regions.SP:Porto Ferreira,0.8972426470588235,0.40625,32
Brazil.regions.PR:Apucarana,0.7296146044624747,1.0689655172413792,29
Brazil.regions.SP:Mairinque,0.882563025210084,0.4642857142857143,28
Brazil.regions.BA:Irecê,0.8969498910675382,0.4074074074074074,27
Brazil.regions.CE:Uruburetama,0.7344117647058823,1.05,20
Brazil.regions.SP:Barrinha,0.9467492260061919,0.21052631578947367,19
Brazil.regions.SP:Barra Bonita,0.8454248366013072,0.6111111111111112,18
Brazil.regions.SP:Bom Jesus dos Perdões,0.9256055363321799,0.29411764705882354,17
Brazil.regions.SP:Holambra,0.8512110726643598,0.5882352941176471,17
Brazil.regions.MG:Raposos,0.8988235294117647,0.4,10
Brazil.regions.PB:Nova Floresta,0.9051470588235294,0.375,8
Brazil.regions.PB:São Sebastião de Lagoa de Roça,0.8915966386554622,0.42857142857142855,7
Brazil.regions.AL:Cajueiro,0.8735294117647059,0.5,2
Brazil.regions.RS:Portão,0.49411764705882355,2.0,1
