region,similarity,distance,days
Brazil.regions.MG:Santa Luzia,1.0,0.20512820512820512,39
Brazil.regions.SC:Criciúma,0.9317561419472248,1.435897435897436,39
Brazil.regions.RS:Lajeado,0.9203821656050956,1.641025641025641,39
Brazil.regions.SP:Arujá,0.916116924476797,1.7179487179487178,39
Brazil.regions.ES:Serra,0.15263876251137398,15.487179487179487,39
Brazil.regions.SP:Cubatão,0.8432968181301184,3.03125,32
