region,similarity,distance,days
Brazil.regions.BA:Conceição do Jacuípe,0.9262536873156342,0.2777777777777778,36
Saint_Vincent_and_the_Grenadines,0.8525073746312684,0.5555555555555556,36
Brazil.regions.SP:Itu,0.7566371681415929,0.9166666666666666,36
Brazil.regions.MG:Pouso Alegre,0.7123893805309734,1.0833333333333333,36
Brazil.regions.SE:Itabaiana,0.6533923303834808,1.3055555555555556,36
Brazil.regions.CE:Pindoretama,0.6091445427728612,1.4722222222222223,36
Cayman_Islands,0.44690265486725655,2.0833333333333335,36
Brazil.regions.RJ:Paracambi,0.3279867256637168,2.53125,32
Brazil.regions.PE:Machados,0.911504424778761,0.3333333333333333,30
Brazil.regions.CE:Pacajus,0.2920353982300885,2.6666666666666665,30
Brazil.regions.SC:Rio do Sul,0.8718339945071711,0.4827586206896552,29
Brazil.regions.PE:Chã de Alegria,0.7155499367888749,1.0714285714285714,28
Brazil.regions.SP:Cruzeiro,0.8426745329400196,0.5925925925925926,27
Brazil.regions.SP:Santa Gertrudes,0.9489448604492852,0.19230769230769232,26
Brazil.regions.MG:Lagoa Santa,0.9191996921893035,0.30434782608695654,23
Brazil.regions.RS:Xangri-lá,0.9241466498103666,0.2857142857142857,14
Brazil.regions.MG:Juatuba,0.911504424778761,0.3333333333333333,12
