region,similarity,distance,days
Brazil.regions.BA:Lauro de Freitas,0.968199922456029,2.0285714285714285,35
Brazil.regions.PE:Paulista,0.09782171936131956,20.742857142857144,35
Brazil.regions.SP:Várzea Paulista,0.9743399950653837,1.896551724137931,29
