region,similarity,distance,days
Brazil.regions.PR:Maringá,0.06594597383833423,1.6122448979591837,49
Brazil.regions.SP:Louveira,0.6177307206068269,1.0208333333333333,48
Brazil.regions.PR:Fazenda Rio Grande,0.7281921618204804,0.9024390243902439,41
Brazil.regions.SP:Salto,0.5853350189633375,1.0555555555555556,36
