region,similarity,distance,days
Brazil.regions.PR:Maringá,0.03518120731438634,1.6458333333333333,48
Brazil.regions.SP:Louveira,0.6477197620621282,1.0,47
Brazil.regions.PR:Fazenda Rio Grande,0.7402511566424322,0.9024390243902439,41
Brazil.regions.SP:Salto,0.6206212822207535,1.0285714285714285,35
