region,similarity,distance,days
Brazil.regions.SP:Suzano,0.8926005094438736,9.415094339622641,53
Brazil.regions.PA:Belém,0.1239745872744753,58.18867924528302,53
Brazil.regions.SP:Rio Grande da Serra,0.9779373139555244,4.0,35
