region,similarity,distance,days
Brazil.regions.SP:Nova Odessa,0.9769523391768639,0.6176470588235294,34
Brazil.regions.SP:Paulínia,0.9372702796726816,0.7941176470588235,34
Brazil.regions.SP:Indaiatuba,0.9108155733365602,0.9117647058823529,34
Brazil.regions.SP:Santana de Parnaíba,0.890974543584469,1.0,34
Brazil.regions.SC:Itajaí,0.8182241011601349,1.3235294117647058,34
Brazil.regions.SP:Cotia,0.5602907143829503,2.4705882352941178,34
Brazil.regions.MG:São Lourenço,0.9523013628182052,0.7272727272727273,33
Brazil.regions.PE:Abreu e Lima,0.16186680380560547,4.242424242424242,33
