region,similarity,distance,days
Brazil.regions.PA:Novo Progresso,0.9663924794359577,0.9565217391304348,23
Bhutan,0.9648648648648649,1.0,23
Brazil.regions.AM:Novo Airão,0.963337250293772,1.0434782608695652,23
Brazil.regions.RO:Porto Velho,0.9434782608695652,1.608695652173913,23
Brazil.regions.RR:Rorainópolis,0.9251468860164512,2.130434782608696,23
Brazil.regions.AM:Maués,0.8350176263219742,4.695652173913044,23
Brazil.regions.AP:Laranjal do Jari,0.8304347826086956,4.826086956521739,23
Estonia,0.6012925969447709,11.347826086956522,23
Brazil.regions.AM:Novo Aripuanã,0.9433933933933933,1.6111111111111112,18
Brazil.regions.AM:Humaitá,0.9802364864864865,0.5625,16
Brazil.regions.AM:Borba,0.9273873873873874,2.066666666666667,15
Brazil.regions.AM:Pauini,1.0,0.0,2
