region,similarity,distance,days
Brazil.regions.MG:Juiz de Fora,0.17864923747276684,4.296296296296297,54
Brazil.regions.BA:Camaçari,0.7222530521642619,1.4528301886792452,53
Brazil.regions.RJ:Petrópolis,0.26470588235294124,3.8461538461538463,52
Brazil.regions.PE:Caruaru,0.6902941176470588,1.62,50
Brazil.regions.SC:Camboriú,0.6683673469387755,1.7346938775510203,49
Brazil.regions.SP:Itatiba,0.9044117647058824,0.5,36
Brazil.regions.RJ:Porto Real,0.961764705882353,0.2,35
Brazil.regions.PE:Igarassu,0.19705882352941173,4.2,35
Brazil.regions.MA:Raposa,0.8200692041522492,0.9411764705882353,34
Brazil.regions.SP:Ourinhos,0.8377896613190731,0.8484848484848485,33
Brazil.regions.SP:Mongaguá,0.8879310344827587,0.5862068965517241,29
Brazil.regions.PE:Ilha de Itamaracá,0.8566176470588236,0.75,28
Brazil.regions.PE:Lagoa de Itaenga,0.9388235294117647,0.32,25
Brazil.regions.MG:Igarapé,0.8783422459893049,0.6363636363636364,11
Brazil.regions.BA:Santo Antônio de Jesus,0.961764705882353,0.2,10
