region,similarity,distance,days
Brazil.regions.PI:Teresina,0.5153665885503851,9.830188679245284,53
Mauritius,0.34261801138265824,13.226415094339623,53
Brazil.regions.MG:Timóteo,0.5759053677044972,8.64,50
Brazil.regions.RS:Gravataí,0.6158766692705427,7.854166666666667,48
Brazil.regions.PR:Almirante Tamandaré,0.6794330989844883,6.604651162790698,43
Brazil.regions.RJ:Magé,0.7368926459100547,5.475,40
Brazil.regions.CE:Pacatuba,0.7459314687972204,5.297297297297297,37
