region,similarity,distance,days
Brazil.regions.SP:Ribeirão Pires,0.48394160583941614,1.6285714285714286,35
Brazil.regions.PR:Colombo,0.391970802919708,1.8,35
Sint_Maarten,0.36131386861313874,1.8571428571428572,35
Brazil.regions.MG:Betim,0.3306569343065693,1.9142857142857144,35
Brazil.regions.SP:Vargem Grande Paulista,0.3306569343065693,1.9142857142857144,35
Brazil.regions.PA:Marituba,0.17737226277372242,2.2,35
