region,similarity,distance,days
Brazil.regions.RJ:Barra Mansa,0.7591443138993571,2.0923076923076924,65
Curaçao,0.8027137367915466,1.75,60
Brazil.regions.PR:Londrina,0.6640678605736242,2.8392857142857144,56
Brazil.regions.SC:Tubarão,0.7199807877041307,2.4,55
Brazil.regions.SC:Jaraguá do Sul,0.7853025936599424,1.8867924528301887,53
Brazil.regions.SC:Chapecó,0.26657060518732,5.962264150943396,53
Grenada,0.8421709894332373,1.44,50
Brazil.regions.PI:Parnaíba,0.7624079410822926,2.066666666666667,45
Brazil.regions.PR:São José dos Pinhais,0.8721399877739935,1.2045454545454546,44
Brazil.regions.BA:Candeias,0.8678697223365811,1.2380952380952381,42
Brazil.regions.RS:Tramandaí,0.9013568683957733,0.975,40
Brazil.regions.PA:Benevides,0.7349934727456342,2.282051282051282,39
Brazil.regions.MG:Varginha,0.8546311744779818,1.3421052631578947,38
Brazil.regions.SC:Timbó,0.9547443697299605,0.5555555555555556,36
Brazil.regions.SP:Bragança Paulista,0.6363386853300398,3.057142857142857,35
Brazil.regions.MG:Itajubá,0.92601765129683,0.78125,32
Brazil.regions.SP:Américo Brasiliense,0.9392333674196647,0.6774193548387096,31
Brazil.regions.MG:Nova Serrana,0.957572846621838,0.5333333333333333,30
Brazil.regions.PE:Itapissuma,0.8599903938520653,1.3,30
Brazil.regions.AL:Satuba,0.8936290654590366,1.0357142857142858,28
Brazil.regions.MG:Conselheiro Lafaiete,0.8930835734870317,1.04,25
Brazil.regions.SP:Serrana,0.8663544668587897,1.25,24
Brazil.regions.PB:Guarabira,0.44264118509530315,4.578947368421052,19
Brazil.regions.SE:Barra dos Coqueiros,0.7409447929027518,2.235294117647059,17
Brazil.regions.SE:Carmópolis,0.8981748318924111,1.0,3
