region,similarity,distance,days
Luxembourg,0.10303081154506488,68.92592592592592,54
Brazil.regions.SC:Imbituba,0.9934459163428213,0.660377358490566,53
Brazil.regions.SC:Içara,0.9952769148917913,0.52,50
Brazil.regions.RS:Passo Fundo,0.9235215437080001,6.0212765957446805,47
Brazil.regions.CE:Itaitinga,0.962632832868129,3.022727272727273,44
Brazil.regions.RJ:Angra dos Reis,0.9614125990179131,3.116279069767442,43
Brazil.regions.ES:Viana,0.9703826473696211,2.4285714285714284,42
Brazil.regions.RS:Guaíba,0.9987986338750923,0.25,40
Brazil.regions.RJ:Três Rios,0.9866749574131111,1.1794871794871795,39
Brazil.regions.SP:Mirassol,0.996262416500287,0.4444444444444444,36
Brazil.regions.SP:Boituva,0.994088515893311,0.6111111111111112,36
Brazil.regions.PE:Lagoa do Carro,0.9937261991254818,0.6388888888888888,36
Brazil.regions.SP:Caraguatatuba,0.9774219445731622,1.8888888888888888,36
Brazil.regions.SP:Caçapava,0.9947705239268722,0.5588235294117647,34
Brazil.regions.PE:Chã Grande,0.9824943793227727,1.5,30
Brazil.regions.RJ:Saquarema,0.9751031172590546,2.066666666666667,30
Brazil.regions.SP:Leme,0.9960036188089804,0.4642857142857143,28
Brazil.regions.SP:Monte Mor,0.99288079333388,0.7037037037037037,27
Brazil.regions.AL:Rio Largo,0.9764557665256174,1.962962962962963,27
Brazil.regions.PE:Cupira,0.998547799189672,0.2692307692307692,26
Brazil.regions.PE:Surubim,0.9940327748521065,0.6153846153846154,26
Brazil.regions.MG:Viçosa,0.9969555442300474,0.391304347826087,23
Brazil.regions.PE:Nazaré da Mata,0.987711740779515,1.1,20
Brazil.regions.PE:Camocim de São Félix,0.9979405152144438,0.3157894736842105,19
Brazil.regions.AL:Santa Luzia do Norte,0.9926392488219937,0.7222222222222222,18
Brazil.regions.PB:Lagoa Seca,0.9959725630860236,0.4666666666666667,15
Brazil.regions.SP:Igaraçu do Tietê,0.9942334426004428,0.6,15
