region,similarity,distance,days
Brazil.regions.RS:Porto Alegre,0.15024465619366456,8.472727272727273,55
Brazil.regions.RS:Cachoeirinha,0.9897226431253706,0.6744186046511628,43
Brazil.regions.RS:Esteio,1.0,0.5789473684210527,38
