region,similarity,distance,days
Brazil.regions.RS:Sapiranga,0.7728146853146853,2.5681818181818183,44
Aruba,0.704458041958042,3.340909090909091,44
Brazil.regions.RJ:Itaboraí,0.4069055944055945,6.704545454545454,44
San_Marino,0.2782342657342659,8.159090909090908,44
Brazil.regions.SP:Bauru,0.6029516994633275,4.488372093023256,43
Brazil.regions.SP:Franca,0.7691369606003753,2.6097560975609757,41
Brazil.regions.RJ:Iguaba Grande,0.8208086785009863,2.0256410256410255,39
Brazil.regions.PE:Carpina,0.8364801864801865,1.8484848484848484,33
Brazil.regions.RS:Imbé,0.9086848635235732,1.032258064516129,31
Brazil.regions.SC:Penha,0.8877218934911243,1.2692307692307692,26
Brazil.regions.GO:Novo Gama,0.9203846153846154,0.9,20
Brazil.regions.SC:Bombinhas,1.0,0.0,8
