region,similarity,distance,days
Brazil.regions.RS:Lajeado,0.026829478029065434,17.274509803921568,51
Brazil.regions.SC:Criciúma,0.0,17.745098039215687,51
Brazil.regions.SP:Arujá,0.04248000687935338,17.0,48
Brazil.regions.MG:Santa Luzia,0.029810531143405927,17.22222222222222,45
Brazil.regions.PR:Sarandi,0.12872989938945745,15.487179487179487,39
Brazil.regions.SP:Cubatão,0.4052877211360314,10.636363636363637,33
