region,similarity,distance,days
Barbados,0.22636815920398012,6.098039215686274,51
Brazil.regions.SP:São José dos Campos,0.0,7.882352941176471,51
Brazil.regions.PB:Campina Grande,0.34912394548994163,5.130434782608695,46
Brazil.regions.RJ:Rio das Ostras,0.22150610583446395,6.136363636363637,44
Brazil.regions.SP:Votorantim,0.33848614072494665,5.214285714285714,42
Brazil.regions.CE:Eusébio,0.2264288314524936,6.097560975609756,41
Brazil.regions.BA:Simões Filho,0.4825216025137471,4.078947368421052,38
Brazil.regions.AL:Arapiraca,0.5982587064676617,3.1666666666666665,24
Brazil.regions.BA:Madre de Deus,0.8006396588486141,1.5714285714285714,7
