region,similarity,distance,days
Brazil.regions.SP:Valinhos,0.6177307206068269,1.0208333333333333,48
Brazil.regions.PR:Maringá,0.4039190897597976,1.25,48
Brazil.regions.PR:Fazenda Rio Grande,0.5916561314791403,1.048780487804878,41
Brazil.regions.SP:Salto,1.0,0.6111111111111112,36
