region,similarity,distance,days
Brazil.regions.PR:Pinhais,0.3073132532421644,6.7560975609756095,41
Brazil.regions.SP:Guarujá,0.29050556754588686,6.902439024390244,41
Brazil.regions.CE:Maracanaú,0.10001846298807548,8.560975609756097,41
Brazil.regions.MG:Ribeirão das Neves,0.31088488645262335,6.725,40
