region,similarity,distance,days
Brazil.regions.AM:Jutaí,0.8804347826086957,0.6111111111111112,36
Brazil.regions.MS:Corumbá,0.9440993788819876,0.2857142857142857,35
Brazil.regions.AM:Lábrea,0.8183229813664596,0.9285714285714286,28
Brazil.regions.AM:Santa Isabel do Rio Negro,0.9510869565217391,0.25,24
Brazil.regions.AM:Tapauá,0.1630434782608695,4.277777777777778,18
Brazil.regions.PA:Almeirim,0.9539641943734015,0.23529411764705882,17
Brazil.regions.PA:São Félix do Xingu,0.8742236024844721,0.6428571428571429,14
Brazil.regions.AM:Atalaia do Norte,0.967391304347826,0.16666666666666666,12
