region,similarity,distance,days
Brazil.regions.RS:Erechim,0.9937261991254818,0.6388888888888888,36
Brazil.regions.SP:Boituva,0.9930015655898231,0.6944444444444444,36
Brazil.regions.RS:Guaíba,0.9926392488219937,0.7222222222222222,36
Brazil.regions.SC:Imbituba,0.9922769320541645,0.75,36
Brazil.regions.SC:Içara,0.9915522985185058,0.8055555555555556,36
Brazil.regions.SP:Mirassol,0.9908276649828471,0.8611111111111112,36
Brazil.regions.RJ:Três Rios,0.9904653482150179,0.8888888888888888,36
Brazil.regions.CE:Itaitinga,0.9810451122514554,1.6111111111111112,36
Brazil.regions.RJ:Angra dos Reis,0.9792335284123088,1.75,36
Brazil.regions.SP:Caraguatatuba,0.977059627805333,1.9166666666666667,36
Brazil.regions.ES:Viana,0.9701756092165758,2.4444444444444446,36
Brazil.regions.RS:Passo Fundo,0.9415525845580593,4.638888888888889,36
Luxembourg,0.008224590629725581,76.19444444444444,36
Brazil.regions.SP:Caçapava,0.9893997106625787,0.9705882352941176,34
Brazil.regions.PE:Chã Grande,0.9829291594441679,1.4666666666666666,30
Brazil.regions.RJ:Saquarema,0.9755378973804498,2.033333333333333,30
Brazil.regions.SP:Leme,0.9936744395872205,0.6428571428571429,28
Brazil.regions.SP:Monte Mor,0.9890160811437005,1.0,27
Brazil.regions.AL:Rio Largo,0.9774219445731622,1.8888888888888888,27
Brazil.regions.PE:Cupira,0.9945344442229471,0.5769230769230769,26
Brazil.regions.PE:Surubim,0.9930294361104254,0.6923076923076923,26
Brazil.regions.MG:Viçosa,0.9952542307115445,0.5217391304347826,23
Brazil.regions.PE:Nazaré da Mata,0.9890160811437005,1.0,20
Brazil.regions.PE:Camocim de São Félix,0.9979405152144438,0.3157894736842105,19
Brazil.regions.AL:Santa Luzia do Norte,0.994088515893311,0.6111111111111112,18
Brazil.regions.PB:Lagoa Seca,0.9977116835716043,0.3333333333333333,15
Brazil.regions.SP:Igaraçu do Tietê,0.9959725630860236,0.4666666666666667,15
