region,similarity,distance,days
Brazil.regions.PR:Pinhais,1.0,0.7073170731707317,41
Brazil.regions.SP:Guarujá,0.3793760721773938,6.121951219512195,41
Brazil.regions.SP:Praia Grande,0.315077196772349,6.682926829268292,41
Brazil.regions.CE:Maracanaú,0.11658936400025433,8.414634146341463,41
