region,similarity,distance,days
Brazil.regions.AM:Boca do Acre,0.9123000872346613,1.5263157894736843,38
Belize,0.898691480081419,1.763157894736842,38
Brazil.regions.PA:Marabá,0.8926432102355336,1.868421052631579,38
New_Caledonia,0.8926432102355336,1.868421052631579,38
Sweden.regions.Värmland,0.8518173887758069,2.5789473684210527,38
Brazil.regions.PA:Santarém,0.8004070950857807,3.473684210526316,38
Sweden.regions.Västernorrland,0.7852864204710672,3.736842105263158,38
Sweden.regions.Gävleborg,0.5796452457109624,7.315789473684211,38
Sweden.regions.Dalarna,0.3104972375690608,12.0,38
Brazil.regions.MT:Aripuanã,0.9138121546961326,1.5,36
Brazil.regions.MT:Cáceres,0.9122160834868017,1.5277777777777777,36
Brazil.regions.RR:Alto Alegre,0.9097079715864246,1.5714285714285714,35
Brazil.regions.AM:Presidente Figueiredo,0.7414364640883978,4.5,34
Brazil.regions.AM:Tefé,0.35179558011049716,11.28125,32
Brazil.regions.PA:Óbidos,0.9486977111286503,0.8928571428571429,28
Brazil.regions.AM:Carauari,0.6994475138121548,5.230769230769231,26
Brazil.regions.PA:Alenquer,0.9727827856935155,0.47368421052631576,19
Brazil.regions.AM:Urucará,0.8005849853753656,3.4705882352941178,17
Brazil.regions.RO:Guajará-Mirim,0.9233885819521179,1.3333333333333333,12
Brazil.regions.AC:Feijó,0.9936157151626764,0.1111111111111111,9
Brazil.regions.AC:Sena Madureira,0.9671665351223362,0.5714285714285714,7
Brazil.regions.RR:Amajari,0.9343330702446725,1.1428571428571428,7
Brazil.regions.PA:Portel,0.8440410418310971,2.7142857142857144,7
