region,similarity,distance,days
Brazil.regions.RS:Sapiranga,0.6358676207513416,4.116279069767442,43
Aruba,0.6194096601073347,4.3023255813953485,43
Brazil.regions.SP:Cajamar,0.6029516994633275,4.488372093023256,43
Brazil.regions.RJ:Itaboraí,0.34579606440071564,7.395348837209302,43
San_Marino,0.27996422182468694,8.13953488372093,43
Brazil.regions.SP:Franca,0.6483114446529081,3.975609756097561,41
Brazil.regions.RJ:Iguaba Grande,0.6461538461538462,4.0,39
Brazil.regions.PE:Carpina,0.7024475524475524,3.3636363636363638,33
Brazil.regions.RS:Imbé,0.6803970223325062,3.6129032258064515,31
Brazil.regions.SC:Penha,0.7107988165680474,3.269230769230769,26
Brazil.regions.GO:Novo Gama,0.7523076923076923,2.8,20
Brazil.regions.SC:Bombinhas,0.9115384615384615,1.0,8
