region,similarity,distance,days
Brazil.regions.SP:Mogi das Cruzes,0.5153665885503851,9.830188679245284,53
Mauritius,0.0,19.962264150943398,53
Brazil.regions.MG:Timóteo,0.29818323847784856,14.1,50
Brazil.regions.RS:Gravataí,0.3933429118773948,12.229166666666666,48
Brazil.regions.PR:Almirante Tamandaré,0.5575940185247182,9.0,43
Brazil.regions.RJ:Magé,0.6885710300189711,6.425,40
Brazil.regions.CE:Pacatuba,0.710188595022877,6.0,37
