region,similarity,distance,days
Sint_Maarten,0.4747474747474749,1.6296296296296295,54
Brazil.regions.PR:Colombo,1.0,0.6666666666666666,51
Brazil.regions.MG:Betim,0.9927272727272727,0.68,50
Brazil.regions.SP:Ribeirão Pires,0.23863636363636354,2.0625,48
Brazil.regions.PA:Marituba,0.22077922077922074,2.0952380952380953,42
Brazil.regions.RJ:Japeri,0.3194805194805195,1.9142857142857144,35
