region,similarity,distance,days
Brazil.regions.SP:Taubaté,0.900853853224324,0.8214285714285714,28
Brazil.regions.PR:Piraquara,0.8958540951090901,0.8571428571428571,28
Brazil.regions.RS:Dois Irmãos,0.8808548207633883,0.9642857142857143,28
Brazil.regions.MG:Coronel Fabriciano,0.8758550626481544,1.0,28
Brazil.regions.BA:Feira de Santana,0.8608557883024527,1.1071428571428572,28
Brazil.regions.GO:Senador Canedo,0.8558560301872188,1.1428571428571428,28
Brazil.regions.SC:Capivari de Baixo,0.8508562720719849,1.1785714285714286,28
Brazil.regions.SC:Brusque,0.8108582071501137,1.4642857142857142,28
Brazil.regions.RJ:Itaguaí,0.7758599003434764,1.7142857142857142,28
Brazil.regions.SP:Jacareí,0.7658603841130085,1.7857142857142858,28
Brazil.regions.PE:Cabo de Santo Agostinho,0.5208722364665473,3.5357142857142856,28
Brazil.regions.MG:São José da Lapa,0.9062883729147956,0.782608695652174,23
Brazil.regions.SP:Cosmópolis,0.8478564172028445,1.2,15
