region,similarity,distance,days
Norway,0.03444724362774165,121.15,60
Congo,1.0,6.842105263157895,57
