region,similarity,distance,days
Brazil.regions.SP:Valinhos,0.03518120731438634,1.6458333333333333,48
Brazil.regions.SP:Louveira,0.42574285272320733,1.2340425531914894,47
Brazil.regions.PR:Fazenda Rio Grande,0.0,1.6829268292682926,41
Brazil.regions.SP:Salto,0.21414408460013223,1.457142857142857,35
