region,similarity,distance,days
Brazil.regions.AM:Manicoré,0.8455710955710956,2.0384615384615383,26
Brazil.regions.AM:Novo Airão,0.8455710955710956,2.0384615384615383,26
Brazil.regions.PA:Novo Progresso,0.8455710955710956,2.0384615384615383,26
Sweden.regions.Västerbotten,0.6998834498834499,3.9615384615384617,26
Sweden.regions.Jämtland Härjedalen,0.6911421911421911,4.076923076923077,26
Brazil.regions.AM:Maués,0.5979020979020979,5.3076923076923075,26
Brazil.regions.AP:Laranjal do Jari,0.5192307692307692,6.346153846153846,26
Brazil.regions.AM:Coari,0.10606060606060597,11.8,25
Brazil.regions.AM:Canutama,0.8386034255599473,2.130434782608696,23
Brazil.regions.AM:Novo Aripuanã,0.8695286195286195,1.7222222222222223,18
Brazil.regions.AM:Humaitá,0.8910984848484849,1.4375,16
Brazil.regions.AM:Borba,0.8131313131313131,2.466666666666667,15
Brazil.regions.RR:Caracaraí,0.898989898989899,1.3333333333333333,12
Brazil.regions.PA:Jacareacanga,0.9621212121212122,0.5,4
Brazil.regions.AM:Apuí,0.7348484848484849,3.5,4
Brazil.regions.AM:Pauini,1.0,0.0,2
Brazil.regions.AM:Japurá,0.5454545454545454,6.0,1
