region,similarity,distance,days
Brazil.regions.AM:Boca do Acre,1.0,0.0,10
Brazil.regions.PA:Marabá,1.0,0.0,10
Brazil.regions.AP:Oiapoque,0.9942541436464089,0.1,10
Brazil.regions.RR:Alto Alegre,0.9942541436464089,0.1,10
Belize,0.9885082872928177,0.2,10
Brazil.regions.MT:Aripuanã,0.9885082872928177,0.2,10
Brazil.regions.MT:Cáceres,0.9885082872928177,0.2,10
Brazil.regions.PA:Óbidos,0.9885082872928177,0.2,10
Brazil.regions.PA:Alenquer,0.9827624309392266,0.3,10
Brazil.regions.AM:Tefé,0.9712707182320443,0.5,10
Brazil.regions.AM:Presidente Figueiredo,0.9597790055248618,0.7,10
Sweden.regions.Gävleborg,0.9597790055248618,0.7,10
Brazil.regions.RO:Guajará-Mirim,0.9310497237569061,1.2,10
Brazil.regions.PA:Santarém,0.9253038674033149,1.3,10
New_Caledonia,0.9195580110497238,1.4,10
Sweden.regions.Västernorrland,0.9195580110497238,1.4,10
Sweden.regions.Dalarna,0.9138121546961326,1.5,10
Brazil.regions.AM:Urucará,0.8161325966850829,3.2,10
Sweden.regions.Värmland,0.8161325966850829,3.2,10
Brazil.regions.AM:Carauari,0.7874033149171271,3.7,10
Brazil.regions.AC:Sena Madureira,0.9281767955801105,1.25,8
Brazil.regions.RR:Amajari,0.9343330702446725,1.1428571428571428,7
Brazil.regions.PA:Portel,0.8440410418310971,2.7142857142857144,7
