region,similarity,distance,days
Brazil.regions.RS:Erechim,0.9962210675484175,0.4482758620689655,29
Brazil.regions.SP:Boituva,0.9953235710911668,0.5172413793103449,29
Brazil.regions.RS:Guaíba,0.9948748228625414,0.5517241379310345,29
Brazil.regions.PE:Lagoa do Carro,0.9939773264052905,0.6206896551724138,29
Brazil.regions.SC:Içara,0.9939773264052905,0.6206896551724138,29
Brazil.regions.SC:Imbituba,0.9921823334907889,0.7586206896551724,29
Brazil.regions.RJ:Angra dos Reis,0.991284837033538,0.8275862068965517,29
Brazil.regions.SP:Mirassol,0.991284837033538,0.8275862068965517,29
Brazil.regions.RJ:Três Rios,0.9908360888049126,0.8620689655172413,29
Brazil.regions.SP:Caçapava,0.9908360888049126,0.8620689655172413,29
Brazil.regions.ES:Viana,0.9832073689182805,1.4482758620689655,29
Brazil.regions.PE:Chã Grande,0.9832073689182805,1.4482758620689655,29
Brazil.regions.SP:Caraguatatuba,0.9827586206896551,1.4827586206896552,29
Brazil.regions.CE:Itaitinga,0.9796173830892773,1.7241379310344827,29
Brazil.regions.RJ:Saquarema,0.9742324043457723,2.1379310344827585,29
Brazil.regions.RS:Passo Fundo,0.9652574397732641,2.8275862068965516,29
Luxembourg,0.17187057156353325,63.793103448275865,29
Brazil.regions.SP:Monte Mor,0.989041095890411,1.0,28
Brazil.regions.AL:Rio Largo,0.9741682974559687,2.142857142857143,28
Brazil.regions.PE:Cupira,0.9935458377239199,0.6538461538461539,26
Brazil.regions.PE:Surubim,0.9880400421496311,1.0769230769230769,26
Brazil.regions.MG:Viçosa,0.9917522831050228,0.7916666666666666,24
Brazil.regions.PE:Nazaré da Mata,0.9857876712328767,1.25,20
Brazil.regions.PE:Camocim de São Félix,0.9931506849315068,0.6842105263157895,19
Brazil.regions.AL:Santa Luzia do Norte,0.9897260273972602,0.9473684210526315,19
Brazil.regions.SP:Igaraçu do Tietê,0.9931078767123288,0.6875,16
Brazil.regions.PB:Lagoa Seca,0.9898544520547945,0.9375,16
