region,similarity,distance,days
Brazil.regions.PA:Novo Progresso,0.9621212121212122,0.5,12
Brazil.regions.AM:Canutama,0.9558080808080808,0.5833333333333334,12
Brazil.regions.AM:Manicoré,0.9558080808080808,0.5833333333333334,12
Brazil.regions.AM:Novo Airão,0.9558080808080808,0.5833333333333334,12
Brazil.regions.AM:Humaitá,0.9494949494949495,0.6666666666666666,12
Brazil.regions.AM:Novo Aripuanã,0.9305555555555556,0.9166666666666666,12
Brazil.regions.RR:Rorainópolis,0.898989898989899,1.3333333333333333,12
Brazil.regions.AM:Borba,0.8926767676767676,1.4166666666666667,12
Brazil.regions.AP:Laranjal do Jari,0.8737373737373737,1.6666666666666667,12
Sweden.regions.Västerbotten,0.8232323232323232,2.3333333333333335,12
Brazil.regions.AM:Maués,0.7916666666666666,2.75,12
Sweden.regions.Jämtland Härjedalen,0.779040404040404,2.9166666666666665,12
Brazil.regions.AM:Coari,0.577020202020202,5.583333333333333,12
Brazil.regions.PA:Jacareacanga,1.0,0.0,4
Brazil.regions.AM:Apuí,0.696969696969697,4.0,4
Brazil.regions.AM:Pauini,1.0,0.0,2
Brazil.regions.AM:Japurá,0.5454545454545454,6.0,1
