region,similarity,distance,days
Brazil.regions.RS:Estância Velha,0.9022556390977443,1.0714285714285714,42
Brazil.regions.SP:Jundiaí,0.5862443719919268,4.333333333333333,42
Brazil.regions.MA:Paço do Lumiar,0.536562645551933,4.846153846153846,39
Brazil.regions.MA:São José de Ribamar,0.072038503337991,9.64102564102564,39
Brazil.regions.SP:Águas de São Pedro,0.8970656730321379,1.125,32
