region,similarity,distance,days
Brazil.regions.RS:Erechim,0.9982459071166054,0.2926829268292683,41
Brazil.regions.SC:Içara,0.9969762779819579,0.3902439024390244,41
Brazil.regions.SC:Imbituba,0.9960240561309722,0.4634146341463415,41
Brazil.regions.ES:Viana,0.9719011025726696,2.317073170731707,41
Brazil.regions.CE:Itaitinga,0.9661877714667557,2.7560975609756095,41
Brazil.regions.RJ:Angra dos Reis,0.9646007350484463,2.8780487804878048,41
Brazil.regions.RS:Passo Fundo,0.9290511192783161,5.609756097560975,41
Luxembourg,0.0,77.0,41
Brazil.regions.RJ:Três Rios,0.9883737267298911,1.0512820512820513,39
Brazil.regions.SP:Mirassol,0.9967789707515735,0.40540540540540543,37
Brazil.regions.SP:Boituva,0.9943169196593854,0.5945945945945946,37
Brazil.regions.SP:Caraguatatuba,0.9770825620140688,1.9189189189189189,37
Brazil.regions.PE:Lagoa do Carro,0.9926560121765601,0.7222222222222222,36
Brazil.regions.SP:Caçapava,0.9949902152641878,0.5428571428571428,35
Brazil.regions.PE:Chã Grande,0.984703196347032,1.3333333333333333,30
Brazil.regions.RJ:Saquarema,0.9764611872146118,1.9666666666666666,30
Brazil.regions.SP:Leme,0.9948748228625414,0.5517241379310345,29
Brazil.regions.SP:Monte Mor,0.9941536203522505,0.6071428571428571,28
Brazil.regions.AL:Rio Largo,0.9727739726027397,2.25,28
Brazil.regions.PE:Cupira,0.9990516332982087,0.23076923076923078,26
Brazil.regions.PE:Surubim,0.9945468914646997,0.5769230769230769,26
Brazil.regions.MG:Viçosa,0.997716894977169,0.3333333333333333,24
Brazil.regions.PE:Nazaré da Mata,0.9896917808219178,0.95,20
Brazil.regions.PE:Camocim de São Félix,0.9986301369863013,0.2631578947368421,19
Brazil.regions.AL:Santa Luzia do Norte,0.9952054794520548,0.5263157894736842,19
Brazil.regions.PB:Lagoa Seca,0.9955479452054794,0.5,16
Brazil.regions.SP:Igaraçu do Tietê,0.9955479452054794,0.5,16
