region,similarity,distance,days
Brazil.regions.RJ:Porto Real,0.8200692041522492,0.9411764705882353,34
Brazil.regions.RS:Ivoti,0.8200692041522492,0.9411764705882353,34
Brazil.regions.SP:Itatiba,0.8200692041522492,0.9411764705882353,34
Brazil.regions.BA:Camaçari,0.7919550173010381,1.088235294117647,34
Brazil.regions.PE:Caruaru,0.7919550173010381,1.088235294117647,34
Brazil.regions.SC:Camboriú,0.6176470588235294,2.0,34
Brazil.regions.RJ:Petrópolis,0.4995674740484429,2.6176470588235294,34
Brazil.regions.MG:Juiz de Fora,0.49394463667820077,2.6470588235294117,34
Brazil.regions.PE:Igarassu,0.24091695501730104,3.9705882352941178,34
Brazil.regions.SP:Ourinhos,0.7335115864527629,1.393939393939394,33
Brazil.regions.SP:Mongaguá,0.8549695740365112,0.7586206896551724,29
Brazil.regions.PE:Ilha de Itamaracá,0.7883403361344538,1.1071428571428572,28
Brazil.regions.PE:Lagoa de Itaenga,0.8547058823529412,0.76,25
Brazil.regions.MG:Igarapé,0.9478609625668449,0.2727272727272727,11
Brazil.regions.BA:Santo Antônio de Jesus,0.9426470588235294,0.3,10
