region,similarity,distance,days
Barbados,0.15983969626661032,6.963636363636364,55
Brazil.regions.SC:Blumenau,0.0,8.288461538461538,52
Brazil.regions.PB:Campina Grande,0.3967517401392111,5.0,47
Brazil.regions.RJ:Rio das Ostras,0.4186880404977852,4.818181818181818,44
Brazil.regions.SP:Votorantim,0.43883882803647545,4.651162790697675,43
Brazil.regions.CE:Eusébio,0.19959255277007526,6.634146341463414,41
Brazil.regions.BA:Simões Filho,0.5142264012699963,4.026315789473684,38
Brazil.regions.AL:Arapiraca,0.5704872389791182,3.56,25
Brazil.regions.BA:Madre de Deus,1.0,0.0,7
