region,similarity,distance,days
Brazil.regions.RS:Alvorada,0.9897226431253706,0.6744186046511628,43
Brazil.regions.RS:Porto Alegre,0.07596020818235705,9.162790697674419,43
Brazil.regions.RS:Esteio,0.9631728045325779,0.9210526315789473,38
