region,similarity,distance,days
Brazil.regions.SP:Franco da Rocha,0.6625766871165644,3.5185185185185186,27
Brazil.regions.SP:Itapecerica da Serra,0.52760736196319,3.925925925925926,27
Brazil.regions.SC:Itapema,0.20858895705521463,4.888888888888889,27
Bermuda,0.0,5.518518518518518,27
