region,similarity,distance,days
Brazil.regions.MG:Sete Lagoas,0.6012177477694718,2.826923076923077,52
Brazil.regions.MG:Sabará,0.6841352051247103,2.239130434782609,46
Brazil.regions.PE:São Lourenço da Mata,0.0,7.088888888888889,45
Brazil.regions.RJ:Maricá,0.445354801937874,3.9318181818181817,44
Brazil.regions.BA:Dias d'Ávila,0.7769191514179485,1.5813953488372092,43
Brazil.regions.SC:Palhoça,0.8119122257053292,1.3333333333333333,39
Brazil.regions.SP:Embu-Guaçu,0.7648902821316614,1.6666666666666667,36
Brazil.regions.MG:Mário Campos,0.9059561128526645,0.6666666666666666,33
Brazil.regions.BA:Cruz das Almas,0.8981191222570533,0.7222222222222222,18
Comoros,0.8307210031347962,1.2,10
Brazil.regions.SP:Pedreira,0.9059561128526645,0.6666666666666666,3
