region,similarity,distance,days
Brazil.regions.SP:Valinhos,0.7281921618204804,0.9024390243902439,41
Brazil.regions.SP:Louveira,0.5916561314791403,1.048780487804878,41
Brazil.regions.PR:Maringá,0.0,1.6829268292682926,41
Brazil.regions.SP:Salto,0.740834386852086,0.8888888888888888,36
