region,similarity,distance,days
Brazil.regions.PE:Cupira,1.0,0.15789473684210525,19
Brazil.regions.RS:Guaíba,0.9986270101429626,0.2631578947368421,19
Brazil.regions.PE:Lagoa do Carro,0.9979405152144438,0.3157894736842105,19
Brazil.regions.RS:Erechim,0.9979405152144438,0.3157894736842105,19
Brazil.regions.SP:Boituva,0.9979405152144438,0.3157894736842105,19
Brazil.regions.RJ:Angra dos Reis,0.9972540202859251,0.3684210526315789,19
Brazil.regions.SC:Imbituba,0.9972540202859251,0.3684210526315789,19
Brazil.regions.MG:Viçosa,0.9965675253574064,0.42105263157894735,19
Brazil.regions.RJ:Três Rios,0.9965675253574064,0.42105263157894735,19
Brazil.regions.PE:Surubim,0.995194535500369,0.5263157894736842,19
Brazil.regions.SC:Içara,0.995194535500369,0.5263157894736842,19
Brazil.regions.SP:Mirassol,0.995194535500369,0.5263157894736842,19
Brazil.regions.SP:Monte Mor,0.995194535500369,0.5263157894736842,19
Brazil.regions.CE:Itaitinga,0.9945080405718503,0.5789473684210527,19
Brazil.regions.SP:Leme,0.9931350507148129,0.6842105263157895,19
Brazil.regions.ES:Viana,0.9924485557862941,0.7368421052631579,19
Brazil.regions.SP:Caçapava,0.9924485557862941,0.7368421052631579,19
Brazil.regions.PE:Chã Grande,0.9883295862151819,1.0526315789473684,19
Brazil.regions.RJ:Saquarema,0.9883295862151819,1.0526315789473684,19
Brazil.regions.RS:Passo Fundo,0.9883295862151819,1.0526315789473684,19
Brazil.regions.SP:Caraguatatuba,0.9876430912866632,1.105263157894737,19
Brazil.regions.PE:Nazaré da Mata,0.985583606501107,1.263157894736842,19
Brazil.regions.AL:Rio Largo,0.9800916470729573,1.6842105263157894,19
Luxembourg,0.8544630751540323,11.31578947368421,19
Brazil.regions.AL:Santa Luzia do Norte,0.9969870500359457,0.3888888888888889,18
Brazil.regions.PB:Lagoa Seca,0.9942334426004428,0.6,15
Brazil.regions.SP:Igaraçu do Tietê,0.992494322114862,0.7333333333333333,15
