region,similarity,distance,days
Liechtenstein,0.5322974472807991,1.849056603773585,53
Brazil.regions.RS:Torres,0.7373303167420815,1.0384615384615385,52
Brazil.regions.SC:Porto Belo,0.8229411764705883,0.7,50
Brazil.regions.SP:Tatuí,0.8062578222778474,0.7659574468085106,47
Brazil.regions.RJ:Teresópolis,0.4,2.372093023255814,43
Brazil.regions.PB:Patos,0.33529411764705885,2.627906976744186,43
Brazil.regions.SP:Votuporanga,0.8253501400560224,0.6904761904761905,42
Brazil.regions.RS:São Sebastião do Caí,0.8766140602582496,0.4878048780487805,41
Brazil.regions.SP:Assis,0.7976470588235294,0.8,40
Brazil.regions.SP:Araraquara,0.24750000000000005,2.975,40
Brazil.regions.SC:Araranguá,0.8638009049773756,0.5384615384615384,39
Brazil.regions.RJ:Tanguá,0.7538950715421304,0.972972972972973,37
Brazil.regions.SP:Birigui,0.7681372549019608,0.9166666666666666,36
Brazil.regions.PE:Macaparana,0.8843697478991597,0.45714285714285713,35
Brazil.regions.SP:Pindamonhangaba,0.8265546218487395,0.6857142857142857,35
Brazil.regions.PE:Arcoverde,0.6726643598615917,1.2941176470588236,34
Brazil.regions.SC:Balneário Piçarras,0.9080213903743315,0.36363636363636365,33
Brazil.regions.SC:Cocal do Sul,0.9003565062388592,0.3939393939393939,33
Brazil.regions.PE:João Alfredo,0.8620320855614974,0.5454545454545454,33
Brazil.regions.PR:Paiçandu,0.928860294117647,0.28125,32
Brazil.regions.SP:Porto Ferreira,0.9051470588235294,0.375,32
Brazil.regions.PR:Apucarana,0.7557809330628803,0.9655172413793104,29
Brazil.regions.SP:Mairinque,0.8554621848739496,0.5714285714285714,28
Brazil.regions.BA:Irecê,0.906318082788671,0.37037037037037035,27
Brazil.regions.CE:Uruburetama,0.7723529411764706,0.9,20
Brazil.regions.SP:Barrinha,0.986687306501548,0.05263157894736842,19
Brazil.regions.SP:Barra Bonita,0.8313725490196079,0.6666666666666666,18
Brazil.regions.SP:Bom Jesus dos Perdões,0.970242214532872,0.11764705882352941,17
Brazil.regions.SP:Holambra,0.8660899653979239,0.5294117647058824,17
Brazil.regions.MG:Raposos,0.9747058823529412,0.1,10
Brazil.regions.PB:Nova Floresta,1.0,0.0,8
Brazil.regions.PB:São Sebastião de Lagoa de Roça,0.9277310924369748,0.2857142857142857,7
Brazil.regions.AL:Cajueiro,1.0,0.0,2
Brazil.regions.RS:Portão,0.49411764705882355,2.0,1
