region,similarity,distance,days
Brazil.regions.SP:Mairiporã,0.7813384180095952,3.590909090909091,44
Brazil.regions.RJ:Seropédica,0.7716508795669824,3.75,44
Brazil.regions.SP:Itupeva,0.7716508795669824,3.75,44
Brazil.regions.MT:Várzea Grande,0.770266945503752,3.772727272727273,44
Brazil.regions.MG:Poços de Caldas,0.7688830114405216,3.7954545454545454,44
Brazil.regions.RS:Caxias do Sul,0.7591954729979087,3.9545454545454546,44
Brazil.regions.RN:Passa e Fica,0.7564276048714479,4.0,44
Saint_Lucia,0.7564276048714479,4.0,44
Brazil.regions.SE:Propriá,0.7550436708082175,4.0227272727272725,44
United_States_Virgin_Islands,0.7301328576700701,4.431818181818182,44
Guam,0.6623200885717799,5.545454545454546,44
Brazil.regions.CE:Caucaia,0.14196088079714597,14.090909090909092,44
Brazil.regions.PR:Matinhos,0.7578437234477766,3.9767441860465116,43
Brazil.regions.RJ:São Pedro da Aldeia,0.7796249758360719,3.619047619047619,42
Brazil.regions.PR:Araucária,0.7579128024027195,3.975609756097561,41
Brazil.regions.PR:Arapongas,0.7549424073401763,4.024390243902439,41
Brazil.regions.SP:Águas de Lindóia,0.7534572098089045,4.048780487804878,41
Brazil.regions.SP:Atibaia,0.7777401894451962,3.65,40
Brazil.regions.SP:São Roque,0.7885656292286873,3.4722222222222223,36
Brazil.regions.SP:Sertãozinho,0.8086216895418519,3.142857142857143,35
Brazil.regions.PE:Moreno,0.7755654359172627,3.6857142857142855,35
Brazil.regions.SP:Artur Nogueira,0.8083658361856244,3.1470588235294117,34
Brazil.regions.PE:Garanhuns,0.8468446303358347,2.515151515151515,33
Brazil.regions.PE:Santa Cruz do Capibaribe,0.8683923348902178,2.161290322580645,31
Brazil.regions.PE:São José da Coroa Grande,0.847767253044655,2.5,30
Brazil.regions.SP:Aparecida,0.9098782138024357,1.48,25
Brazil.regions.RJ:Pinheiral,0.9137347767253045,1.4166666666666667,24
Brazil.regions.ES:Piúma,0.9061231393775372,1.5416666666666667,24
Brazil.regions.PE:Condado,0.913467701730646,1.4210526315789473,19
Brazil.regions.ES:Marataízes,0.7671734458330016,3.823529411764706,17
Brazil.regions.SE:Pedrinhas,0.878213802435724,2.0,2
