region,similarity,distance,days
Brazil.regions.SC:Timbó,0.6739130434782609,2.8333333333333335,36
Brazil.regions.PI:Parnaíba,0.6669654863290004,2.888888888888889,36
Brazil.regions.MG:Divinópolis,0.6530703720304796,3.0,36
Brazil.regions.SC:Jaraguá do Sul,0.6461228148812193,3.0555555555555554,36
Brazil.regions.RS:Tramandaí,0.6391752577319587,3.111111111111111,36
Brazil.regions.BA:Candeias,0.6357014791573286,3.138888888888889,36
Brazil.regions.SC:Chapecó,0.6322277005826984,3.1666666666666665,36
Brazil.regions.SC:Tubarão,0.6322277005826984,3.1666666666666665,36
Brazil.regions.PR:São José dos Pinhais,0.6252801434334379,3.2222222222222223,36
Brazil.regions.RJ:Barra Mansa,0.6252801434334379,3.2222222222222223,36
Brazil.regions.MG:Varginha,0.6113850291349171,3.3333333333333335,36
Grenada,0.6113850291349171,3.3333333333333335,36
Curaçao,0.6079112505602868,3.361111111111111,36
Brazil.regions.PR:Londrina,0.528014343343792,4.0,36
Brazil.regions.PA:Benevides,0.5175930076199015,4.083333333333333,36
Brazil.regions.MG:Itajubá,0.5810684161199626,3.5757575757575757,33
Brazil.regions.SP:Américo Brasiliense,0.6335303675481847,3.15625,32
Brazil.regions.MG:Nova Serrana,0.6651725683549978,2.903225806451613,31
Brazil.regions.PE:Itapissuma,0.5947108919766921,3.466666666666667,30
Brazil.regions.AL:Satuba,0.5883862192615033,3.5172413793103448,29
Brazil.regions.MG:Conselheiro Lafaiete,0.5809226631727753,3.576923076923077,26
Brazil.regions.SP:Serrana,0.5530255490811296,3.8,25
Brazil.regions.PB:Guarabira,0.246638278798745,6.25,20
Brazil.regions.SE:Barra dos Coqueiros,0.5721517652332112,3.6470588235294117,17
Brazil.regions.SE:Carmópolis,0.31958762886597936,5.666666666666667,3
