region,similarity,distance,days
Brazil.regions.ES,0.8504629320198793,23.589285714285715,56
Brazil.regions.RN,0.6957081825637232,32.464285714285715,56
Croatia,0.5540312992587916,40.589285714285715,56
Lithuania,0.5341031222664496,41.732142857142854,56
Bosnia_and_Herzegovina,0.4961150348747976,43.910714285714285,56
Latvia,0.42076161562250425,48.232142857142854,56
