region,similarity,distance,days
Bhutan,0.2506756756756756,21.326923076923077,52
Estonia,0.1527027027027026,24.115384615384617,52
Brazil.regions.AM:Novo Airão,0.6306725329981144,10.511627906976743,43
Brazil.regions.PA:Novo Progresso,0.7243243243243243,7.846153846153846,39
Brazil.regions.AM:Maués,0.7342905405405405,7.5625,32
Brazil.regions.AP:Laranjal do Jari,0.754054054054054,7.0,28
Brazil.regions.RR:Rorainópolis,0.8797297297297297,3.423076923076923,26
Brazil.regions.AM:Canutama,0.9434782608695652,1.608695652173913,23
Brazil.regions.AM:Novo Aripuanã,0.9414414414414415,1.6666666666666667,18
Brazil.regions.AM:Humaitá,0.9802364864864865,0.5625,16
Brazil.regions.AM:Borba,0.9344144144144144,1.8666666666666667,15
Brazil.regions.AM:Pauini,0.9824324324324324,0.5,2
