region,similarity,distance,days
Brazil.regions.SE:Propriá,0.9525033829499323,0.78,50
Saint_Lucia,0.9403247631935048,0.98,50
Brazil.regions.MG:Poços de Caldas,0.9317997293640055,1.12,50
Brazil.regions.RS:Caxias do Sul,0.9110960757780785,1.46,50
Guam,0.8075778078484438,3.16,50
United_States_Virgin_Islands,0.8831846676424291,1.9183673469387754,49
Brazil.regions.SP:Mairiporã,0.9131949442892926,1.425531914893617,47
Brazil.regions.RN:Passa e Fica,0.9715832205683356,0.4666666666666667,45
Brazil.regions.CE:Caucaia,0.03653585926928271,15.822222222222223,45
Brazil.regions.RJ:Seropédica,0.9598659121663181,0.6590909090909091,44
Brazil.regions.PR:Matinhos,0.9759259842024105,0.3953488372093023,43
Brazil.regions.SP:Itupeva,0.966013154168109,0.5581395348837209,43
Brazil.regions.SP:Piracicaba,0.7649243163294206,3.86046511627907,43
Brazil.regions.RJ:São Pedro da Aldeia,0.947805915329596,0.8571428571428571,42
Brazil.regions.PR:Araucária,0.9702960493745668,0.4878048780487805,41
Brazil.regions.PR:Arapongas,0.9584144691243935,0.6829268292682927,41
Brazil.regions.SP:Águas de Lindóia,0.9756427604871448,0.4,40
Brazil.regions.SP:Atibaia,0.9266160091599875,1.205128205128205,39
Brazil.regions.SP:São Roque,0.939106901217862,1.0,35
Brazil.regions.PE:Moreno,0.8851730137251111,1.8857142857142857,35
Brazil.regions.SP:Sertãozinho,0.9552256626601926,0.7352941176470589,34
Brazil.regions.SP:Artur Nogueira,0.9741665641530324,0.42424242424242425,33
Brazil.regions.PE:Garanhuns,0.9169639562061754,1.3636363636363635,33
Brazil.regions.PE:Santa Cruz do Capibaribe,0.9685713038543804,0.5161290322580645,31
Brazil.regions.PE:São José da Coroa Grande,0.9472259810554804,0.8666666666666667,30
Brazil.regions.SP:Aparecida,0.9822395128552097,0.2916666666666667,24
Brazil.regions.RJ:Pinheiral,0.9365696887686062,1.0416666666666667,24
Brazil.regions.ES:Piúma,0.939106901217862,1.0,23
Brazil.regions.PE:Condado,0.939106901217862,1.0,19
Brazil.regions.ES:Marataízes,0.7678450608930988,3.8125,16
Brazil.regions.SE:Pedrinhas,1.0,0.0,2
