region,similarity,distance,days
Brazil.regions.MG:Santa Luzia,0.8372016666796958,3.0606060606060606,33
Brazil.regions.PR:Sarandi,0.8337463551153464,3.121212121212121,33
Brazil.regions.RS:Lajeado,0.8337463551153464,3.121212121212121,33
Brazil.regions.SP:Arujá,0.8233804204222985,3.303030303030303,33
Brazil.regions.SC:Criciúma,0.8112868299470759,3.515151515151515,33
Brazil.regions.ES:Serra,0.4052877211360314,10.636363636363637,33
