region,similarity,distance,days
Brazil.regions.SP:Ribeirão Pires,0.47532467532467537,1.6285714285714286,35
Brazil.regions.PR:Colombo,0.38181818181818183,1.8,35
Sint_Maarten,0.35064935064935066,1.8571428571428572,35
Brazil.regions.MG:Betim,0.3194805194805195,1.9142857142857144,35
Brazil.regions.SP:Vargem Grande Paulista,0.3194805194805195,1.9142857142857144,35
Brazil.regions.PA:Marituba,0.16363636363636358,2.2,35
