region,similarity,distance,days
Brazil.regions.BA:Conceição do Jacuípe,0.9446902654867256,0.20833333333333334,24
Brazil.regions.SP:Santa Gertrudes,0.9446902654867256,0.20833333333333334,24
Brazil.regions.MG:Ubá,0.9225663716814159,0.2916666666666667,24
Brazil.regions.PE:Machados,0.911504424778761,0.3333333333333333,24
Brazil.regions.SC:Rio do Sul,0.8893805309734513,0.4166666666666667,24
Saint_Vincent_and_the_Grenadines,0.8783185840707964,0.4583333333333333,24
Brazil.regions.SP:Cruzeiro,0.8561946902654867,0.5416666666666666,24
Brazil.regions.SP:Itu,0.8561946902654867,0.5416666666666666,24
Brazil.regions.SE:Itabaiana,0.8451327433628318,0.5833333333333334,24
Brazil.regions.CE:Pindoretama,0.8119469026548672,0.7083333333333334,24
Brazil.regions.PE:Chã de Alegria,0.8119469026548672,0.7083333333333334,24
Brazil.regions.MG:Pouso Alegre,0.7345132743362832,1.0,24
Brazil.regions.RJ:Paracambi,0.5243362831858407,1.7916666666666667,24
Cayman_Islands,0.4247787610619469,2.1666666666666665,24
Brazil.regions.CE:Pacajus,0.41371681415929196,2.2083333333333335,24
Brazil.regions.RS:Xangri-lá,0.911504424778761,0.3333333333333333,15
Brazil.regions.MG:Juatuba,0.8978897208985704,0.38461538461538464,13
