region,similarity,distance,days
Brazil.regions.SC:Imbituba,0.9255993150684931,5.875,48
Brazil.regions.RS:Erechim,0.9234303652968037,6.041666666666667,48
Brazil.regions.SC:Içara,0.9226170091324201,6.104166666666667,48
Luxembourg,0.11983447488584464,67.79166666666667,48
Brazil.regions.CE:Itaitinga,0.9269302615193026,5.7727272727272725,44
Brazil.regions.ES:Viana,0.9354730805989169,5.116279069767442,43
Brazil.regions.RJ:Angra dos Reis,0.9197355845810767,6.325581395348837,43
Brazil.regions.RS:Guaíba,0.9290511192783161,5.609756097560975,41
Brazil.regions.RJ:Três Rios,0.932982086406744,5.3076923076923075,39
Brazil.regions.SP:Mirassol,0.9433172898926323,4.513513513513513,37
Brazil.regions.SP:Boituva,0.9422621251388374,4.594594594594595,37
Brazil.regions.SP:Caraguatatuba,0.9412069603850426,4.675675675675675,37
Brazil.regions.PE:Lagoa do Carro,0.941685692541857,4.638888888888889,36
Brazil.regions.SP:Caçapava,0.9522309197651664,3.8285714285714287,35
Brazil.regions.RJ:Saquarema,0.9617123287671233,3.1,30
Brazil.regions.PE:Chã Grande,0.9595433789954337,3.2666666666666666,30
Brazil.regions.SP:Leme,0.9652574397732641,2.8275862068965516,29
Brazil.regions.SP:Monte Mor,0.976027397260274,2.0,28
Brazil.regions.AL:Rio Largo,0.9713796477495108,2.357142857142857,28
Brazil.regions.PE:Cupira,0.9805321390937829,1.6538461538461537,26
Brazil.regions.PE:Surubim,0.9800316122233931,1.6923076923076923,26
Brazil.regions.MG:Viçosa,0.9803652968036529,1.6666666666666667,24
Brazil.regions.PE:Nazaré da Mata,0.9812328767123287,1.6,20
Brazil.regions.PE:Camocim de São Félix,0.9883561643835617,1.0526315789473684,19
Brazil.regions.AL:Santa Luzia do Norte,0.9849315068493151,1.3157894736842106,19
Brazil.regions.SP:Igaraçu do Tietê,0.9841609589041096,1.375,16
Brazil.regions.PB:Lagoa Seca,0.9825342465753425,1.5,16
