region,similarity,distance,days
Brazil.regions.SP:Santana de Parnaíba,0.16417872754655982,4.232142857142857,56
Brazil.regions.SC:Itajaí,0.0,4.962264150943396,53
Brazil.regions.SP:Paulínia,0.14994214451015664,4.295454545454546,44
Brazil.regions.SP:Nova Odessa,0.23729720679076938,3.9069767441860463,43
Brazil.regions.SP:Indaiatuba,0.29668846196231113,3.642857142857143,42
Brazil.regions.MG:João Monlevade,0.5602907143829503,2.4705882352941178,34
Brazil.regions.MG:São Lourenço,0.5638981743378759,2.4545454545454546,33
Brazil.regions.PE:Abreu e Lima,0.2504499871432243,3.8484848484848486,33
