region,similarity,distance,days
Brazil.regions.SP:São José do Rio Preto,0.17886728655959427,5.571428571428571,56
Brazil.regions.CE:Juazeiro do Norte,0.9500948978452607,0.8490566037735849,53
Brazil.regions.SP:Caieiras,0.5188262287163385,3.489795918367347,49
Brazil.regions.SP:Ribeirão Preto,0.0034023668639053817,6.645833333333333,48
Brazil.regions.GO:Águas Lindas de Goiás,1.0,0.5434782608695652,46
Brazil.regions.RS:Novo Hamburgo,0.8855226824457594,1.2444444444444445,45
Brazil.regions.SP:Campo Limpo Paulista,0.9133464825772518,1.0740740740740742,27
