region,similarity,distance,days
Brazil.regions.SC:Criciúma,0.7169503047845578,5.169811320754717,53
Brazil.regions.ES:Serra,0.026829478029065434,17.274509803921568,51
Brazil.regions.SP:Arujá,0.7919586808839969,3.8541666666666665,48
Brazil.regions.MG:Santa Luzia,0.8457247685384242,2.911111111111111,45
Brazil.regions.PR:Sarandi,0.918135695244647,1.641025641025641,39
Brazil.regions.SP:Cubatão,0.8337463551153464,3.121212121212121,33
