region,similarity,distance,days
Brazil.regions.BA:Itabuna,0.48512528789156384,3.1142857142857143,35
Brazil.regions.RS:Capão da Canoa,0.41471739431390553,3.5142857142857142,35
Brazil.regions.MG:Sarzedo,0.3996299885472644,3.6,35
Brazil.regions.SP:Limeira,0.3795134475250763,3.7142857142857144,35
Brazil.regions.SC:Joinville,0.3543677712473412,3.857142857142857,35
