region,similarity,distance,days
Brazil.regions.RS:Charqueadas,0.962548076923077,0.475,40
Brazil.regions.GO:Cidade Ocidental,0.9605769230769231,0.5,40
Brazil.regions.GO:Trindade,0.9546634615384615,0.575,40
Brazil.regions.MG:Lavras,0.9526923076923077,0.6,40
Brazil.regions.RS:Estrela,0.9507211538461539,0.625,40
Brazil.regions.SC:Gaspar,0.94875,0.65,40
Brazil.regions.SC:Biguaçu,0.9448076923076923,0.7,40
Brazil.regions.PR:Paranaguá,0.9408653846153846,0.75,40
Brazil.regions.SP:Mogi Guaçu,0.9329807692307692,0.85,40
Brazil.regions.PE:Palmares,0.9191826923076923,1.025,40
Brazil.regions.PE:Goiana,0.9073557692307692,1.175,40
Brazil.regions.MT:Cuiabá,0.7555769230769231,3.1,40
Brazil.regions.PA:Castanhal,0.7555769230769231,3.1,40
Brazil.regions.MA:Imperatriz,0.08341346153846152,11.625,40
Brazil.regions.RS:Santa Cruz do Sul,0.9403326403326403,0.7567567567567568,37
Brazil.regions.PE:Bom Jardim,0.9571978021978023,0.5428571428571428,35
Brazil.regions.PE:Timbaúba,0.9414285714285714,0.7428571428571429,35
Brazil.regions.PB:Santa Rita,0.4525824175824176,6.942857142857143,35
Brazil.regions.SP:São João da Boa Vista,0.9331002331002332,0.8484848484848485,33
Brazil.regions.PE:Ipojuca,0.83984375,2.03125,32
Brazil.regions.SP:Campos do Jordão,0.9809681697612732,0.2413793103448276,29
Brazil.regions.RS:Teutônia,0.9456233421750663,0.6896551724137931,29
Brazil.regions.PA:Salinópolis,0.8613395225464191,1.7586206896551724,29
Brazil.regions.SP:Mogi Mirim,0.9737179487179487,0.3333333333333333,27
Brazil.regions.RJ:Mendes,0.962037037037037,0.48148148148148145,27
Brazil.regions.MG:Itaúna,0.9848372781065089,0.19230769230769232,26
Brazil.regions.MG:Guaxupé,0.9810769230769231,0.24,25
Brazil.regions.PR:Ibiporã,0.9856643356643356,0.18181818181818182,22
Brazil.regions.SP:Cabreúva,0.9802884615384615,0.25,20
Brazil.regions.PI:Água Branca,0.8921052631578947,1.368421052631579,19
Brazil.regions.SP:Engenheiro Coelho,0.9605769230769231,0.5,18
Brazil.regions.SP:Cordeirópolis,0.9474358974358974,0.6666666666666666,18
Brazil.regions.BA:Itaparica,0.9802884615384615,0.25,16
Brazil.regions.RJ:Cordeiro,0.9753605769230769,0.3125,16
Brazil.regions.SE:Maruim,0.9556490384615385,0.5625,16
Brazil.regions.SE:Laranjeiras,0.9605769230769231,0.5,12
Brazil.regions.AL:Campo Alegre,0.9713286713286713,0.36363636363636365,11
Brazil.regions.PE:Barreiros,0.9283216783216783,0.9090909090909091,11
Brazil.regions.BA:Governador Mangabeira,0.9921153846153846,0.1,10
Brazil.regions.PB:Puxinanã,1.0,0.0,2
