region,similarity,distance,days
Brazil.regions.GO:Anápolis,0.7814939814881875,1.7647058823529411,34
Brazil.regions.SP:Catanduva,0.7814939814881875,1.7647058823529411,34
Brazil.regions.SP:Jaguariúna,0.7632428987354607,1.8529411764705883,34
Brazil.regions.SP:Rio Claro,0.7571592044845518,1.8823529411764706,34
Brazil.regions.PR:Foz do Iguaçu,0.7449918159827339,1.9411764705882353,34
Brazil.regions.RN:São Gonçalo do Amarante,0.6050668482118285,2.6176470588235294,34
Brazil.regions.CE:Horizonte,0.38605385517910695,3.676470588235294,34
Brazil.regions.PE:Vitória de Santo Antão,0.05145067137911574,5.294117647058823,34
