region,similarity,distance,days
Brazil.regions.BA:Barra,0.975609756097561,0.16666666666666666,12
Brazil.regions.AM:Juruá,0.9634146341463414,0.25,12
Brazil.regions.AM:Nhamundá,0.9634146341463414,0.25,12
Brazil.regions.MT:Querência,0.9634146341463414,0.25,12
Brazil.regions.MT:Vila Bela da Santíssima Trindade,0.9634146341463414,0.25,12
Brazil.regions.RO:Vilhena,0.9634146341463414,0.25,12
Brazil.regions.MT:Poconé,0.9512195121951219,0.3333333333333333,12
Brazil.regions.PA:Pacajá,0.9512195121951219,0.3333333333333333,12
Brazil.regions.RR:Mucajaí,0.9512195121951219,0.3333333333333333,12
Brazil.regions.PA:Anapu,0.9390243902439024,0.4166666666666667,12
Brazil.regions.PA:Monte Alegre,0.9390243902439024,0.4166666666666667,12
Brazil.regions.RR:Caroebe,0.9390243902439024,0.4166666666666667,12
Brazil.regions.PA:Porto de Moz,0.9268292682926829,0.5,12
Brazil.regions.PA:Prainha,0.9268292682926829,0.5,12
Brazil.regions.AM:Codajás,0.9146341463414633,0.5833333333333334,12
Brazil.regions.AM:Santo Antônio do Içá,0.9146341463414633,0.5833333333333334,12
Brazil.regions.MT:Tangará da Serra,0.9146341463414633,0.5833333333333334,12
Brazil.regions.AP:Mazagão,0.8658536585365854,0.9166666666666666,12
Brazil.regions.AM:São Paulo de Olivença,0.8536585365853658,1.0,12
Brazil.regions.MT:Peixoto de Azevedo,0.8414634146341463,1.0833333333333333,12
Brazil.regions.AM:Fonte Boa,0.8170731707317073,1.25,12
Brazil.regions.MA:Balsas,0.8170731707317073,1.25,12
Brazil.regions.AM:Beruri,0.8048780487804879,1.3333333333333333,12
Brazil.regions.PA:Ourilândia do Norte,0.7926829268292682,1.4166666666666667,12
Brazil.regions.AM:Maraã,0.7804878048780488,1.5,12
Brazil.regions.PA:Paragominas,0.5609756097560975,3.0,12
Brazil.regions.AM:Eirunepé,0.8536585365853658,1.0,11
Brazil.regions.PA:Uruará,0.9707317073170731,0.2,10
Brazil.regions.AC:Tarauacá,0.751219512195122,1.7,10
Brazil.regions.BA:Pilão Arcado,0.9512195121951219,0.3333333333333333,9
Brazil.regions.PA:Chaves,0.9186991869918699,0.5555555555555556,9
Brazil.regions.PA:Senador José Porfírio,0.9186991869918699,0.5555555555555556,9
Brazil.regions.TO:Formoso do Araguaia,0.9414634146341463,0.4,5
Brazil.regions.PA:Novo Repartimento,0.8829268292682927,0.8,5
Brazil.regions.MS:Ribas do Rio Pardo,0.8536585365853658,1.0,5
Brazil.regions.PA:Faro,1.0,0.0,4
Brazil.regions.PA:Santana do Araguaia,0.8536585365853658,1.0,4
