region,similarity,distance,days
Brazil.regions.TO,0.6441241685144125,18.01851851851852,54
Gabon,0.451219512195122,21.24074074074074,54
New_Zealand,0.0,28.77777777777778,54
