region,similarity,distance,days
Suriname,1.0,2.230769230769231,39
Brazil.regions.AC,0.9393501805054152,5.461538461538462,39
Brazil.regions.AP,0.6606498194945849,20.307692307692307,39
