region,similarity,distance,days
Brazil.regions.RS:São Sebastião do Caí,0.9647266313932981,0.15151515151515152,33
Brazil.regions.SC:Cocal do Sul,0.9576719576719577,0.18181818181818182,33
Brazil.regions.SC:Porto Belo,0.9576719576719577,0.18181818181818182,33
Brazil.regions.RS:Torres,0.9153439153439153,0.36363636363636365,33
Brazil.regions.SP:Tatuí,0.9153439153439153,0.36363636363636365,33
Brazil.regions.ES:Cachoeiro de Itapemirim,0.908289241622575,0.3939393939393939,33
Brazil.regions.PE:João Alfredo,0.908289241622575,0.3939393939393939,33
Brazil.regions.PE:Macaparana,0.908289241622575,0.3939393939393939,33
Brazil.regions.SC:Balneário Piçarras,0.908289241622575,0.3939393939393939,33
Brazil.regions.SC:Araranguá,0.9012345679012346,0.42424242424242425,33
Brazil.regions.SP:Assis,0.8589065255731922,0.6060606060606061,33
Brazil.regions.SP:Pindamonhangaba,0.8589065255731922,0.6060606060606061,33
Brazil.regions.SP:Votuporanga,0.8518518518518519,0.6363636363636364,33
Brazil.regions.RJ:Tanguá,0.8306878306878307,0.7272727272727273,33
Brazil.regions.PB:Patos,0.8236331569664903,0.7575757575757576,33
Brazil.regions.SP:Birigui,0.7178130511463845,1.2121212121212122,33
Brazil.regions.PE:Arcoverde,0.6825396825396826,1.3636363636363635,33
Brazil.regions.RJ:Teresópolis,0.6402116402116402,1.5454545454545454,33
Liechtenstein,0.44973544973544977,2.3636363636363638,33
Brazil.regions.SP:Araraquara,0.435626102292769,2.4242424242424243,33
Brazil.regions.PR:Paiçandu,0.9781746031746031,0.09375,32
Brazil.regions.SP:Mairinque,0.8876117496807152,0.4827586206896552,29
Brazil.regions.PR:Apucarana,0.7832512315270936,0.9310344827586207,29
Brazil.regions.BA:Irecê,0.9568881050362532,0.18518518518518517,27
Brazil.regions.SP:Barrinha,0.9534391534391534,0.2,20
Brazil.regions.CE:Uruburetama,0.7555555555555555,1.05,20
Brazil.regions.SP:Barra Bonita,0.8162071846282373,0.7894736842105263,19
Brazil.regions.SP:Bom Jesus dos Perdões,0.9482657260435038,0.2222222222222222,18
Brazil.regions.SP:Holambra,0.8577307466196356,0.6111111111111112,18
Brazil.regions.MG:Raposos,0.9153439153439153,0.36363636363636365,11
Brazil.regions.PB:Nova Floresta,0.9482657260435038,0.2222222222222222,9
Brazil.regions.PB:São Sebastião de Lagoa de Roça,0.7962962962962963,0.875,8
Brazil.regions.AL:Cajueiro,0.7671957671957672,1.0,3
Brazil.regions.RS:Portão,0.7671957671957672,1.0,2
