region,similarity,distance,days
Brazil.regions.PB:Patos,0.7993066958584201,0.8620689655172413,29
Brazil.regions.RS:São Sebastião do Caí,0.7993066958584201,0.8620689655172413,29
Brazil.regions.SC:Porto Belo,0.7993066958584201,0.8620689655172413,29
Brazil.regions.PR:Paiçandu,0.7912789636927569,0.896551724137931,29
Brazil.regions.SP:Porto Ferreira,0.7832512315270936,0.9310344827586207,29
Brazil.regions.ES:Cachoeiro de Itapemirim,0.7752234993614304,0.9655172413793104,29
Brazil.regions.SC:Balneário Piçarras,0.7752234993614304,0.9655172413793104,29
Brazil.regions.SC:Cocal do Sul,0.7752234993614304,0.9655172413793104,29
Brazil.regions.PE:João Alfredo,0.7671957671957672,1.0,29
Brazil.regions.SP:Tatuí,0.7671957671957672,1.0,29
Brazil.regions.RS:Torres,0.759168035030104,1.0344827586206897,29
Brazil.regions.SP:Votuporanga,0.759168035030104,1.0344827586206897,29
Brazil.regions.SC:Araranguá,0.7511403028644408,1.0689655172413792,29
Brazil.regions.PE:Macaparana,0.7431125706987776,1.103448275862069,29
Brazil.regions.SP:Mairinque,0.7350848385331143,1.1379310344827587,29
Brazil.regions.SP:Pindamonhangaba,0.7350848385331143,1.1379310344827587,29
Brazil.regions.PE:Arcoverde,0.719029374201788,1.206896551724138,29
Brazil.regions.SP:Assis,0.7110016420361248,1.2413793103448276,29
Brazil.regions.RJ:Tanguá,0.6869184455391353,1.3448275862068966,29
Brazil.regions.SP:Birigui,0.6708629812078089,1.4137931034482758,29
Brazil.regions.RJ:Teresópolis,0.6467797847108192,1.5172413793103448,29
Liechtenstein,0.3497536945812808,2.793103448275862,29
Brazil.regions.SP:Araraquara,0.277504105090312,3.103448275862069,29
Brazil.regions.BA:Irecê,0.7930629041740154,0.8888888888888888,27
Brazil.regions.SP:Barrinha,0.7788359788359789,0.95,20
Brazil.regions.CE:Uruburetama,0.6507936507936508,1.5,20
Brazil.regions.SP:Barra Bonita,0.7671957671957672,1.0,19
Brazil.regions.SP:Bom Jesus dos Perdões,0.8059964726631393,0.8333333333333334,18
Brazil.regions.SP:Holambra,0.715461493239271,1.2222222222222223,18
Brazil.regions.MG:Raposos,0.7037037037037037,1.2727272727272727,11
Brazil.regions.PB:Nova Floresta,0.6637272192827748,1.4444444444444444,9
Brazil.regions.PB:São Sebastião de Lagoa de Roça,0.6507936507936508,1.5,8
Brazil.regions.AL:Cajueiro,0.5343915343915344,2.0,3
Brazil.regions.RS:Portão,0.6507936507936508,1.5,2
