region,similarity,distance,days
Brazil.regions.BA:Itabuna,0.0,5.87037037037037,54
Brazil.regions.RS:Capão da Canoa,0.35034446304290356,3.88,50
Brazil.regions.SP:Limeira,0.6383299204324965,2.2439024390243905,41
Brazil.regions.MG:Sarzedo,0.6336886617919126,2.27027027027027,37
Brazil.regions.RJ:Cabo Frio,0.3543677712473412,3.857142857142857,35
