region,similarity,distance,days
Brazil.regions.SP:Franco da Rocha,0.6710767618548599,3.5,42
Brazil.regions.SC:Itapema,0.20404955275272263,4.904761904761905,42
Bermuda,0.08531382162506063,5.261904761904762,42
Brazil.regions.SE:Nossa Senhora do Socorro,0.5294734084359443,3.925925925925926,27
