region,similarity,distance,days
Brazil.regions.RO,1.0,21.192307692307693,52
Guyana,0.3798110813478077,24.384615384615383,52
