region,similarity,distance,days
Brazil.regions.SP:São José do Rio Preto,0.2174745837630765,5.327272727272727,55
Brazil.regions.CE:Juazeiro do Norte,0.948463786603293,0.8490566037735849,53
Brazil.regions.SP:Caieiras,0.5259463996295439,3.4375,48
Brazil.regions.SP:Ribeirão Preto,1.1102230246251565e-16,6.659574468085107,47
Brazil.regions.GO:Águas Lindas de Goiás,1.0,0.5333333333333333,45
Brazil.regions.RS:Novo Hamburgo,0.8867267254625439,1.2272727272727273,44
Brazil.regions.SP:Campo Limpo Paulista,0.9112686341211462,1.0769230769230769,26
