region,similarity,distance,days
Brazil.regions.SP:Itapecerica da Serra,0.6956769867313455,3.4186046511627906,43
Brazil.regions.SC:Itapema,0.25652732201455253,4.744186046511628,43
Bermuda,0.10243972035953752,5.209302325581396,43
Brazil.regions.SE:Nossa Senhora do Socorro,0.6625766871165644,3.5185185185185186,27
