region,similarity,distance,days
Brazil.regions.SP:Franco da Rocha,0.6956769867313455,3.4186046511627906,43
Brazil.regions.SC:Itapema,0.20259666143529742,4.906976744186046,43
Bermuda,0.11014410044228828,5.186046511627907,43
Brazil.regions.SE:Nossa Senhora do Socorro,0.52760736196319,3.925925925925926,27
