region,similarity,distance,days
Luxembourg,0.11806973848069735,67.92727272727272,55
Brazil.regions.SC:Imbituba,0.9931380010147134,0.6851851851851852,54
Brazil.regions.SC:Içara,0.9954203599247918,0.5098039215686274,51
Brazil.regions.RS:Passo Fundo,0.9234303652968037,6.041666666666667,48
Brazil.regions.CE:Itaitinga,0.9627179327521793,3.022727272727273,44
Brazil.regions.ES:Viana,0.9687639375597324,2.558139534883721,43
Brazil.regions.RJ:Angra dos Reis,0.9615004778591908,3.116279069767442,43
Brazil.regions.RS:Guaíba,0.9982459071166054,0.2926829268292683,41
Brazil.regions.RJ:Três Rios,0.9867053038285915,1.1794871794871795,39
Brazil.regions.SP:Mirassol,0.9960755275823769,0.4594594594594595,37
Brazil.regions.SP:Boituva,0.9936134764901888,0.6486486486486487,37
Brazil.regions.SP:Caraguatatuba,0.9763791188448723,1.972972972972973,37
Brazil.regions.PE:Lagoa do Carro,0.9937404870624049,0.6388888888888888,36
Brazil.regions.SP:Caçapava,0.9946183953033269,0.5714285714285714,35
Brazil.regions.PE:Chã Grande,0.9825342465753425,1.5,30
Brazil.regions.RJ:Saquarema,0.9751598173515982,2.066666666666667,30
Brazil.regions.SP:Leme,0.9962210675484175,0.4482758620689655,29
Brazil.regions.SP:Monte Mor,0.9932240704500979,0.6785714285714286,28
Brazil.regions.AL:Rio Largo,0.9737035225048923,2.1785714285714284,28
Brazil.regions.PE:Cupira,0.9985511064278187,0.2692307692307692,26
Brazil.regions.PE:Surubim,0.9940463645943098,0.6153846153846154,26
Brazil.regions.MG:Viçosa,0.9971746575342466,0.375,24
Brazil.regions.PE:Nazaré da Mata,0.9877397260273972,1.1,20
Brazil.regions.PE:Camocim de São Félix,0.9979452054794521,0.3157894736842105,19
Brazil.regions.AL:Santa Luzia do Norte,0.9931506849315068,0.6842105263157895,19
Brazil.regions.SP:Igaraçu do Tietê,0.9947345890410959,0.5625,16
Brazil.regions.PB:Lagoa Seca,0.9931078767123288,0.6875,16
