region,similarity,distance,days
Suriname,0.5400464156781846,26.732142857142858,56
Brazil.regions.AP,0.37197486294959226,35.68518518518518,54
Brazil.regions.PA:Altamira,0.9393501805054152,5.461538461538462,39
