region,similarity,distance,days
Brazil.regions.SC:Imbituba,0.9621057661675693,3.0697674418604652,43
Brazil.regions.RS:Erechim,0.9615004778591908,3.116279069767442,43
Brazil.regions.SC:Içara,0.9611978337050016,3.13953488372093,43
Brazil.regions.ES:Viana,0.9548423064670277,3.627906976744186,43
Brazil.regions.CE:Itaitinga,0.9375915896782415,4.953488372093023,43
Brazil.regions.RS:Passo Fundo,0.9197355845810767,6.325581395348837,43
Luxembourg,0.031777636189869285,74.55813953488372,43
Brazil.regions.RS:Guaíba,0.9646007350484463,2.8780487804878048,41
Brazil.regions.RJ:Três Rios,0.9693537056550755,2.5128205128205128,39
Brazil.regions.SP:Boituva,0.9830618289522399,1.4594594594594594,37
Brazil.regions.SP:Mirassol,0.9798963346908552,1.7027027027027026,37
Brazil.regions.SP:Caraguatatuba,0.9665309144761199,2.72972972972973,37
Brazil.regions.PE:Lagoa do Carro,0.9792808219178082,1.75,36
Brazil.regions.SP:Caçapava,0.9782583170254403,1.8285714285714285,35
Brazil.regions.PE:Chã Grande,0.9699543378995433,2.466666666666667,30
Brazil.regions.RJ:Saquarema,0.9677853881278539,2.6333333333333333,30
Brazil.regions.SP:Leme,0.991284837033538,0.8275862068965517,29
Brazil.regions.SP:Monte Mor,0.9936888454011742,0.6428571428571429,28
Brazil.regions.AL:Rio Largo,0.9750978473581213,2.0714285714285716,28
Brazil.regions.PE:Cupira,0.997550052687039,0.34615384615384615,26
Brazil.regions.PE:Surubim,0.9940463645943098,0.6153846153846154,26
Brazil.regions.MG:Viçosa,0.9939212328767123,0.625,24
Brazil.regions.PE:Nazaré da Mata,0.9870890410958905,1.15,20
Brazil.regions.PE:Camocim de São Félix,0.9972602739726028,0.3684210526315789,19
Brazil.regions.AL:Santa Luzia do Norte,0.9952054794520548,0.5263157894736842,19
Brazil.regions.SP:Igaraçu do Tietê,0.9939212328767123,0.625,16
Brazil.regions.PB:Lagoa Seca,0.9906678082191781,0.875,16
