region,similarity,distance,days
Maldives,0.6663944467129441,0.6129032258064516,31
Brazil.regions.SP:Americana,0.08697427521437318,1.6774193548387097,31
Brazil.regions.MG:Vespasiano,1.0,0.0,1
