region,similarity,distance,days
Brazil.regions.SP:Caieiras,0.07987960175966669,6.170212765957447,47
Brazil.regions.SP:São José do Rio Preto,0.02083815698078262,6.531914893617022,47
Brazil.regions.CE:Juazeiro do Norte,0.013892104653855042,6.574468085106383,47
Brazil.regions.RS:Campo Bom,1.1102230246251565e-16,6.659574468085107,47
Brazil.regions.GO:Águas Lindas de Goiás,0.02060662190321849,6.533333333333333,45
Brazil.regions.RS:Novo Hamburgo,7.893241280598762e-05,6.659090909090909,44
Brazil.regions.SP:Campo Limpo Paulista,0.5534133613550146,3.269230769230769,26
