region,similarity,distance,days
Brazil.regions.RS:São Sebastião do Caí,0.7261126672891378,1.1764705882352942,34
Brazil.regions.SC:Balneário Piçarras,0.7124183006535948,1.2352941176470589,34
Brazil.regions.SC:Porto Belo,0.7055711173358232,1.2647058823529411,34
Brazil.regions.ES:Cachoeiro de Itapemirim,0.6987239340180517,1.2941176470588236,34
Brazil.regions.RS:Torres,0.6918767507002801,1.3235294117647058,34
Brazil.regions.SC:Cocal do Sul,0.6918767507002801,1.3235294117647058,34
Brazil.regions.SP:Votuporanga,0.6850295673825085,1.3529411764705883,34
Brazil.regions.SC:Araranguá,0.678182384064737,1.3823529411764706,34
Brazil.regions.SP:Assis,0.6713352007469655,1.411764705882353,34
Brazil.regions.PE:Macaparana,0.6576408341114224,1.4705882352941178,34
Brazil.regions.PB:Patos,0.6439464674758792,1.5294117647058822,34
Brazil.regions.SP:Pindamonhangaba,0.6439464674758792,1.5294117647058822,34
Brazil.regions.SP:Tatuí,0.6439464674758792,1.5294117647058822,34
Brazil.regions.SP:Birigui,0.6370992841581077,1.5588235294117647,34
Brazil.regions.RJ:Tanguá,0.6097105508870215,1.6764705882352942,34
Brazil.regions.RJ:Teresópolis,0.5754746342981638,1.8235294117647058,34
Liechtenstein,0.37690631808278874,2.676470588235294,34
Brazil.regions.SP:Araraquara,0.2331154684095862,3.2941176470588234,34
Brazil.regions.PE:João Alfredo,0.689594356261023,1.3333333333333333,33
Brazil.regions.SP:Porto Ferreira,0.6825396825396826,1.3636363636363635,33
Brazil.regions.PR:Paiçandu,0.7017195767195767,1.28125,32
Brazil.regions.PR:Apucarana,0.719029374201788,1.206896551724138,29
Brazil.regions.SP:Mairinque,0.6949461777047985,1.3103448275862069,29
Brazil.regions.BA:Irecê,0.7499510092102685,1.0740740740740742,27
Brazil.regions.SP:Barrinha,0.8021164021164021,0.85,20
Brazil.regions.CE:Uruburetama,0.6275132275132276,1.6,20
Brazil.regions.SP:Barra Bonita,0.7671957671957672,1.0,19
Brazil.regions.SP:Bom Jesus dos Perdões,0.8059964726631393,0.8333333333333334,18
Brazil.regions.SP:Holambra,0.7930629041740154,0.8888888888888888,18
Brazil.regions.MG:Raposos,0.8306878306878307,0.7272727272727273,11
Brazil.regions.PB:Nova Floresta,0.7930629041740154,0.8888888888888888,9
Brazil.regions.PB:São Sebastião de Lagoa de Roça,0.7380952380952381,1.125,8
Brazil.regions.AL:Cajueiro,0.689594356261023,1.3333333333333333,3
Brazil.regions.RS:Portão,0.5343915343915344,2.0,2
