region,similarity,distance,days
Sweden.regions.Västerbotten,0.5033670033670034,6.555555555555555,27
Brazil.regions.AM:Manicoré,0.47250280583613913,6.962962962962963,27
Brazil.regions.PA:Novo Progresso,0.4668911335578002,7.037037037037037,27
Brazil.regions.AM:Novo Airão,0.4612794612794613,7.111111111111111,27
Brazil.regions.AM:Maués,0.4472502805836138,7.296296296296297,27
Sweden.regions.Jämtland Härjedalen,0.42760942760942766,7.555555555555555,27
Brazil.regions.RR:Rorainópolis,0.5192307692307692,6.346153846153846,26
Brazil.regions.AM:Coari,0.33333333333333326,8.8,25
Brazil.regions.AM:Canutama,0.6343873517786561,4.826086956521739,23
Brazil.regions.AM:Novo Aripuanã,0.7306397306397306,3.5555555555555554,18
Brazil.regions.AM:Humaitá,0.7301136363636364,3.5625,16
Brazil.regions.AM:Borba,0.8282828282828283,2.2666666666666666,15
Brazil.regions.RR:Caracaraí,0.8737373737373737,1.6666666666666667,12
Brazil.regions.PA:Jacareacanga,0.9810606060606061,0.25,4
Brazil.regions.AM:Apuí,0.7159090909090908,3.75,4
Brazil.regions.AM:Pauini,0.9621212121212122,0.5,2
Brazil.regions.AM:Japurá,0.5454545454545454,6.0,1
