region,similarity,distance,days
Brazil.regions.SP:Mairiporã,0.07307171853856564,15.222222222222221,45
Brazil.regions.RS:Caxias do Sul,0.06224627875507438,15.4,45
Brazil.regions.MG:Poços de Caldas,0.043301759133964834,15.71111111111111,45
Brazil.regions.MT:Várzea Grande,0.03653585926928271,15.822222222222223,45
Saint_Lucia,0.016238159675236785,16.155555555555555,45
Brazil.regions.RN:Passa e Fica,0.013531799729364025,16.2,45
Brazil.regions.SE:Propriá,0.012178619756427644,16.22222222222222,45
United_States_Virgin_Islands,0.004059539918809252,16.355555555555554,45
Guam,0.0,16.42222222222222,45
Brazil.regions.SP:Piracicaba,0.14196088079714597,14.090909090909092,44
Brazil.regions.RJ:Seropédica,0.06584450731947344,15.340909090909092,44
Brazil.regions.SP:Itupeva,0.04646943043424778,15.659090909090908,44
Brazil.regions.PR:Matinhos,0.034207130943764374,15.86046511627907,43
Brazil.regions.RJ:São Pedro da Aldeia,0.1083510535472646,14.642857142857142,42
Brazil.regions.PR:Araucária,0.0925443083930162,14.902439024390244,41
Brazil.regions.SP:Águas de Lindóia,0.08511832073665793,15.024390243902438,41
Brazil.regions.PR:Arapongas,0.07472193801775628,15.195121951219512,41
Brazil.regions.SP:Atibaia,0.15815290933694182,13.825,40
Brazil.regions.SP:São Roque,0.49255751014884974,8.333333333333334,36
Brazil.regions.PE:Moreno,0.5372124492557511,7.6,35
Brazil.regions.SP:Sertãozinho,0.46588053353953207,8.771428571428572,35
Brazil.regions.SP:Artur Nogueira,0.46449892541590376,8.794117647058824,34
Brazil.regions.PE:Garanhuns,0.49993849181941197,8.212121212121213,33
Brazil.regions.PE:Santa Cruz do Capibaribe,0.4833908071063774,8.483870967741936,31
Brazil.regions.PE:São José da Coroa Grande,0.5412719891745602,7.533333333333333,30
Brazil.regions.SP:Aparecida,0.7247631935047361,4.52,25
Brazil.regions.ES:Piúma,0.8071718538565629,3.1666666666666665,24
Brazil.regions.RJ:Pinheiral,0.7894113667117726,3.4583333333333335,24
Brazil.regions.PE:Condado,0.884623602307528,1.894736842105263,19
Brazil.regions.ES:Marataízes,0.7994109687176629,3.2941176470588234,17
Brazil.regions.SE:Pedrinhas,1.0,0.0,2
