region,similarity,distance,days
Bermuda,1.0,2.5106382978723403,47
Brazil.regions.SP:Franco da Rocha,0.25945956061229825,4.738095238095238,42
Brazil.regions.SP:Itapecerica da Serra,0.20404955275272263,4.904761904761905,42
Brazil.regions.SE:Nossa Senhora do Socorro,0.2093266963583964,4.888888888888889,27
