region,similarity,distance,days
Brazil.regions.SE:Itabaiana,0.4192477876106194,2.1875,32
Brazil.regions.BA:Conceição do Jacuípe,0.3279867256637168,2.53125,32
Brazil.regions.MG:Ubá,0.3279867256637168,2.53125,32
Brazil.regions.CE:Pindoretama,0.3113938053097345,2.59375,32
Brazil.regions.SP:Itu,0.3113938053097345,2.59375,32
Brazil.regions.MG:Pouso Alegre,0.30309734513274333,2.625,32
Saint_Vincent_and_the_Grenadines,0.2782079646017699,2.71875,32
Cayman_Islands,0.19524336283185828,3.03125,32
Brazil.regions.SC:Rio do Sul,0.38938053097345127,2.3,30
Brazil.regions.PE:Machados,0.33628318584070793,2.5,30
Brazil.regions.CE:Pacajus,0.0,3.7666666666666666,30
Brazil.regions.PE:Chã de Alegria,0.42161820480404555,2.1785714285714284,28
Brazil.regions.SP:Cruzeiro,0.4121365360303413,2.2142857142857144,28
Brazil.regions.SP:Santa Gertrudes,0.5870206489675516,1.5555555555555556,27
Brazil.regions.MG:Lagoa Santa,0.5243362831858407,1.7916666666666667,24
Brazil.regions.RS:Xangri-lá,0.7522123893805309,0.9333333333333333,15
Brazil.regions.MG:Juatuba,0.8570456092579987,0.5384615384615384,13
