region,similarity,distance,days
Brazil.regions.RS:Estância Velha,1.0,0.09090909090909091,33
Brazil.regions.SP:Vinhedo,0.8999094202898551,1.121212121212121,33
Brazil.regions.SP:Jundiaí,0.7321105072463767,2.8484848484848486,33
Brazil.regions.MA:Paço do Lumiar,0.5525362318840579,4.696969696969697,33
Brazil.regions.MA:São José de Ribamar,0.22282608695652173,8.090909090909092,33
