region,similarity,distance,days
Brazil.regions.BA:Feira de Santana,0.7810977173634266,1.6785714285714286,56
Brazil.regions.SP:Taubaté,0.855376022341911,1.1481481481481481,54
Brazil.regions.RS:Dois Irmãos,1.0,0.11538461538461539,52
Brazil.regions.SC:Brusque,0.7329742669060443,2.022222222222222,45
Brazil.regions.RJ:Itaguaí,0.7045780969479354,2.225,40
Brazil.regions.PR:Piraquara,0.9515260323159784,0.46153846153846156,39
Brazil.regions.GO:Senador Canedo,0.933572710951526,0.5897435897435898,39
Brazil.regions.PE:Cabo de Santo Agostinho,0.04308797127468589,6.948717948717949,39
Brazil.regions.SP:Jacareí,0.7607983947618545,1.8235294117647058,34
Brazil.regions.SC:Capivari de Baixo,0.9292391506221754,0.6206896551724138,29
Brazil.regions.RJ:Armação dos Búzios,0.8761220825852782,1.0,28
Brazil.regions.MG:São José da Lapa,0.9906969152929656,0.18181818181818182,22
Brazil.regions.SP:Cosmópolis,0.9461400359066428,0.5,14
