region,similarity,distance,days
Brazil.regions.BA:Conceição do Jacuípe,0.9901671583087512,0.037037037037037035,27
Brazil.regions.MG:Ubá,0.9508357915437562,0.18518518518518517,27
Brazil.regions.PE:Machados,0.9508357915437562,0.18518518518518517,27
Saint_Vincent_and_the_Grenadines,0.9311701081612586,0.25925925925925924,27
Brazil.regions.SC:Rio do Sul,0.8918387413962635,0.4074074074074074,27
Brazil.regions.SP:Itu,0.8820058997050148,0.4444444444444444,27
Brazil.regions.CE:Pindoretama,0.872173058013766,0.48148148148148145,27
Brazil.regions.SE:Itabaiana,0.872173058013766,0.48148148148148145,27
Brazil.regions.SP:Cruzeiro,0.872173058013766,0.48148148148148145,27
Brazil.regions.MG:Pouso Alegre,0.7541789577187807,0.9259259259259259,27
Brazil.regions.PE:Chã de Alegria,0.7541789577187807,0.9259259259259259,27
Brazil.regions.RJ:Paracambi,0.5870206489675516,1.5555555555555556,27
Cayman_Islands,0.4690265486725663,2.0,27
Brazil.regions.CE:Pacajus,0.35103244837758096,2.4444444444444446,27
Brazil.regions.MG:Lagoa Santa,0.9446902654867256,0.20833333333333334,24
Brazil.regions.RS:Xangri-lá,1.0,0.0,15
Brazil.regions.MG:Juatuba,1.0,0.0,13
