region,similarity,distance,days
Brazil.regions.RS:São Sebastião do Caí,0.8694025035488451,0.5609756097560976,41
Brazil.regions.RS:Torres,0.829655439411537,0.7317073170731707,41
Brazil.regions.SC:Porto Belo,0.8239772873919216,0.7560975609756098,41
Brazil.regions.SP:Tatuí,0.8182991353723061,0.7804878048780488,41
Brazil.regions.ES:Cachoeiro de Itapemirim,0.8126209833526907,0.8048780487804879,41
Brazil.regions.SP:Votuporanga,0.7615176151761518,1.024390243902439,41
Liechtenstein,0.5457478384307652,1.951219512195122,41
Brazil.regions.RJ:Teresópolis,0.5343915343915344,2.0,41
Brazil.regions.PB:Patos,0.5060007742934572,2.1219512195121952,41
Brazil.regions.SP:Araraquara,0.3754032778423022,2.682926829268293,41
Brazil.regions.SC:Araranguá,0.7846560846560846,0.925,40
Brazil.regions.RJ:Tanguá,0.7671957671957672,1.0,37
Brazil.regions.SP:Birigui,0.6728156728156729,1.4054054054054055,37
Brazil.regions.SP:Pindamonhangaba,0.7865961199294533,0.9166666666666666,36
Brazil.regions.PE:Macaparana,0.8071050642479214,0.8285714285714286,35
Brazil.regions.SC:Cocal do Sul,0.8699035169623405,0.5588235294117647,34
Brazil.regions.SC:Balneário Piçarras,0.8356676003734828,0.7058823529411765,34
Brazil.regions.PE:Arcoverde,0.6713352007469655,1.411764705882353,34
Brazil.regions.SP:Porto Ferreira,0.8589065255731922,0.6060606060606061,33
Brazil.regions.PE:João Alfredo,0.8377425044091711,0.696969696969697,33
Brazil.regions.PR:Paiçandu,0.8835978835978836,0.5,32
Brazil.regions.SP:Mairinque,0.8314176245210728,0.7241379310344828,29
Brazil.regions.PR:Apucarana,0.7110016420361248,1.2413793103448276,29
Brazil.regions.BA:Irecê,0.905153831079757,0.4074074074074074,27
Brazil.regions.SP:Barrinha,0.8952380952380953,0.45,20
Brazil.regions.CE:Uruburetama,0.7206349206349207,1.2,20
Brazil.regions.SP:Barra Bonita,0.8284600389863548,0.7368421052631579,19
Brazil.regions.SP:Bom Jesus dos Perdões,0.9223985890652557,0.3333333333333333,18
Brazil.regions.SP:Holambra,0.8577307466196356,0.6111111111111112,18
Brazil.regions.MG:Raposos,0.9153439153439153,0.36363636363636365,11
Brazil.regions.PB:Nova Floresta,0.8965314520870077,0.4444444444444444,9
Brazil.regions.PB:São Sebastião de Lagoa de Roça,0.8835978835978836,0.5,8
Brazil.regions.AL:Cajueiro,0.9223985890652557,0.3333333333333333,3
Brazil.regions.RS:Portão,0.7671957671957672,1.0,2
