region,similarity,distance,days
Bulgaria,0.8805251858266581,43.564516129032256,62
Serbia,0.3343436530273508,115.90322580645162,62
Nicaragua,0.7971196868008948,54.611111111111114,54
