region,similarity,distance,days
Brazil.regions.SP:Arujá,0.8903962279758458,2.1818181818181817,44
Brazil.regions.RS:Lajeado,0.857631421126644,2.772727272727273,44
Brazil.regions.SC:Criciúma,0.8311675386715196,3.25,44
Brazil.regions.ES:Serra,0.07757698113987921,16.84090909090909,44
Brazil.regions.PR:Sarandi,1.0,0.20512820512820512,39
Brazil.regions.SP:Cubatão,0.8467623265468608,2.96875,32
