region,similarity,distance,days
Brazil.regions.RS:Dois Irmãos,0.7516457211250749,1.8888888888888888,45
Brazil.regions.MG:Coronel Fabriciano,0.7329742669060443,2.022222222222222,45
Brazil.regions.SP:Taubaté,0.6894075403949731,2.3333333333333335,45
Brazil.regions.BA:Feira de Santana,0.6831837223219629,2.3777777777777778,45
Brazil.regions.RJ:Itaguaí,0.6380610412926392,2.7,40
Brazil.regions.GO:Senador Canedo,0.710951526032316,2.1794871794871793,39
Brazil.regions.PR:Piraquara,0.7001795332136446,2.2564102564102564,39
Brazil.regions.PE:Cabo de Santo Agostinho,1.1102230246251565e-16,7.256410256410256,39
Brazil.regions.SP:Jacareí,0.6248811912556765,2.7941176470588234,34
Brazil.regions.SC:Capivari de Baixo,0.8036897170804185,1.5172413793103448,29
Brazil.regions.RJ:Armação dos Búzios,0.8111054116440113,1.4642857142857142,28
Brazil.regions.MG:São José da Lapa,0.869756814101518,1.0454545454545454,22
Brazil.regions.SP:Cosmópolis,0.7760964349833291,1.7142857142857142,14
