region,similarity,distance,days
Brazil.regions.RS:Dois Irmãos,0.9411852353538774,0.5333333333333333,30
Brazil.regions.MG:Coronel Fabriciano,0.9318523535387742,0.6,30
Brazil.regions.SP:Taubaté,0.9318523535387742,0.6,30
Brazil.regions.PR:Piraquara,0.9131865899085676,0.7333333333333333,30
Brazil.regions.GO:Senador Canedo,0.908520149001016,0.7666666666666667,30
Brazil.regions.BA:Feira de Santana,0.8431899762952929,1.2333333333333334,30
Brazil.regions.SC:Brusque,0.801192008127328,1.5333333333333334,30
Brazil.regions.RJ:Itaguaí,0.7871926854046732,1.6333333333333333,30
Brazil.regions.SP:Jacareí,0.7405282763291567,1.9666666666666666,30
Brazil.regions.PE:Cabo de Santo Agostinho,0.4278767355231967,4.2,30
Brazil.regions.RJ:Armação dos Búzios,0.8508562720719849,1.1785714285714286,28
Brazil.regions.MG:São José da Lapa,0.9306350211281085,0.6086956521739131,23
Brazil.regions.SP:Cosmópolis,0.959850998984084,0.4,15
