region,similarity,distance,days
Brazil.regions.RS:Porto Alegre,0.13934514224369265,8.592592592592593,54
Brazil.regions.RS:Cachoeirinha,0.9893719806763285,0.6666666666666666,42
Brazil.regions.RS:Esteio,1.0,0.5675675675675675,37
