region,similarity,distance,days
Brazil.regions.RN:Passa e Fica,0.9732664444371102,0.43902439024390244,41
Brazil.regions.PR:Matinhos,0.9717812469058384,0.4634146341463415,41
Brazil.regions.SE:Propriá,0.9717812469058384,0.4634146341463415,41
Brazil.regions.PR:Araucária,0.9673256543120234,0.5365853658536586,41
Brazil.regions.SP:Águas de Lindóia,0.9658404567807518,0.5609756097560976,41
Saint_Lucia,0.9643552592494802,0.5853658536585366,41
Brazil.regions.SP:Itupeva,0.9613848641869369,0.6341463414634146,41
Brazil.regions.MT:Várzea Grande,0.9584144691243935,0.6829268292682927,41
Brazil.regions.MG:Poços de Caldas,0.9509884814680353,0.8048780487804879,41
Brazil.regions.RJ:Seropédica,0.9509884814680353,0.8048780487804879,41
Brazil.regions.RJ:São Pedro da Aldeia,0.9376217036865904,1.024390243902439,41
Brazil.regions.SP:Mairiporã,0.9212845308426021,1.2926829268292683,41
Brazil.regions.RS:Caxias do Sul,0.9108881481237004,1.4634146341463414,41
United_States_Virgin_Islands,0.8915805802171689,1.7804878048780488,41
Guam,0.7920723456219677,3.4146341463414633,41
Brazil.regions.SP:Piracicaba,0.7549424073401763,4.024390243902439,41
Brazil.regions.CE:Caucaia,0.07472193801775628,15.195121951219512,41
Brazil.regions.SP:Atibaia,0.9284506089309879,1.175,40
Brazil.regions.SP:São Roque,0.9272665764546685,1.1944444444444444,36
Brazil.regions.SP:Sertãozinho,0.9425865068625556,0.9428571428571428,35
Brazil.regions.PE:Moreno,0.8747341967910304,2.057142857142857,35
Brazil.regions.SP:Artur Nogueira,0.9677624771153387,0.5294117647058824,34
Brazil.regions.PE:Garanhuns,0.8948210111944889,1.7272727272727273,33
Brazil.regions.PE:Santa Cruz do Capibaribe,0.956785542799773,0.7096774193548387,31
Brazil.regions.PE:São José da Coroa Grande,0.9269282814614344,1.2,30
Brazil.regions.SP:Aparecida,0.9634641407307172,0.6,25
Brazil.regions.RJ:Pinheiral,0.9238836265223275,1.25,24
Brazil.regions.ES:Piúma,0.9162719891745602,1.375,24
Brazil.regions.PE:Condado,0.926287301474254,1.2105263157894737,19
Brazil.regions.ES:Marataízes,0.7492637108970788,4.117647058823529,17
Brazil.regions.SE:Pedrinhas,0.969553450608931,0.5,2
