region,similarity,distance,days
Brazil.regions.PR:Pinhais,0.30329572581303954,6.785714285714286,42
Brazil.regions.SP:Guarujá,0.28146339544776555,6.976190476190476,42
Brazil.regions.CE:Maracanaú,0.09043050475161807,8.642857142857142,42
Brazil.regions.MG:Ribeirão das Neves,0.315077196772349,6.682926829268292,41
