region,similarity,distance,days
Brazil.regions.SP:Santana de Parnaíba,0.12541450644217433,4.254545454545455,55
Brazil.regions.SC:Itajaí,0.0,4.788461538461538,52
Brazil.regions.SP:Paulínia,0.2616837156776489,3.6744186046511627,43
Brazil.regions.SP:Nova Odessa,0.2579118603963323,3.6904761904761907,42
Brazil.regions.SP:Indaiatuba,0.25395601217446384,3.707317073170732,41
Brazil.regions.MG:João Monlevade,0.5339903837927553,2.515151515151515,33
Brazil.regions.PE:Abreu e Lima,0.22079633146826816,3.8484848484848486,33
Brazil.regions.MG:São Lourenço,0.5375494071146245,2.5,32
