region,similarity,distance,days
Brazil.regions.CE:Juazeiro do Norte,0.9254437869822485,1.0,27
Brazil.regions.GO:Águas Lindas de Goiás,0.9193951347797502,1.037037037037037,27
Brazil.regions.RS:Campo Bom,0.9133464825772518,1.0740740740740742,27
Brazil.regions.RS:Novo Hamburgo,0.8528599605522682,1.4444444444444444,27
Brazil.regions.SP:Caieiras,0.7560815253122946,2.037037037037037,27
Brazil.regions.SP:São José do Rio Preto,0.7137409598948061,2.2962962962962963,27
Brazil.regions.SP:Ribeirão Preto,0.5625246548323471,3.2222222222222223,27
