region,similarity,distance,days
Sweden.regions.Uppsala,0.5695289499509323,17.785714285714285,56
Equatorial_Guinea,0.4993130520117762,19.714285714285715,56
Sweden.regions.Östergötland,0.0,33.42857142857143,56
Montenegro,0.30422160763672046,25.072727272727274,55
Djibouti,0.050663322792861454,32.03703703703704,54
Fiji,0.5129538763493622,19.339622641509433,53
