region,similarity,distance,days
Brazil.regions.AM:Tefé,0.9353591160220994,1.125,8
Brazil.regions.PA:Alenquer,0.9353591160220994,1.125,8
Sweden.regions.Gävleborg,0.9353591160220994,1.125,8
Belize,0.9281767955801105,1.25,8
Brazil.regions.AC:Feijó,0.9281767955801105,1.25,8
Brazil.regions.AM:Boca do Acre,0.9281767955801105,1.25,8
Brazil.regions.AP:Oiapoque,0.9281767955801105,1.25,8
Brazil.regions.MT:Cáceres,0.9281767955801105,1.25,8
Brazil.regions.PA:Marabá,0.9281767955801105,1.25,8
Brazil.regions.PA:Óbidos,0.9281767955801105,1.25,8
Brazil.regions.AM:Carauari,0.9209944751381216,1.375,8
Brazil.regions.RR:Alto Alegre,0.9209944751381216,1.375,8
Brazil.regions.MT:Aripuanã,0.9138121546961326,1.5,8
Brazil.regions.AM:Urucará,0.9066298342541437,1.625,8
Brazil.regions.PA:Santarém,0.8994475138121547,1.75,8
Brazil.regions.RO:Guajará-Mirim,0.8994475138121547,1.75,8
Brazil.regions.AM:Presidente Figueiredo,0.8922651933701657,1.875,8
New_Caledonia,0.8850828729281768,2.0,8
Sweden.regions.Västernorrland,0.8850828729281768,2.0,8
Sweden.regions.Dalarna,0.8779005524861878,2.125,8
Sweden.regions.Värmland,0.8132596685082873,3.25,8
Brazil.regions.RR:Amajari,0.9671665351223362,0.5714285714285714,7
Brazil.regions.PA:Portel,0.860457774269929,2.4285714285714284,7
