region,similarity,distance,days
Brazil.regions.PR:Ibiporã,0.9901442307692307,0.125,16
Brazil.regions.BA:Itaparica,0.9852163461538461,0.1875,16
Brazil.regions.MG:Itaúna,0.9852163461538461,0.1875,16
Brazil.regions.RS:Charqueadas,0.9852163461538461,0.1875,16
Brazil.regions.RS:Estrela,0.9852163461538461,0.1875,16
Brazil.regions.RS:Santa Cruz do Sul,0.9852163461538461,0.1875,16
Brazil.regions.RS:Teutônia,0.9852163461538461,0.1875,16
Brazil.regions.GO:Cidade Ocidental,0.9802884615384615,0.25,16
Brazil.regions.SC:Biguaçu,0.9802884615384615,0.25,16
Brazil.regions.GO:Trindade,0.9753605769230769,0.3125,16
Brazil.regions.MG:Barbacena,0.9753605769230769,0.3125,16
Brazil.regions.MG:Guaxupé,0.9753605769230769,0.3125,16
Brazil.regions.PA:Castanhal,0.9753605769230769,0.3125,16
Brazil.regions.RJ:Mendes,0.9753605769230769,0.3125,16
Brazil.regions.SP:Campos do Jordão,0.9753605769230769,0.3125,16
Brazil.regions.MG:Lavras,0.9704326923076924,0.375,16
Brazil.regions.PA:Salinópolis,0.9655048076923077,0.4375,16
Brazil.regions.SP:Cabreúva,0.9655048076923077,0.4375,16
Brazil.regions.PE:Bom Jardim,0.9605769230769231,0.5,16
Brazil.regions.PE:Goiana,0.9605769230769231,0.5,16
Brazil.regions.PE:Palmares,0.9605769230769231,0.5,16
Brazil.regions.SC:Gaspar,0.9605769230769231,0.5,16
Brazil.regions.SE:Maruim,0.9605769230769231,0.5,16
Brazil.regions.SP:Engenheiro Coelho,0.9605769230769231,0.5,16
Brazil.regions.PE:Timbaúba,0.9556490384615385,0.5625,16
Brazil.regions.SP:Mogi Guaçu,0.9556490384615385,0.5625,16
Brazil.regions.SP:São João da Boa Vista,0.9556490384615385,0.5625,16
Brazil.regions.SP:Mogi Mirim,0.9507211538461539,0.625,16
Brazil.regions.PR:Paranaguá,0.9457932692307692,0.6875,16
Brazil.regions.SP:Cordeirópolis,0.9457932692307692,0.6875,16
Brazil.regions.PI:Água Branca,0.9162259615384616,1.0625,16
Brazil.regions.MA:Imperatriz,0.9014423076923077,1.25,16
Brazil.regions.PE:Ipojuca,0.8965144230769231,1.3125,16
Brazil.regions.PB:Santa Rita,0.8570913461538462,1.8125,16
Brazil.regions.MT:Cuiabá,0.8127403846153847,2.375,16
Brazil.regions.SE:Laranjeiras,0.9737179487179487,0.3333333333333333,12
Brazil.regions.AL:Campo Alegre,0.9713286713286713,0.36363636363636365,11
Brazil.regions.PE:Barreiros,0.913986013986014,1.0909090909090908,11
Brazil.regions.BA:Governador Mangabeira,0.9921153846153846,0.1,10
Brazil.regions.PB:Puxinanã,1.0,0.0,2
