region,similarity,distance,days
Brazil.regions.GO:Anápolis,0.44977254759652163,3.3684210526315788,38
Brazil.regions.SP:Jaguariúna,0.4279993260669527,3.473684210526316,38
Brazil.regions.SP:Rio Claro,0.4007827991549917,3.6052631578947367,38
Brazil.regions.PR:Foz do Iguaçu,0.37356627224303074,3.736842105263158,38
Brazil.regions.RN:São Gonçalo do Amarante,0.3409064399486774,3.8947368421052633,38
Brazil.regions.SP:Catanduva,0.5023393252893377,3.1142857142857143,35
Brazil.regions.PE:Vitória de Santo Antão,0.1832061068702291,4.6571428571428575,35
Brazil.regions.SP:Presidente Prudente,0.38605385517910695,3.676470588235294,34
