region,similarity,distance,days
Brazil.regions.RS:São Sebastião do Caí,0.9781746031746031,0.09375,32
Brazil.regions.SC:Cocal do Sul,0.9781746031746031,0.09375,32
Brazil.regions.SP:Porto Ferreira,0.9781746031746031,0.09375,32
Brazil.regions.SC:Porto Belo,0.9636243386243386,0.15625,32
Brazil.regions.SP:Tatuí,0.9490740740740741,0.21875,32
Brazil.regions.RS:Torres,0.9417989417989419,0.25,32
Brazil.regions.ES:Cachoeiro de Itapemirim,0.9345238095238095,0.28125,32
Brazil.regions.PE:João Alfredo,0.9345238095238095,0.28125,32
Brazil.regions.SC:Balneário Piçarras,0.9345238095238095,0.28125,32
Brazil.regions.SC:Araranguá,0.9272486772486772,0.3125,32
Brazil.regions.PE:Macaparana,0.919973544973545,0.34375,32
Brazil.regions.SP:Assis,0.8835978835978836,0.5,32
Brazil.regions.SP:Pindamonhangaba,0.8763227513227514,0.53125,32
Brazil.regions.SP:Votuporanga,0.8544973544973545,0.625,32
Brazil.regions.PB:Patos,0.8472222222222222,0.65625,32
Brazil.regions.RJ:Tanguá,0.8472222222222222,0.65625,32
Brazil.regions.SP:Birigui,0.7235449735449735,1.1875,32
Brazil.regions.PE:Arcoverde,0.7017195767195767,1.28125,32
Brazil.regions.RJ:Teresópolis,0.6798941798941799,1.375,32
Liechtenstein,0.4398148148148149,2.40625,32
Brazil.regions.SP:Araraquara,0.42526455026455035,2.46875,32
Brazil.regions.SP:Mairinque,0.9116949461777049,0.3793103448275862,29
Brazil.regions.PR:Apucarana,0.7912789636927569,0.896551724137931,29
Brazil.regions.BA:Irecê,0.9827552420145013,0.07407407407407407,27
Brazil.regions.SP:Barrinha,0.9650793650793651,0.15,20
Brazil.regions.CE:Uruburetama,0.7671957671957672,1.0,20
Brazil.regions.SP:Barra Bonita,0.8529657477025898,0.631578947368421,19
Brazil.regions.SP:Bom Jesus dos Perdões,0.974132863021752,0.1111111111111111,18
Brazil.regions.SP:Holambra,0.8835978835978836,0.5,18
Brazil.regions.MG:Raposos,0.9576719576719577,0.18181818181818182,11
Brazil.regions.PB:Nova Floresta,1.0,0.0,9
Brazil.regions.PB:São Sebastião de Lagoa de Roça,0.8544973544973545,0.625,8
Brazil.regions.AL:Cajueiro,0.9223985890652557,0.3333333333333333,3
Brazil.regions.RS:Portão,0.7671957671957672,1.0,2
