region,similarity,distance,days
Brazil.regions.RS:Sapiranga,0.9266416510318949,0.8292682926829268,41
Aruba,0.8058161350844277,2.1951219512195124,41
Brazil.regions.SP:Cajamar,0.7691369606003753,2.6097560975609757,41
Brazil.regions.SP:Bauru,0.6483114446529081,3.975609756097561,41
Brazil.regions.RJ:Itaboraí,0.4735459662288931,5.951219512195122,41
San_Marino,0.3613508442776736,7.219512195121951,41
Brazil.regions.RJ:Iguaba Grande,0.8843195266272189,1.3076923076923077,39
Brazil.regions.PE:Carpina,0.8713286713286713,1.4545454545454546,33
Brazil.regions.RS:Imbé,0.9286600496277916,0.8064516129032258,31
Brazil.regions.SC:Penha,0.9115384615384615,1.0,26
Brazil.regions.GO:Novo Gama,0.9557692307692308,0.5,20
Brazil.regions.SC:Bombinhas,0.9778846153846154,0.25,8
