region,similarity,distance,days
Mauritius,0.6762786891343973,6.666666666666667,51
Brazil.regions.SP:Mogi das Cruzes,0.56058606904429,8.941176470588236,51
Brazil.regions.PI:Teresina,0.2753439195117843,14.549019607843137,51
Brazil.regions.RS:Gravataí,0.9831979393699227,0.6326530612244898,49
Brazil.regions.PR:Almirante Tamandaré,1.0,0.3023255813953488,43
Brazil.regions.RJ:Magé,0.7254480526726927,5.7,40
Brazil.regions.CE:Pacatuba,0.8146677645171116,3.945945945945946,37
