region,similarity,distance,days
Brazil.regions.MG:Santa Luzia,0.8467623265468608,2.96875,32
Brazil.regions.PR:Sarandi,0.8432968181301184,3.03125,32
Brazil.regions.RS:Lajeado,0.841564063921747,3.0625,32
Brazil.regions.SP:Arujá,0.8277020302547771,3.3125,32
Brazil.regions.SC:Criciúma,0.820771013421292,3.4375,32
Brazil.regions.ES:Serra,0.47595292595541405,9.65625,32
