region,similarity,distance,days
Brazil.regions.RS:Alvorada,0.15024465619366456,8.472727272727273,55
Brazil.regions.RS:Cachoeirinha,0.07596020818235705,9.162790697674419,43
Brazil.regions.RS:Esteio,-2.220446049250313e-16,9.868421052631579,38
