region,similarity,distance,days
Brazil.regions.BA:Barra,0.962059620596206,0.25925925925925924,27
Brazil.regions.RO:Vilhena,0.962059620596206,0.25925925925925924,27
Brazil.regions.MT:Tangará da Serra,0.94579945799458,0.37037037037037035,27
Brazil.regions.AM:Santo Antônio do Içá,0.9295392953929539,0.48148148148148145,27
Brazil.regions.AP:Mazagão,0.8102981029810298,1.2962962962962963,27
Brazil.regions.AM:São Paulo de Olivença,0.5772357723577235,2.888888888888889,27
Brazil.regions.RR:Mucajaí,0.8930581613508443,0.7307692307692307,26
Brazil.regions.MT:Vila Bela da Santíssima Trindade,0.9554612937433722,0.30434782608695654,23
Brazil.regions.AM:Juruá,0.5291622481442205,3.217391304347826,23
Brazil.regions.MA:Balsas,0.6674057649667404,2.272727272727273,22
Brazil.regions.PA:Pacajá,0.9512195121951219,0.3333333333333333,21
Brazil.regions.RR:Caroebe,0.867595818815331,0.9047619047619048,21
Brazil.regions.AM:Beruri,0.7700348432055749,1.5714285714285714,21
Brazil.regions.AM:Maraã,0.7585365853658537,1.65,20
Brazil.regions.MT:Querência,0.9229781771501926,0.5263157894736842,19
Brazil.regions.AM:Nhamundá,0.8690629011553274,0.8947368421052632,19
Brazil.regions.PA:Anapu,0.9105691056910569,0.6111111111111112,18
Brazil.regions.AM:Codajás,0.9024390243902439,0.6666666666666666,18
Brazil.regions.PA:Porto de Moz,0.8780487804878049,0.8333333333333334,18
Brazil.regions.AM:Fonte Boa,0.7317073170731707,1.8333333333333333,18
Brazil.regions.PA:Paragominas,0.4878048780487805,3.5,18
Brazil.regions.MT:Poconé,0.9542682926829268,0.3125,16
Brazil.regions.MT:Peixoto de Azevedo,0.8874296435272044,0.7692307692307693,13
Brazil.regions.PA:Prainha,0.9634146341463414,0.25,12
Brazil.regions.AP:Calçoene,0.9390243902439024,0.4166666666666667,12
Brazil.regions.PA:Ourilândia do Norte,0.7804878048780488,1.5,12
Brazil.regions.AM:Eirunepé,0.8403547671840355,1.0909090909090908,11
Brazil.regions.PA:Uruará,0.9560975609756097,0.3,10
Brazil.regions.AC:Tarauacá,0.7365853658536585,1.8,10
Brazil.regions.BA:Pilão Arcado,0.967479674796748,0.2222222222222222,9
Brazil.regions.PA:Chaves,0.9349593495934959,0.4444444444444444,9
Brazil.regions.PA:Senador José Porfírio,0.9349593495934959,0.4444444444444444,9
Brazil.regions.TO:Formoso do Araguaia,0.9414634146341463,0.4,5
Brazil.regions.PA:Novo Repartimento,0.8829268292682927,0.8,5
Brazil.regions.MS:Ribas do Rio Pardo,0.8536585365853658,1.0,5
Brazil.regions.PA:Faro,1.0,0.0,4
Brazil.regions.PA:Santana do Araguaia,0.8536585365853658,1.0,4
