region,similarity,distance,days
Suriname,1.0,2.230769230769231,39
Brazil.regions.AC,0.9348131662176409,5.461538461538462,39
Brazil.regions.AP,0.6352641443129905,20.307692307692307,39
