region,similarity,distance,days
Brazil.regions.SP:Itu,0.7135537959944107,1.0789473684210527,38
Saint_Vincent_and_the_Grenadines,0.7135537959944107,1.0789473684210527,38
Brazil.regions.BA:Conceição do Jacuípe,0.6856078248719143,1.1842105263157894,38
Brazil.regions.MG:Pouso Alegre,0.503959012575687,1.868421052631579,38
Cayman_Islands,0.34326967862133195,2.473684210526316,38
Brazil.regions.MG:Ubá,0.6627601052379813,1.2702702702702702,37
Brazil.regions.CE:Pindoretama,0.533604400861038,1.7567567567567568,37
Brazil.regions.RJ:Paracambi,0.4192477876106194,2.1875,32
Brazil.regions.PE:Machados,0.7433628318584071,0.9666666666666667,30
Brazil.regions.SC:Rio do Sul,0.7256637168141593,1.0333333333333334,30
Brazil.regions.CE:Pacajus,0.38938053097345127,2.3,30
Brazil.regions.SP:Cruzeiro,0.7914032869785081,0.7857142857142857,28
Brazil.regions.PE:Chã de Alegria,0.7439949431099873,0.9642857142857143,28
Brazil.regions.SP:Santa Gertrudes,0.872173058013766,0.48148148148148145,27
Brazil.regions.MG:Lagoa Santa,0.8451327433628318,0.5833333333333334,24
Brazil.regions.RS:Xangri-lá,0.9823008849557522,0.06666666666666667,15
Brazil.regions.MG:Juatuba,1.0,0.0,13
