region,similarity,distance,days
Brazil.regions.SP:Jaguariúna,1.0,0.7959183673469388,49
Brazil.regions.GO:Anápolis,0.9312123817712812,1.1224489795918366,49
Brazil.regions.PR:Foz do Iguaçu,0.8710232158211522,1.4081632653061225,49
Brazil.regions.RN:São Gonçalo do Amarante,0.8025222126683863,1.7333333333333334,45
Brazil.regions.CE:Horizonte,0.4081775806670589,3.6052631578947367,38
Brazil.regions.SP:Catanduva,0.851676698194325,1.5,36
Brazil.regions.SP:Presidente Prudente,0.7583834909716252,1.9428571428571428,35
Brazil.regions.PE:Vitória de Santo Antão,0.06018916595012902,5.257142857142857,35
