region,similarity,distance,days
Brazil.regions.SP:Vinhedo,0.5380434782608696,4.846153846153846,39
Brazil.regions.RS:Estância Velha,0.470788043478261,5.538461538461538,39
Brazil.regions.SP:Jundiaí,0.470788043478261,5.538461538461538,39
Brazil.regions.MA:São José de Ribamar,0.38858695652173914,6.384615384615385,39
Brazil.regions.SP:Águas de São Pedro,0.5525362318840579,4.696969696969697,33
