region,similarity,distance,days
Brazil.regions.RS:Torres,0.8431764705882353,0.62,50
Brazil.regions.ES:Cachoeiro de Itapemirim,0.8229411764705883,0.7,50
Liechtenstein,0.5649411764705883,1.72,50
Brazil.regions.SP:Tatuí,0.8170212765957446,0.723404255319149,47
Brazil.regions.RJ:Teresópolis,0.3647058823529412,2.511627906976744,43
Brazil.regions.PB:Patos,0.30000000000000004,2.7674418604651163,43
Brazil.regions.SP:Votuporanga,0.8133053221288515,0.7380952380952381,42
Brazil.regions.RS:São Sebastião do Caí,0.9136298421807747,0.34146341463414637,41
Brazil.regions.SP:Assis,0.8166176470588236,0.725,40
Brazil.regions.SP:Araraquara,0.24117647058823533,3.0,40
Brazil.regions.SC:Araranguá,0.8832579185520362,0.46153846153846156,39
Brazil.regions.RJ:Tanguá,0.7744038155802861,0.8918918918918919,37
Brazil.regions.SP:Birigui,0.6908496732026144,1.2222222222222223,36
Brazil.regions.PE:Macaparana,0.8771428571428571,0.4857142857142857,35
Brazil.regions.SP:Pindamonhangaba,0.819327731092437,0.7142857142857143,35
Brazil.regions.PE:Arcoverde,0.6801038062283737,1.2647058823529411,34
Brazil.regions.SC:Cocal do Sul,0.9386809269162211,0.24242424242424243,33
Brazil.regions.PE:João Alfredo,0.9156862745098039,0.3333333333333333,33
Brazil.regions.SC:Balneário Piçarras,0.9003565062388592,0.3939393939393939,33
Brazil.regions.PR:Paiçandu,0.9604779411764706,0.15625,32
Brazil.regions.SP:Porto Ferreira,0.9525735294117648,0.1875,32
Brazil.regions.PR:Apucarana,0.781947261663286,0.8620689655172413,29
Brazil.regions.SP:Mairinque,0.8644957983193278,0.5357142857142857,28
Brazil.regions.BA:Irecê,0.9344226579520697,0.25925925925925924,27
Brazil.regions.CE:Uruburetama,0.7597058823529412,0.95,20
Brazil.regions.SP:Barrinha,0.920123839009288,0.3157894736842105,19
Brazil.regions.SP:Barra Bonita,0.8173202614379085,0.7222222222222222,18
Brazil.regions.SP:Bom Jesus dos Perdões,0.9404844290657439,0.23529411764705882,17
Brazil.regions.SP:Holambra,0.8363321799307959,0.6470588235294118,17
Brazil.regions.MG:Raposos,0.8735294117647059,0.5,10
Brazil.regions.PB:Nova Floresta,0.8735294117647059,0.5,8
Brazil.regions.PB:São Sebastião de Lagoa de Roça,0.7831932773109244,0.8571428571428571,7
Brazil.regions.AL:Cajueiro,0.8735294117647059,0.5,2
Brazil.regions.RS:Portão,0.7470588235294118,1.0,1
