region,similarity,distance,days
Brazil.regions.AM:Codajás,0.8874296435272044,0.7692307692307693,13
Brazil.regions.PA:Monte Alegre,0.8874296435272044,0.7692307692307693,13
Brazil.regions.RR:Mucajaí,0.8761726078799249,0.8461538461538461,13
Brazil.regions.AM:Juruá,0.8649155722326454,0.9230769230769231,13
Brazil.regions.AM:Nhamundá,0.8649155722326454,0.9230769230769231,13
Brazil.regions.MT:Querência,0.8649155722326454,0.9230769230769231,13
Brazil.regions.MT:Vila Bela da Santíssima Trindade,0.8649155722326454,0.9230769230769231,13
Brazil.regions.RO:Vilhena,0.8649155722326454,0.9230769230769231,13
Brazil.regions.RR:Caroebe,0.8649155722326454,0.9230769230769231,13
Brazil.regions.BA:Barra,0.8536585365853658,1.0,13
Brazil.regions.MT:Poconé,0.8536585365853658,1.0,13
Brazil.regions.PA:Pacajá,0.8536585365853658,1.0,13
Brazil.regions.PA:Porto de Moz,0.8536585365853658,1.0,13
Brazil.regions.MT:Tangará da Serra,0.8424015009380863,1.0769230769230769,13
Brazil.regions.AM:Beruri,0.8311444652908068,1.1538461538461537,13
Brazil.regions.AP:Mazagão,0.8311444652908068,1.1538461538461537,13
Brazil.regions.AM:Santo Antônio do Içá,0.8198874296435272,1.2307692307692308,13
Brazil.regions.AM:Fonte Boa,0.8086303939962476,1.3076923076923077,13
Brazil.regions.AM:São Paulo de Olivença,0.8086303939962476,1.3076923076923077,13
Brazil.regions.PA:Anapu,0.797373358348968,1.3846153846153846,13
Brazil.regions.AM:Maraã,0.7298311444652907,1.8461538461538463,13
Brazil.regions.MA:Balsas,0.7073170731707317,2.0,13
Brazil.regions.PA:Paragominas,0.44840525328330205,3.769230769230769,13
Brazil.regions.PA:Prainha,0.8658536585365854,0.9166666666666666,12
Brazil.regions.AP:Calçoene,0.8414634146341463,1.0833333333333333,12
Brazil.regions.PA:Ourilândia do Norte,0.7073170731707317,2.0,12
Brazil.regions.AM:Eirunepé,0.7605321507760532,1.6363636363636365,11
Brazil.regions.PA:Uruará,0.8536585365853658,1.0,10
Brazil.regions.AC:Tarauacá,0.6634146341463414,2.3,10
Brazil.regions.BA:Pilão Arcado,0.8699186991869918,0.8888888888888888,9
Brazil.regions.PA:Chaves,0.8699186991869918,0.8888888888888888,9
Brazil.regions.PA:Senador José Porfírio,0.8373983739837398,1.1111111111111112,9
Brazil.regions.PA:Novo Repartimento,0.9414634146341463,0.4,5
Brazil.regions.TO:Formoso do Araguaia,0.8829268292682927,0.8,5
Brazil.regions.MS:Ribas do Rio Pardo,0.8536585365853658,1.0,5
Brazil.regions.PA:Faro,0.9634146341463414,0.25,4
Brazil.regions.PA:Santana do Araguaia,0.8170731707317073,1.25,4
