region,similarity,distance,days
Brazil.regions.GO:Cidade Ocidental,0.9645192307692307,0.45,40
Brazil.regions.RS:Charqueadas,0.9586057692307692,0.525,40
Brazil.regions.MG:Lavras,0.9526923076923077,0.6,40
Brazil.regions.RS:Estrela,0.9507211538461539,0.625,40
Brazil.regions.SC:Biguaçu,0.94875,0.65,40
Brazil.regions.MG:Barbacena,0.9408653846153846,0.75,40
Brazil.regions.GO:Trindade,0.9388942307692307,0.775,40
Brazil.regions.SC:Gaspar,0.9329807692307692,0.85,40
Brazil.regions.PE:Palmares,0.9270673076923077,0.925,40
Brazil.regions.SP:Mogi Guaçu,0.9211538461538462,1.0,40
Brazil.regions.PE:Goiana,0.8758173076923077,1.575,40
Brazil.regions.MT:Cuiabá,0.7516346153846154,3.15,40
Brazil.regions.PA:Castanhal,0.7240384615384615,3.5,40
Brazil.regions.MA:Imperatriz,0.06370192307692313,11.875,40
Brazil.regions.RS:Santa Cruz do Sul,0.9211538461538462,1.0,37
Brazil.regions.PE:Bom Jardim,0.9256593406593406,0.9428571428571428,35
Brazil.regions.PE:Timbaúba,0.9053846153846153,1.2,35
Brazil.regions.PB:Santa Rita,0.4570879120879121,6.885714285714286,35
Brazil.regions.SP:São João da Boa Vista,0.9115967365967366,1.121212121212121,33
Brazil.regions.PE:Ipojuca,0.8127403846153847,2.375,32
Brazil.regions.SP:Campos do Jordão,0.9429045092838196,0.7241379310344828,29
Brazil.regions.RS:Teutônia,0.9184350132625995,1.0344827586206897,29
Brazil.regions.PA:Salinópolis,0.8504641909814323,1.896551724137931,29
Brazil.regions.SP:Mogi Mirim,0.9386752136752137,0.7777777777777778,27
Brazil.regions.RJ:Mendes,0.926994301994302,0.9259259259259259,27
Brazil.regions.MG:Itaúna,0.9484467455621302,0.6538461538461539,26
Brazil.regions.MG:Guaxupé,0.9558461538461538,0.56,25
Brazil.regions.PR:Ibiporã,0.9534090909090909,0.5909090909090909,22
Brazil.regions.SP:Cabreúva,0.936923076923077,0.8,20
Brazil.regions.PI:Água Branca,0.8796558704453441,1.5263157894736843,19
Brazil.regions.SP:Engenheiro Coelho,0.9211538461538462,1.0,18
Brazil.regions.SP:Cordeirópolis,0.9080128205128205,1.1666666666666667,18
Brazil.regions.RJ:Cordeiro,0.9457932692307692,0.6875,16
Brazil.regions.BA:Itaparica,0.9408653846153846,0.75,16
Brazil.regions.SE:Maruim,0.9063701923076923,1.1875,16
Brazil.regions.SE:Laranjeiras,0.9540064102564103,0.5833333333333334,12
Brazil.regions.AL:Campo Alegre,0.9498251748251748,0.6363636363636364,11
Brazil.regions.PE:Barreiros,0.8638111888111888,1.7272727272727273,11
Brazil.regions.BA:Governador Mangabeira,0.9448076923076923,0.7,10
Brazil.regions.PB:Puxinanã,0.9605769230769231,0.5,2
