region,similarity,distance,days
Brazil.regions.GO:Anápolis,0.4580712313888763,3.3684210526315788,38
Brazil.regions.SP:Jaguariúna,0.435896275512513,3.473684210526316,38
Brazil.regions.SP:Rio Claro,0.4081775806670589,3.6052631578947367,38
Brazil.regions.PR:Foz do Iguaçu,0.3804588858216047,3.736842105263158,38
Brazil.regions.RN:São Gonçalo do Amarante,0.34719645200705973,3.8947368421052633,38
Brazil.regions.SP:Catanduva,0.48301805674978504,3.25,36
Brazil.regions.SP:Presidente Prudente,0.4032674118658641,3.6285714285714286,35
Brazil.regions.PE:Vitória de Santo Antão,0.1865864144453997,4.6571428571428575,35
