region,similarity,distance,days
Brazil.regions.MG:Timóteo,0.9831979393699227,0.6326530612244898,49
Mauritius,0.6655520862513067,6.877551020408164,49
Brazil.regions.SP:Mogi das Cruzes,0.6011924689527637,8.142857142857142,49
Brazil.regions.PI:Teresina,0.32922118294924274,13.489795918367347,49
Brazil.regions.PR:Almirante Tamandaré,0.979890637205669,0.6976744186046512,43
Brazil.regions.RJ:Magé,0.7305345385559647,5.6,40
Brazil.regions.CE:Pacatuba,0.8077941349451225,4.081081081081081,37
