region,similarity,distance,days
Brazil.regions.MG:Poços de Caldas,0.939106901217862,1.0,19
Brazil.regions.MT:Várzea Grande,0.939106901217862,1.0,19
Brazil.regions.PE:Santa Cruz do Capibaribe,0.939106901217862,1.0,19
Brazil.regions.SP:Itupeva,0.939106901217862,1.0,19
Brazil.regions.PR:Araucária,0.93590200128196,1.0526315789473684,19
Brazil.regions.RN:Passa e Fica,0.93590200128196,1.0526315789473684,19
Brazil.regions.SP:Aparecida,0.93590200128196,1.0526315789473684,19
Brazil.regions.SP:Artur Nogueira,0.93590200128196,1.0526315789473684,19
Brazil.regions.PR:Matinhos,0.932697101346058,1.105263157894737,19
Brazil.regions.RJ:Seropédica,0.932697101346058,1.105263157894737,19
Brazil.regions.SE:Propriá,0.932697101346058,1.105263157894737,19
Brazil.regions.SP:Sertãozinho,0.932697101346058,1.105263157894737,19
Brazil.regions.SP:Águas de Lindóia,0.932697101346058,1.105263157894737,19
Brazil.regions.ES:Piúma,0.929492201410156,1.1578947368421053,19
Brazil.regions.SP:Mairiporã,0.929492201410156,1.1578947368421053,19
Brazil.regions.PR:Arapongas,0.926287301474254,1.2105263157894737,19
Brazil.regions.RJ:São Pedro da Aldeia,0.926287301474254,1.2105263157894737,19
Brazil.regions.PE:Moreno,0.923082401538352,1.263157894736842,19
Brazil.regions.RJ:Pinheiral,0.923082401538352,1.263157894736842,19
Brazil.regions.RS:Caxias do Sul,0.923082401538352,1.263157894736842,19
Brazil.regions.PE:Garanhuns,0.916672601666548,1.368421052631579,19
Brazil.regions.PE:São José da Coroa Grande,0.916672601666548,1.368421052631579,19
Brazil.regions.SP:Atibaia,0.916672601666548,1.368421052631579,19
Brazil.regions.SP:Piracicaba,0.913467701730646,1.4210526315789473,19
Saint_Lucia,0.910262801794744,1.4736842105263157,19
Brazil.regions.SP:São Roque,0.8974432020511359,1.6842105263157894,19
Brazil.regions.CE:Caucaia,0.884623602307528,1.894736842105263,19
United_States_Virgin_Islands,0.8141158037176839,3.0526315789473686,19
Guam,0.6891247062175059,5.105263157894737,19
Brazil.regions.ES:Marataízes,0.7678450608930988,3.8125,16
Brazil.regions.SE:Pedrinhas,1.0,0.0,2
