region,similarity,distance,days
Brazil.regions.RS:Erechim,0.9960036188089804,0.4642857142857143,28
Brazil.regions.RS:Guaíba,0.9950719471202764,0.5357142857142857,28
Brazil.regions.SP:Boituva,0.9950719471202764,0.5357142857142857,28
Brazil.regions.PE:Lagoa do Carro,0.9936744395872205,0.6428571428571429,28
Brazil.regions.SC:Içara,0.9936744395872205,0.6428571428571429,28
Brazil.regions.SC:Imbituba,0.9918110962098124,0.7857142857142857,28
Brazil.regions.RJ:Três Rios,0.9913452603654604,0.8214285714285714,28
Brazil.regions.RJ:Angra dos Reis,0.9908794245211084,0.8571428571428571,28
Brazil.regions.SP:Caçapava,0.9908794245211084,0.8571428571428571,28
Brazil.regions.SP:Mirassol,0.9908794245211084,0.8571428571428571,28
Brazil.regions.ES:Viana,0.9848235585445326,1.3214285714285714,28
Brazil.regions.PE:Chã Grande,0.9834260510114767,1.4285714285714286,28
Brazil.regions.CE:Itaitinga,0.9829602151671247,1.4642857142857142,28
Brazil.regions.SP:Caraguatatuba,0.9820285434784207,1.5357142857142858,28
Brazil.regions.RJ:Saquarema,0.975041005813141,2.0714285714285716,28
Brazil.regions.RS:Passo Fundo,0.9713143190583251,2.357142857142857,28
Luxembourg,0.24693958109098746,57.892857142857146,28
Brazil.regions.SP:Monte Mor,0.9885329921199281,1.037037037037037,27
Brazil.regions.AL:Rio Largo,0.9769388555493899,1.9259259259259258,27
Brazil.regions.PE:Cupira,0.993531105481266,0.6538461538461539,26
Brazil.regions.PE:Surubim,0.9880127424020193,1.0769230769230769,26
Brazil.regions.MG:Viçosa,0.9912844991683711,0.8260869565217391,23
Brazil.regions.PE:Nazaré da Mata,0.9857552302332366,1.25,20
Brazil.regions.PE:Camocim de São Félix,0.9931350507148129,0.6842105263157895,19
Brazil.regions.AL:Santa Luzia do Norte,0.9890160811437005,1.0,18
Brazil.regions.PB:Lagoa Seca,0.992494322114862,0.7333333333333333,15
Brazil.regions.SP:Igaraçu do Tietê,0.992494322114862,0.7333333333333333,15
