region,similarity,distance,days
Brazil.regions.RJ:Porto Real,0.9652406417112299,0.18181818181818182,11
Brazil.regions.MA:Raposa,0.9478609625668449,0.2727272727272727,11
Brazil.regions.BA:Camaçari,0.9304812834224598,0.36363636363636365,11
Brazil.regions.PE:Caruaru,0.9304812834224598,0.36363636363636365,11
Brazil.regions.PE:Lagoa de Itaenga,0.8957219251336899,0.5454545454545454,11
Brazil.regions.SP:Itatiba,0.8957219251336899,0.5454545454545454,11
Brazil.regions.PE:Ilha de Itamaracá,0.8783422459893049,0.6363636363636364,11
Brazil.regions.RS:Ivoti,0.8783422459893049,0.6363636363636364,11
Brazil.regions.SC:Camboriú,0.8609625668449198,0.7272727272727273,11
Brazil.regions.SP:Mongaguá,0.8609625668449198,0.7272727272727273,11
Brazil.regions.RJ:Petrópolis,0.8435828877005348,0.8181818181818182,11
Brazil.regions.MG:Juiz de Fora,0.8262032085561497,0.9090909090909091,11
Brazil.regions.SP:Ourinhos,0.8262032085561497,0.9090909090909091,11
Brazil.regions.PE:Igarassu,0.7393048128342246,1.3636363636363635,11
Brazil.regions.BA:Santo Antônio de Jesus,0.9235294117647059,0.4,10
