region,similarity,distance,days
Brazil.regions.BA:Conceição do Jacuípe,0.7724399494310998,0.8571428571428571,28
Brazil.regions.SE:Itabaiana,0.7439949431099873,0.9642857142857143,28
Brazil.regions.PE:Machados,0.7345132743362832,1.0,28
Brazil.regions.SC:Rio do Sul,0.7345132743362832,1.0,28
Brazil.regions.MG:Ubá,0.7155499367888749,1.0714285714285714,28
Saint_Vincent_and_the_Grenadines,0.6965865992414665,1.1428571428571428,28
Brazil.regions.CE:Pindoretama,0.6586599241466498,1.2857142857142858,28
Brazil.regions.SP:Itu,0.6491782553729456,1.3214285714285714,28
Brazil.regions.MG:Pouso Alegre,0.6207332490518331,1.4285714285714286,28
Brazil.regions.RJ:Paracambi,0.42161820480404555,2.1785714285714284,28
Cayman_Islands,0.40265486725663713,2.25,28
Brazil.regions.CE:Pacajus,0.28887484197218705,2.6785714285714284,28
Brazil.regions.SP:Cruzeiro,0.6656833824975418,1.2592592592592593,27
Brazil.regions.SP:Santa Gertrudes,0.744724302246426,0.9615384615384616,26
Brazil.regions.MG:Lagoa Santa,0.849942285494421,0.5652173913043478,23
Brazil.regions.RS:Xangri-lá,0.8672566371681416,0.5,14
Brazil.regions.MG:Juatuba,0.9336283185840708,0.25,12
