region,similarity,distance,days
Brazil.regions.RS:Estância Velha,0.9026478766430738,1.0930232558139534,43
Brazil.regions.SP:Jundiaí,0.5140609201213346,5.093023255813954,43
Brazil.regions.MA:Paço do Lumiar,0.5380434782608696,4.846153846153846,39
Brazil.regions.MA:São José de Ribamar,0.07223731884057982,9.64102564102564,39
Brazil.regions.SP:Águas de São Pedro,0.8999094202898551,1.121212121212121,33
