region,similarity,distance,days
Brazil.regions.AL,0.9941778119234649,16.576271186440678,59
Armenia,0.6877864709909741,32.101694915254235,59
Albania,0.6770828433601448,32.644067796610166,59
Slovenia,0.4208647569471665,45.6271186440678,59
Moldova,0.1422359501821393,59.74576271186441,59
