region,similarity,distance,days
Brazil.regions.SP:São José dos Campos,1.0,0.0,7
Brazil.regions.PB:Campina Grande,0.9827643354325489,0.14285714285714285,7
Brazil.regions.SP:Votorantim,0.9827643354325489,0.14285714285714285,7
Brazil.regions.BA:Simões Filho,0.9655286708650977,0.2857142857142857,7
Brazil.regions.AL:Arapiraca,0.9482930062976467,0.42857142857142855,7
Brazil.regions.CE:Eusébio,0.9482930062976467,0.42857142857142855,7
Brazil.regions.RJ:Rio das Ostras,0.9482930062976467,0.42857142857142855,7
Brazil.regions.SC:Blumenau,0.8104076897580378,1.5714285714285714,7
Barbados,0.7242293669207822,2.2857142857142856,7
