region,similarity,distance,days
Brazil.regions.RJ:Barra Mansa,1.0,0.22580645161290322,31
Brazil.regions.RS:Tramandaí,0.9878978036754819,0.3225806451612903,31
Brazil.regions.SC:Chapecó,0.9717615419094576,0.45161290322580644,31
Brazil.regions.SP:Américo Brasiliense,0.9717615419094576,0.45161290322580644,31
Brazil.regions.MG:Divinópolis,0.9596593455849395,0.5483870967741935,31
Brazil.regions.MG:Itajubá,0.9596593455849395,0.5483870967741935,31
Brazil.regions.SC:Jaraguá do Sul,0.9596593455849395,0.5483870967741935,31
Brazil.regions.SC:Timbó,0.9596593455849395,0.5483870967741935,31
Grenada,0.9556252801434334,0.5806451612903226,31
Curaçao,0.9515912147019274,0.6129032258064516,31
Brazil.regions.BA:Candeias,0.9435230838189153,0.6774193548387096,31
Brazil.regions.PR:São José dos Pinhais,0.9435230838189153,0.6774193548387096,31
Brazil.regions.MG:Varginha,0.923352756611385,0.8387096774193549,31
Brazil.regions.PI:Parnaíba,0.923352756611385,0.8387096774193549,31
Brazil.regions.SC:Tubarão,0.8830121021963245,1.1612903225806452,31
Brazil.regions.PA:Benevides,0.8305692514567459,1.5806451612903225,31
Brazil.regions.PR:Londrina,0.7176154190945765,2.4838709677419355,31
Brazil.regions.SP:Bragança Paulista,0.6651725683549978,2.903225806451613,31
Brazil.regions.PE:Itapissuma,0.890676826535186,1.1,30
Brazil.regions.AL:Satuba,0.8298737229323483,1.5862068965517242,29
Brazil.regions.MG:Conselheiro Lafaiete,0.9272316656897562,0.8076923076923077,26
Brazil.regions.SP:Serrana,0.9131869116987897,0.92,25
Brazil.regions.PB:Guarabira,0.4029583146571045,5.0,20
Brazil.regions.SE:Barra dos Coqueiros,0.7413452158093179,2.2941176470588234,17
Brazil.regions.SE:Carmópolis,0.9031824294038547,1.0,3
