region,similarity,distance,days
Brazil.regions.RN:Passa e Fica,0.9626337802927789,0.6136363636363636,44
Brazil.regions.SE:Propriá,0.9612498462295486,0.6363636363636364,44
Brazil.regions.MT:Várzea Grande,0.9598659121663181,0.6590909090909091,44
Saint_Lucia,0.9487944396604748,0.8409090909090909,44
Brazil.regions.MG:Poços de Caldas,0.9474105055972444,0.8636363636363636,44
Brazil.regions.SP:Itupeva,0.9474105055972444,0.8636363636363636,44
Brazil.regions.RS:Caxias do Sul,0.9238836265223275,1.25,44
Brazil.regions.SP:Mairiporã,0.9211157583958667,1.2954545454545454,44
United_States_Virgin_Islands,0.8809816705621848,1.9545454545454546,44
Guam,0.777186615819904,3.659090909090909,44
Brazil.regions.SP:Piracicaba,0.7716508795669824,3.75,44
Brazil.regions.CE:Caucaia,0.06584450731947344,15.340909090909092,44
Brazil.regions.PR:Matinhos,0.9674292727444378,0.5348837209302325,43
Brazil.regions.RJ:São Pedro da Aldeia,0.937657065532573,1.0238095238095237,42
Brazil.regions.SP:Águas de Lindóia,0.9792072345621967,0.34146341463414637,41
Brazil.regions.PR:Araucária,0.9688108518432952,0.5121951219512195,41
Brazil.regions.PR:Arapongas,0.9509884814680353,0.8048780487804879,41
Brazil.regions.SP:Atibaia,0.9360622462787551,1.05,40
Brazil.regions.SP:São Roque,0.9374154262516915,1.0277777777777777,36
Brazil.regions.SP:Sertãozinho,0.9599845350860235,0.6571428571428571,35
Brazil.regions.PE:Moreno,0.8851730137251111,1.8857142857142857,35
Brazil.regions.SP:Artur Nogueira,0.9767173445833002,0.38235294117647056,34
Brazil.regions.PE:Garanhuns,0.9095829745356132,1.4848484848484849,33
Brazil.regions.PE:Santa Cruz do Capibaribe,0.9764284778907852,0.3870967741935484,31
Brazil.regions.PE:São José da Coroa Grande,0.9472259810554804,0.8666666666666667,30
Brazil.regions.SP:Aparecida,0.9902571041948579,0.16,25
Brazil.regions.RJ:Pinheiral,0.9543301759133965,0.75,24
Brazil.regions.ES:Piúma,0.9467185385656293,0.875,24
Brazil.regions.PE:Condado,0.932697101346058,1.105263157894737,19
Brazil.regions.ES:Marataízes,0.7564276048714479,4.0,17
Brazil.regions.SE:Pedrinhas,1.0,0.0,2
