region,similarity,distance,days
New_Caledonia,0.8092375690607735,3.32,50
Sweden.regions.Värmland,0.8023425414364641,3.44,50
Sweden.regions.Västernorrland,0.7161546961325966,4.94,50
Sweden.regions.Gävleborg,0.46563535911602205,9.3,50
Sweden.regions.Dalarna,0.1289281767955801,15.16,50
Belize,0.813552824444695,3.2448979591836733,49
Brazil.regions.AM:Boca do Acre,0.8239567415069943,3.0638297872340425,47
Brazil.regions.PA:Santarém,0.8122085972240938,3.268292682926829,41
Brazil.regions.AP:Oiapoque,0.8926432102355336,1.868421052631579,38
Brazil.regions.MT:Aripuanã,0.9521178637200737,0.8333333333333334,36
Brazil.regions.MT:Cáceres,0.9409453652547575,1.0277777777777777,36
Brazil.regions.RR:Alto Alegre,0.9638831886345699,0.6285714285714286,35
Brazil.regions.AM:Presidente Figueiredo,0.7194670133246668,4.882352941176471,34
Brazil.regions.AM:Tefé,0.3302486187845304,11.65625,32
Brazil.regions.PA:Óbidos,0.9815311760063141,0.32142857142857145,28
Brazil.regions.AM:Carauari,0.7193370165745856,4.884615384615385,26
Brazil.regions.PA:Alenquer,0.9848793253852864,0.2631578947368421,19
Brazil.regions.AM:Urucará,0.7904452388690283,3.6470588235294117,17
Brazil.regions.RO:Guajará-Mirim,0.9329650092081031,1.1666666666666667,12
Brazil.regions.AC:Feijó,1.0,0.0,9
Brazil.regions.AC:Sena Madureira,0.9671665351223362,0.5714285714285714,7
Brazil.regions.RR:Amajari,0.9343330702446725,1.1428571428571428,7
Brazil.regions.PA:Portel,0.8440410418310971,2.7142857142857144,7
