region,similarity,distance,days
Bahrain,0.0,29.123076923076923,65
Brazil.regions.RJ:Duque de Caxias,0.5479378446442829,15.408163265306122,49
Brazil.regions.RJ:Queimados,1.0,4.093023255813954,43
