region,similarity,distance,days
Brazil.regions.SP:Vargem Grande Paulista,1.0,0.6666666666666666,51
Brazil.regions.MG:Betim,0.9158437097466724,0.8235294117647058,51
Sint_Maarten,0.4529841133533705,1.6862745098039216,51
Brazil.regions.SP:Ribeirão Pires,0.25182481751824826,2.061224489795918,49
Brazil.regions.PA:Marituba,0.2463503649635035,2.0714285714285716,42
Brazil.regions.RJ:Japeri,0.391970802919708,1.8,35
