region,similarity,distance,days
Brazil.regions.AL:Maceió,0.5479378446442829,15.408163265306122,49
Bahrain,0.3710076835090873,19.836734693877553,49
Brazil.regions.RJ:Queimados,0.6896753812947584,11.86046511627907,43
