region,similarity,distance,days
Brazil.regions.BA:Conceição do Jacuípe,0.8577749683944375,0.5357142857142857,28
Brazil.regions.MG:Ubá,0.838811630847029,0.6071428571428571,28
Brazil.regions.PE:Machados,0.838811630847029,0.6071428571428571,28
Brazil.regions.SP:Itu,0.8103666245259166,0.7142857142857143,28
Saint_Vincent_and_the_Grenadines,0.8008849557522124,0.75,28
Brazil.regions.SE:Itabaiana,0.7914032869785081,0.7857142857142857,28
Brazil.regions.SC:Rio do Sul,0.7819216182048041,0.8214285714285714,28
Brazil.regions.CE:Pindoretama,0.7439949431099873,0.9642857142857143,28
Brazil.regions.MG:Pouso Alegre,0.7060682680151706,1.1071428571428572,28
Brazil.regions.PE:Chã de Alegria,0.668141592920354,1.25,28
Cayman_Islands,0.4500632111251579,2.0714285714285716,28
Brazil.regions.RJ:Paracambi,0.4121365360303413,2.2142857142857144,28
Brazil.regions.CE:Pacajus,0.33628318584070793,2.5,28
Brazil.regions.SP:Santa Gertrudes,0.872173058013766,0.48148148148148145,27
Brazil.regions.MG:Lagoa Santa,0.8561946902654867,0.5416666666666666,24
Brazil.regions.RS:Xangri-lá,0.911504424778761,0.3333333333333333,15
Brazil.regions.MG:Juatuba,0.8978897208985704,0.38461538461538464,13
