region,similarity,distance,days
Brazil.regions.PR:São José dos Pinhais,0.8516887705328657,1.411764705882353,17
Brazil.regions.AL:Satuba,0.8149075856250165,1.7058823529411764,17
Brazil.regions.SC:Tubarão,0.8149075856250165,1.7058823529411764,17
Brazil.regions.SC:Jaraguá do Sul,0.785482637698737,1.9411764705882353,17
Brazil.regions.MG:Varginha,0.7707701637355974,2.0588235294117645,17
Brazil.regions.PA:Benevides,0.7707701637355974,2.0588235294117645,17
Brazil.regions.SC:Timbó,0.7707701637355974,2.0588235294117645,17
Brazil.regions.SP:Américo Brasiliense,0.7707701637355974,2.0588235294117645,17
Brazil.regions.MG:Itajubá,0.7634139267540274,2.1176470588235294,17
Brazil.regions.PE:Itapissuma,0.7634139267540274,2.1176470588235294,17
Brazil.regions.SC:Chapecó,0.7634139267540274,2.1176470588235294,17
Curaçao,0.7634139267540274,2.1176470588235294,17
Brazil.regions.BA:Candeias,0.7487014527908877,2.235294117647059,17
Brazil.regions.MG:Divinópolis,0.7487014527908877,2.235294117647059,17
Brazil.regions.PR:Londrina,0.7487014527908877,2.235294117647059,17
Brazil.regions.RJ:Barra Mansa,0.7487014527908877,2.235294117647059,17
Brazil.regions.RS:Tramandaí,0.7487014527908877,2.235294117647059,17
Brazil.regions.MG:Conselheiro Lafaiete,0.7413452158093179,2.2941176470588234,17
Brazil.regions.MG:Nova Serrana,0.7413452158093179,2.2941176470588234,17
Brazil.regions.PI:Parnaíba,0.7413452158093179,2.2941176470588234,17
Grenada,0.7413452158093179,2.2941176470588234,17
Brazil.regions.SP:Serrana,0.7045640309014687,2.588235294117647,17
Brazil.regions.SP:Bragança Paulista,0.5721517652332112,3.6470588235294117,17
Brazil.regions.PB:Guarabira,0.5574392912700714,3.764705882352941,17
Brazil.regions.SE:Carmópolis,0.9031824294038547,1.0,3
