region,similarity,distance,days
Brazil.regions.RS:São Sebastião do Caí,0.8112398112398113,0.8108108108108109,37
Brazil.regions.SP:Tatuí,0.8112398112398113,0.8108108108108109,37
Brazil.regions.SC:Porto Belo,0.7923637923637924,0.8918918918918919,37
Brazil.regions.ES:Cachoeiro de Itapemirim,0.7734877734877734,0.972972972972973,37
Brazil.regions.RS:Torres,0.7734877734877734,0.972972972972973,37
Brazil.regions.SP:Assis,0.7671957671957672,1.0,37
Brazil.regions.PB:Patos,0.7357357357357357,1.135135135135135,37
Brazil.regions.SC:Araranguá,0.7357357357357357,1.135135135135135,37
Brazil.regions.SP:Votuporanga,0.697983697983698,1.2972972972972974,37
Brazil.regions.SP:Birigui,0.6791076791076791,1.3783783783783783,37
Brazil.regions.RJ:Teresópolis,0.5847275847275848,1.7837837837837838,37
Liechtenstein,0.4714714714714715,2.27027027027027,37
Brazil.regions.SP:Araraquara,0.37079937079937086,2.7027027027027026,37
Brazil.regions.SP:Pindamonhangaba,0.7736625514403292,0.9722222222222222,36
Brazil.regions.PE:Macaparana,0.7871504157218443,0.9142857142857143,35
Brazil.regions.SC:Cocal do Sul,0.8219732337379396,0.7647058823529411,34
Brazil.regions.SC:Balneário Piçarras,0.7877373171490819,0.9117647058823529,34
Brazil.regions.PE:Arcoverde,0.6097105508870215,1.6764705882352942,34
Brazil.regions.SP:Porto Ferreira,0.8306878306878307,0.7272727272727273,33
Brazil.regions.PE:João Alfredo,0.7954144620811288,0.8787878787878788,33
Brazil.regions.PR:Paiçandu,0.8472222222222222,0.65625,32
Brazil.regions.SP:Mairinque,0.7752234993614304,0.9655172413793104,29
Brazil.regions.PR:Apucarana,0.6869184455391353,1.3448275862068966,29
Brazil.regions.BA:Irecê,0.810307662159514,0.8148148148148148,27
Brazil.regions.SP:Barrinha,0.7788359788359789,0.95,20
Brazil.regions.CE:Uruburetama,0.6507936507936508,1.5,20
Brazil.regions.SP:Barra Bonita,0.7549429128376497,1.0526315789473684,19
Brazil.regions.SP:Bom Jesus dos Perdões,0.8189300411522634,0.7777777777777778,18
Brazil.regions.SP:Holambra,0.7283950617283951,1.1666666666666667,18
Brazil.regions.MG:Raposos,0.873015873015873,0.5454545454545454,11
Brazil.regions.PB:Nova Floresta,0.8965314520870077,0.4444444444444444,9
Brazil.regions.PB:São Sebastião de Lagoa de Roça,0.8253968253968254,0.75,8
Brazil.regions.AL:Cajueiro,0.9223985890652557,0.3333333333333333,3
Brazil.regions.RS:Portão,0.7671957671957672,1.0,2
