region,similarity,distance,days
Brazil.regions.MT:Várzea Grande,0.947805915329596,0.8571428571428571,42
Brazil.regions.SP:Itupeva,0.940556736903151,0.9761904761904762,42
Brazil.regions.RJ:Seropédica,0.937657065532573,1.0238095238095237,42
Brazil.regions.PR:Matinhos,0.936207229847284,1.0476190476190477,42
Brazil.regions.RN:Passa e Fica,0.934757394161995,1.0714285714285714,42
Brazil.regions.SE:Propriá,0.933307558476706,1.0952380952380953,42
Saint_Lucia,0.928958051420839,1.1666666666666667,42
Brazil.regions.MG:Poços de Caldas,0.91300985888266,1.4285714285714286,42
Brazil.regions.SP:Mairiporã,0.91300985888266,1.4285714285714286,42
Brazil.regions.RS:Caxias do Sul,0.8941619949739029,1.7380952380952381,42
United_States_Virgin_Islands,0.86951478832399,2.142857142857143,42
Brazil.regions.SP:Piracicaba,0.7796249758360719,3.619047619047619,42
Guam,0.7796249758360719,3.619047619047619,42
Brazil.regions.CE:Caucaia,0.1083510535472646,14.642857142857142,42
Brazil.regions.PR:Arapongas,0.9376217036865904,1.024390243902439,41
Brazil.regions.PR:Araucária,0.9376217036865904,1.024390243902439,41
Brazil.regions.SP:Águas de Lindóia,0.9361365061553186,1.048780487804878,41
Brazil.regions.SP:Atibaia,0.9025710419485792,1.6,40
Brazil.regions.SP:São Roque,0.93234100135318,1.1111111111111112,36
Brazil.regions.SP:Sertãozinho,0.9408467040402088,0.9714285714285714,35
Brazil.regions.PE:Moreno,0.8869128165474579,1.8571428571428572,35
Brazil.regions.SP:Artur Nogueira,0.9480617686858235,0.8529411764705882,34
Brazil.regions.PE:Garanhuns,0.9022019928650511,1.606060606060606,33
Brazil.regions.PE:Santa Cruz do Capibaribe,0.9469640752542668,0.8709677419354839,31
Brazil.regions.PE:São José da Coroa Grande,0.939106901217862,1.0,30
Brazil.regions.SP:Aparecida,0.9561569688768606,0.72,25
Brazil.regions.ES:Piúma,0.9340324763193505,1.0833333333333333,24
Brazil.regions.RJ:Pinheiral,0.9264208389715832,1.2083333333333333,24
Brazil.regions.PE:Condado,0.926287301474254,1.2105263157894737,19
Brazil.regions.ES:Marataízes,0.7743373398073709,3.7058823529411766,17
Brazil.regions.SE:Pedrinhas,1.0,0.0,2
