region,similarity,distance,days
Brazil.regions.SP:Votorantim,0.8731343283582089,1.0,38
Brazil.regions.RJ:Rio das Ostras,0.7696386488609583,1.8157894736842106,38
Brazil.regions.PB:Campina Grande,0.7195600942655145,2.210526315789474,38
Barbados,0.6527886881382561,2.736842105263158,38
Brazil.regions.SP:São José dos Campos,0.48919874312647293,4.026315789473684,38
Brazil.regions.SC:Blumenau,0.4825216025137471,4.078947368421052,38
Brazil.regions.CE:Eusébio,0.29556166535742345,5.552631578947368,38
Brazil.regions.AL:Arapiraca,0.7621268656716418,1.875,24
Brazil.regions.BA:Madre de Deus,0.9637526652452025,0.2857142857142857,7
