region,similarity,distance,days
Brazil.regions.BA:Lauro de Freitas,0.9698412102556402,1.9705882352941178,34
Brazil.regions.PE:Paulista,0.24290701602913023,17.61764705882353,34
Brazil.regions.SP:Várzea Paulista,0.9917038927887684,1.5,28
