region,similarity,distance,days
Brazil.regions.SP:Taubaté,0.9011284944857656,0.8214285714285714,28
Brazil.regions.PR:Piraquara,0.8961272121056681,0.8571428571428571,28
Brazil.regions.RS:Dois Irmãos,0.8811233649653758,0.9642857142857143,28
Brazil.regions.MG:Coronel Fabriciano,0.8761220825852782,1.0,28
Brazil.regions.BA:Feira de Santana,0.8611182354449859,1.1071428571428572,28
Brazil.regions.GO:Senador Canedo,0.8561169530648884,1.1428571428571428,28
Brazil.regions.SC:Capivari de Baixo,0.851115670684791,1.1785714285714286,28
Brazil.regions.SC:Brusque,0.8111054116440113,1.4642857142857142,28
Brazil.regions.RJ:Itaguaí,0.7760964349833291,1.7142857142857142,28
Brazil.regions.SP:Jacareí,0.7660938702231341,1.7857142857142858,28
Brazil.regions.PE:Cabo de Santo Agostinho,0.5210310335983587,3.5357142857142856,28
Brazil.regions.MG:São José da Lapa,0.9143136934878408,0.7272727272727273,22
Brazil.regions.SP:Cosmópolis,0.8961272121056681,0.8571428571428571,14
