region,similarity,distance,days
Brazil.regions.MG:Sabará,0.5351239669421487,3.2954545454545454,44
Brazil.regions.MG:Sete Lagoas,0.5351239669421487,3.2954545454545454,44
Brazil.regions.RS:Bento Gonçalves,0.445354801937874,3.9318181818181817,44
Brazil.regions.PE:São Lourenço da Mata,0.27543459675121107,5.136363636363637,44
Brazil.regions.BA:Dias d'Ávila,0.606327914266968,2.7906976744186047,43
Brazil.regions.SC:Palhoça,0.5912707981673498,2.8974358974358974,39
Brazil.regions.SP:Embu-Guaçu,0.5650470219435736,3.0833333333333335,36
Brazil.regions.MG:Mário Campos,0.670846394984326,2.3333333333333335,33
Brazil.regions.BA:Cruz das Almas,0.7178683385579937,2.0,18
Comoros,0.8025078369905956,1.4,10
Brazil.regions.SP:Pedreira,1.0,0.0,3
