region,similarity,distance,days
Brazil.regions.SC:Criciúma,0.7234702001819836,5.1923076923076925,52
Brazil.regions.ES:Serra,0.07208257506824378,16.94,50
Brazil.regions.SP:Arujá,0.8060979033163611,3.702127659574468,47
Brazil.regions.MG:Santa Luzia,0.857631421126644,2.772727272727273,44
Brazil.regions.PR:Sarandi,0.9203821656050956,1.641025641025641,39
Brazil.regions.SP:Cubatão,0.841564063921747,3.0625,32
