region,similarity,distance,days
Brazil.regions.ES:Cachoeiro de Itapemirim,0.7681372549019608,0.9166666666666666,36
Brazil.regions.SP:Votuporanga,0.7400326797385621,1.0277777777777777,36
Brazil.regions.RS:São Sebastião do Caí,0.697875816993464,1.1944444444444444,36
Brazil.regions.SC:Porto Belo,0.6908496732026144,1.2222222222222223,36
Brazil.regions.RS:Torres,0.6838235294117647,1.25,36
Brazil.regions.SC:Araranguá,0.6767973856209151,1.2777777777777777,36
Brazil.regions.PB:Patos,0.6697712418300654,1.3055555555555556,36
Brazil.regions.SP:Tatuí,0.6697712418300654,1.3055555555555556,36
Brazil.regions.RJ:Tanguá,0.6486928104575164,1.3888888888888888,36
Brazil.regions.SP:Assis,0.6486928104575164,1.3888888888888888,36
Brazil.regions.RJ:Teresópolis,0.5714052287581699,1.6944444444444444,36
Liechtenstein,0.4730392156862745,2.0833333333333335,36
Brazil.regions.SP:Araraquara,0.17794117647058827,3.25,36
Brazil.regions.PE:Macaparana,0.7181512605042017,1.1142857142857143,35
Brazil.regions.SP:Pindamonhangaba,0.7181512605042017,1.1142857142857143,35
Brazil.regions.PE:Arcoverde,0.6057093425605536,1.5588235294117647,34
Brazil.regions.SC:Balneário Piçarras,0.7470588235294118,1.0,33
Brazil.regions.SC:Cocal do Sul,0.7087344028520499,1.1515151515151516,33
Brazil.regions.PE:João Alfredo,0.6550802139037434,1.3636363636363635,33
Brazil.regions.PR:Paiçandu,0.6996323529411765,1.1875,32
Brazil.regions.SP:Porto Ferreira,0.6917279411764706,1.21875,32
Brazil.regions.PR:Apucarana,0.642393509127789,1.4137931034482758,29
Brazil.regions.SP:Mairinque,0.6838235294117647,1.25,28
Brazil.regions.BA:Irecê,0.822004357298475,0.7037037037037037,27
Brazil.regions.CE:Uruburetama,0.6964705882352942,1.2,20
Brazil.regions.SP:Barrinha,0.8801857585139319,0.47368421052631576,19
Brazil.regions.SP:Barra Bonita,0.7611111111111111,0.9444444444444444,18
Brazil.regions.SP:Bom Jesus dos Perdões,0.8660899653979239,0.5294117647058824,17
Brazil.regions.SP:Holambra,0.8214532871972318,0.7058823529411765,17
Brazil.regions.MG:Raposos,0.8988235294117647,0.4,10
Brazil.regions.PB:Nova Floresta,0.9683823529411765,0.125,8
Brazil.regions.PB:São Sebastião de Lagoa de Roça,0.8915966386554622,0.42857142857142855,7
Brazil.regions.AL:Cajueiro,0.8735294117647059,0.5,2
Brazil.regions.RS:Portão,0.49411764705882355,2.0,1
