region,similarity,distance,days
Brazil.regions.RS:Ivoti,0.26470588235294124,3.8461538461538463,52
Brazil.regions.BA:Camaçari,0.18014705882352955,4.288461538461538,52
Brazil.regions.MG:Juiz de Fora,0.0,5.230769230769231,52
Brazil.regions.PE:Caruaru,0.37294117647058833,3.28,50
Brazil.regions.SC:Camboriú,0.3587622549019609,3.3541666666666665,48
Brazil.regions.RJ:Porto Real,0.5302521008403361,2.4571428571428573,35
Brazil.regions.SP:Itatiba,0.5247899159663866,2.4857142857142858,35
Brazil.regions.PE:Igarassu,0.1588235294117647,4.4,35
Brazil.regions.MA:Raposa,0.4995674740484429,2.6176470588235294,34
Brazil.regions.SP:Ourinhos,0.4324448529411765,2.96875,32
Brazil.regions.PE:Ilha de Itamaracá,0.48792016806722693,2.6785714285714284,28
Brazil.regions.SP:Mongaguá,0.47426470588235303,2.75,28
Brazil.regions.PE:Lagoa de Itaenga,0.7858823529411765,1.12,25
Brazil.regions.BA:Santo Antônio de Jesus,0.9235294117647059,0.4,10
Brazil.regions.MG:Igarapé,0.8470588235294118,0.8,10
