region,similarity,distance,days
Brazil.regions.SP:Mairiporã,0.07307171853856564,15.222222222222221,45
Brazil.regions.RS:Caxias do Sul,0.06224627875507438,15.4,45
Brazil.regions.MG:Poços de Caldas,0.043301759133964834,15.71111111111111,45
Brazil.regions.MT:Várzea Grande,0.03653585926928271,15.822222222222223,45
Saint_Lucia,0.016238159675236785,16.155555555555555,45
Brazil.regions.RN:Passa e Fica,0.013531799729364025,16.2,45
Brazil.regions.SE:Propriá,0.012178619756427644,16.22222222222222,45
United_States_Virgin_Islands,0.004059539918809252,16.355555555555554,45
Guam,0.0,16.42222222222222,45
Brazil.regions.RJ:Seropédica,0.06584450731947344,15.340909090909092,44
Brazil.regions.SP:Piracicaba,0.14608049847373883,14.023255813953488,43
Brazil.regions.SP:Itupeva,0.052616672436038625,15.55813953488372,43
Brazil.regions.PR:Matinhos,0.034207130943764374,15.86046511627907,43
Brazil.regions.RJ:São Pedro da Aldeia,0.1083510535472646,14.642857142857142,42
Brazil.regions.PR:Araucária,0.0925443083930162,14.902439024390244,41
Brazil.regions.PR:Arapongas,0.07472193801775628,15.195121951219512,41
Brazil.regions.SP:Águas de Lindóia,0.1398849797023004,14.125,40
Brazil.regions.SP:Atibaia,0.17716248568751947,13.512820512820513,39
Brazil.regions.PE:Moreno,0.5372124492557511,7.6,35
Brazil.regions.SP:São Roque,0.49023777305238736,8.371428571428572,35
Brazil.regions.SP:Sertãozinho,0.466289898909496,8.764705882352942,34
Brazil.regions.PE:Garanhuns,0.49993849181941197,8.212121212121213,33
Brazil.regions.SP:Artur Nogueira,0.46118833804896053,8.848484848484848,33
Brazil.regions.PE:Santa Cruz do Capibaribe,0.4833908071063774,8.483870967741936,31
Brazil.regions.PE:São José da Coroa Grande,0.5412719891745602,7.533333333333333,30
Brazil.regions.RJ:Pinheiral,0.7894113667117726,3.4583333333333335,24
Brazil.regions.SP:Aparecida,0.7640392422192152,3.875,24
Brazil.regions.ES:Piúma,0.8146731776195799,3.0434782608695654,23
Brazil.regions.PE:Condado,0.884623602307528,1.894736842105263,19
Brazil.regions.ES:Marataízes,0.775456698240866,3.6875,16
Brazil.regions.SE:Pedrinhas,1.0,0.0,2
