region,similarity,distance,days
Brazil.regions.SP:Tatuí,0.41764705882352937,2.302325581395349,43
Brazil.regions.ES:Cachoeiro de Itapemirim,0.33529411764705885,2.627906976744186,43
Brazil.regions.SC:Porto Belo,0.30000000000000004,2.7674418604651163,43
Brazil.regions.RS:Torres,0.2705882352941177,2.883720930232558,43
Brazil.regions.RJ:Teresópolis,0.26470588235294124,2.9069767441860463,43
Liechtenstein,1.1102230246251565e-16,3.953488372093023,43
Brazil.regions.SP:Votuporanga,0.41582633053221296,2.3095238095238093,42
Brazil.regions.RS:São Sebastião do Caí,0.5434720229555237,1.8048780487804879,41
Brazil.regions.SP:Assis,0.5004411764705883,1.975,40
Brazil.regions.SP:Araraquara,0.15264705882352947,3.35,40
Brazil.regions.SC:Araranguá,0.643288084464555,1.4102564102564104,39
Brazil.regions.RJ:Tanguá,0.7128775834658188,1.135135135135135,37
Brazil.regions.SP:Birigui,0.6697712418300654,1.3055555555555556,36
Brazil.regions.PE:Macaparana,0.7759663865546218,0.8857142857142857,35
Brazil.regions.SP:Pindamonhangaba,0.7759663865546218,0.8857142857142857,35
Brazil.regions.PE:Arcoverde,0.6131487889273357,1.5294117647058822,34
Brazil.regions.PE:João Alfredo,0.8467023172905526,0.6060606060606061,33
Brazil.regions.SC:Cocal do Sul,0.8237076648841355,0.696969696969697,33
Brazil.regions.SC:Balneário Piçarras,0.8007130124777184,0.7878787878787878,33
Brazil.regions.PR:Paiçandu,0.8340073529411764,0.65625,32
Brazil.regions.SP:Porto Ferreira,0.8102941176470588,0.75,32
Brazil.regions.PR:Apucarana,0.781947261663286,0.8620689655172413,29
Brazil.regions.SP:Mairinque,0.8012605042016807,0.7857142857142857,28
Brazil.regions.BA:Irecê,0.8688453159041394,0.5185185185185185,27
Brazil.regions.CE:Uruburetama,0.6964705882352942,1.2,20
Brazil.regions.SP:Barrinha,0.906811145510836,0.3684210526315789,19
Brazil.regions.SP:Barra Bonita,0.7751633986928105,0.8888888888888888,18
Brazil.regions.SP:Bom Jesus dos Perdões,0.9404844290657439,0.23529411764705882,17
Brazil.regions.SP:Holambra,0.8363321799307959,0.6470588235294118,17
Brazil.regions.MG:Raposos,0.9494117647058824,0.2,10
Brazil.regions.PB:Nova Floresta,0.9683823529411765,0.125,8
Brazil.regions.PB:São Sebastião de Lagoa de Roça,0.8915966386554622,0.42857142857142855,7
Brazil.regions.AL:Cajueiro,0.8735294117647059,0.5,2
Brazil.regions.RS:Portão,0.49411764705882355,2.0,1
