region,similarity,distance,days
Brazil.regions.BA:Juazeiro,0.9732433519880025,1.3666666666666667,30
Fiji,0.960166794688906,1.8,30
Brazil.regions.PA:Parauapebas,0.9531255715278539,2.033333333333333,30
Bahamas,0.9521196825048466,2.066666666666667,30
Brazil.regions.AC:Rio Branco,0.946084348366802,2.2666666666666666,30
Sweden.regions.Jönköping,0.9219430118146238,3.066666666666667,30
Sweden.regions.Uppsala,0.8827133399173342,4.366666666666666,30
Sweden.regions.Örebro,0.8676250045722228,4.866666666666666,30
Montenegro,0.7640184352024579,8.3,30
Sweden.regions.Östergötland,0.11220234829364661,29.9,30
