region,similarity,distance,days
Brazil.regions.RO:Vilhena,0.9933481152993349,0.045454545454545456,22
Brazil.regions.BA:Barra,0.9866962305986696,0.09090909090909091,22
Brazil.regions.MT:Tangará da Serra,0.9667405764966741,0.22727272727272727,22
Brazil.regions.PA:Monte Alegre,0.9600886917960089,0.2727272727272727,22
Brazil.regions.AM:Santo Antônio do Içá,0.9334811529933481,0.45454545454545453,22
Brazil.regions.RR:Mucajaí,0.9201773835920177,0.5454545454545454,22
Brazil.regions.AP:Mazagão,0.8403547671840355,1.0909090909090908,22
Brazil.regions.AM:São Paulo de Olivença,0.7937915742793791,1.4090909090909092,22
Brazil.regions.MA:Balsas,0.6541019955654102,2.3636363636363638,22
Brazil.regions.AM:Juruá,0.5144124168514412,3.3181818181818183,22
Brazil.regions.PA:Pacajá,0.9442508710801394,0.38095238095238093,21
Brazil.regions.RR:Caroebe,0.8885017421602788,0.7619047619047619,21
Brazil.regions.AM:Beruri,0.735191637630662,1.8095238095238095,21
Brazil.regions.AM:Maraã,0.7658536585365854,1.6,20
Brazil.regions.AM:Nhamundá,0.8921694480102695,0.7368421052631579,19
Brazil.regions.MT:Querência,0.943089430894309,0.3888888888888889,18
Brazil.regions.AM:Codajás,0.9349593495934959,0.4444444444444444,18
Brazil.regions.PA:Anapu,0.9105691056910569,0.6111111111111112,18
Brazil.regions.PA:Porto de Moz,0.8780487804878049,0.8333333333333334,18
Brazil.regions.AM:Fonte Boa,0.7154471544715446,1.9444444444444444,18
Brazil.regions.PA:Paragominas,0.4878048780487805,3.5,18
Brazil.regions.MT:Poconé,0.9902439024390244,0.06666666666666667,15
Brazil.regions.PA:Prainha,0.9634146341463414,0.25,12
Brazil.regions.MT:Peixoto de Azevedo,0.8780487804878049,0.8333333333333334,12
Brazil.regions.PA:Ourilândia do Norte,0.8048780487804879,1.3333333333333333,12
Brazil.regions.AP:Calçoene,0.9600886917960089,0.2727272727272727,11
Brazil.regions.AM:Eirunepé,0.8403547671840355,1.0909090909090908,11
Brazil.regions.PA:Uruará,0.9560975609756097,0.3,10
Brazil.regions.BA:Pilão Arcado,1.0,0.0,9
Brazil.regions.PA:Chaves,0.967479674796748,0.2222222222222222,9
Brazil.regions.PA:Senador José Porfírio,0.967479674796748,0.2222222222222222,9
Brazil.regions.AC:Tarauacá,0.7398373983739837,1.7777777777777777,9
Brazil.regions.TO:Formoso do Araguaia,0.9414634146341463,0.4,5
Brazil.regions.PA:Novo Repartimento,0.8829268292682927,0.8,5
Brazil.regions.PA:Faro,1.0,0.0,4
Brazil.regions.PA:Santana do Araguaia,0.8536585365853658,1.0,4
Brazil.regions.MS:Ribas do Rio Pardo,0.8170731707317073,1.25,4
