region,similarity,distance,days
Brazil.regions.SP:Vargem Grande Paulista,0.9927272727272727,0.68,50
Brazil.regions.PR:Colombo,0.9272727272727272,0.8,50
Sint_Maarten,0.40363636363636357,1.76,50
Brazil.regions.SP:Ribeirão Pires,0.22727272727272707,2.0833333333333335,48
Brazil.regions.PA:Marituba,0.19480519480519476,2.142857142857143,42
Brazil.regions.RJ:Japeri,0.3194805194805195,1.9142857142857144,35
