region,similarity,distance,days
Brazil.regions.SP:Itapecerica da Serra,0.6710767618548599,3.5,42
Brazil.regions.SC:Itapema,0.25945956061229825,4.738095238095238,42
Bermuda,0.07739810621654986,5.285714285714286,42
Brazil.regions.SE:Nossa Senhora do Socorro,0.664920094314907,3.5185185185185186,27
