region,similarity,distance,days
Brazil.regions.RS:Capão da Canoa,0.7518487683040306,1.5952380952380953,42
Brazil.regions.SC:Joinville,0.5885449826142318,2.5238095238095237,42
Brazil.regions.BA:Itabuna,0.3247465595768647,4.023809523809524,42
Brazil.regions.MG:Sarzedo,0.7639698320191978,1.5263157894736843,38
Brazil.regions.RJ:Cabo Frio,0.3791811548067976,3.7142857142857144,35
