region,similarity,distance,days
Brazil.regions.MG:Sete Lagoas,0.9487033342832716,0.36363636363636365,33
Brazil.regions.BA:Dias d'Ávila,0.9316044457110287,0.48484848484848486,33
Brazil.regions.MG:Sabará,0.9059561128526645,0.6666666666666666,33
Brazil.regions.RS:Bento Gonçalves,0.9059561128526645,0.6666666666666666,33
Brazil.regions.SC:Palhoça,0.8033627814192077,1.393939393939394,33
Brazil.regions.SP:Embu-Guaçu,0.7520661157024793,1.7575757575757576,33
Brazil.regions.RJ:Maricá,0.670846394984326,2.3333333333333335,33
Brazil.regions.PE:São Lourenço da Mata,0.3160444571102877,4.848484848484849,33
Brazil.regions.BA:Cruz das Almas,0.9686520376175548,0.2222222222222222,18
Comoros,0.8448275862068966,1.1,10
Brazil.regions.SP:Pedreira,0.9529780564263323,0.3333333333333333,3
