region,similarity,distance,days
Brazil.regions.PB:Campina Grande,0.2573716781943939,5.853658536585366,41
Brazil.regions.SC:Blumenau,0.2264288314524936,6.097560975609756,41
Brazil.regions.RJ:Rio das Ostras,0.22333454677830356,6.121951219512195,41
Brazil.regions.SP:Votorantim,0.20786312340735347,6.2439024390243905,41
Brazil.regions.SP:São José dos Campos,0.15835456862031305,6.634146341463414,41
Barbados,0.09956315981070252,7.097560975609756,41
Brazil.regions.BA:Simões Filho,0.29556166535742345,5.552631578947368,38
Brazil.regions.AL:Arapiraca,0.640547263681592,2.8333333333333335,24
Brazil.regions.BA:Madre de Deus,0.9456289978678039,0.42857142857142855,7
