region,similarity,distance,days
Brazil.regions.CE:Juazeiro do Norte,0.8904365488644257,1.2045454545454546,44
Brazil.regions.RS:Campo Bom,0.8867267254625439,1.2272727272727273,44
Brazil.regions.GO:Águas Lindas de Goiás,0.8273695510324359,1.5909090909090908,44
Brazil.regions.SP:Caieiras,0.6270390873308215,2.8181818181818183,44
Brazil.regions.SP:São José do Rio Preto,0.6047801469195311,2.9545454545454546,44
Brazil.regions.SP:Ribeirão Preto,7.893241280598762e-05,6.659090909090909,44
Brazil.regions.SP:Campo Limpo Paulista,0.8484870073200705,1.4615384615384615,26
