region,similarity,distance,days
Brazil.regions.BA:Conceição do Jacuípe,0.6050075545003237,1.4878048780487805,41
Saint_Vincent_and_the_Grenadines,0.5402546945823441,1.7317073170731707,41
Cayman_Islands,0.3783725447873948,2.341463414634146,41
Brazil.regions.SP:Itu,0.5221238938053097,1.8,40
Brazil.regions.SE:Itabaiana,0.503959012575687,1.868421052631579,38
Brazil.regions.CE:Pindoretama,0.42597464721358513,2.1621621621621623,37
Brazil.regions.MG:Ubá,0.7123893805309734,1.0833333333333333,36
Brazil.regions.RJ:Paracambi,0.30309734513274333,2.625,32
Brazil.regions.PE:Machados,0.8053097345132744,0.7333333333333333,30
Brazil.regions.CE:Pacajus,0.2920353982300885,2.6666666666666665,30
Brazil.regions.SC:Rio do Sul,0.7253585596582239,1.0344827586206897,29
Brazil.regions.PE:Chã de Alegria,0.6207332490518331,1.4285714285714286,28
Brazil.regions.SP:Cruzeiro,0.7050147492625368,1.1111111111111112,27
Brazil.regions.SP:Santa Gertrudes,0.744724302246426,0.9615384615384616,26
Brazil.regions.MG:Lagoa Santa,0.7345132743362832,1.0,23
Brazil.regions.RS:Xangri-lá,0.6965865992414665,1.1428571428571428,14
Brazil.regions.MG:Juatuba,0.7345132743362832,1.0,12
