region,similarity,distance,days
Brazil.regions.SP:Jundiaí,0.42595108695652184,6.0,49
Brazil.regions.SP:Vinhedo,0.9026478766430738,1.0930232558139534,43
Brazil.regions.MA:Paço do Lumiar,0.470788043478261,5.538461538461538,39
Brazil.regions.MA:São José de Ribamar,1.1102230246251565e-16,10.384615384615385,39
Brazil.regions.SP:Águas de São Pedro,1.0,0.09090909090909091,33
