region,similarity,distance,days
Brazil.regions.SP:Nova Odessa,0.8612469185109694,1.1219512195121952,41
Brazil.regions.SP:Paulínia,0.7810386855986007,1.4634146341463414,41
Brazil.regions.SP:Santana de Parnaíba,0.7237470906611946,1.7073170731707317,41
Brazil.regions.SC:Itajaí,0.47739323243034804,2.7560975609756095,41
Brazil.regions.SP:Cotia,0.25395601217446384,3.707317073170732,41
Brazil.regions.MG:João Monlevade,0.9041288092671492,0.9393939393939394,33
Brazil.regions.PE:Abreu e Lima,0.09267149188097801,4.393939393939394,33
Brazil.regions.MG:São Lourenço,0.8825522303783173,1.03125,32
