region,similarity,distance,days
Malta,0.5853060961048181,13.036363636363637,55
Brazil.regions.RJ:Volta Redonda,0.7282925097621583,11.0,49
Brazil.regions.SP:Sorocaba,1.0,7.130434782608695,46
Brazil.regions.SP:Santos,0.11104011359602417,19.790697674418606,43
