region,similarity,distance,days
Greece,0.08827129585711868,286.82456140350877,57
Tunisia,1.1102230246251565e-16,311.96491228070175,57
Tajikistan,0.9510765936548441,41.09090909090909,11
