region,similarity,distance,days
Brazil.regions.CE:Juazeiro do Norte,0.8891518737672583,1.2222222222222223,45
Brazil.regions.RS:Campo Bom,0.8855226824457594,1.2444444444444445,45
Brazil.regions.GO:Águas Lindas de Goiás,0.8347140039447731,1.5555555555555556,45
Brazil.regions.SP:São José do Rio Preto,0.6097041420118343,2.933333333333333,45
Brazil.regions.SP:Caieiras,0.5951873767258382,3.022222222222222,45
Brazil.regions.SP:Ribeirão Preto,0.0,6.666666666666667,45
Brazil.regions.SP:Campo Limpo Paulista,0.8528599605522682,1.4444444444444444,27
