region,similarity,distance,days
Barbados,0.11655359565807322,6.963636363636364,55
Brazil.regions.SC:Blumenau,0.0,7.882352941176471,51
Brazil.regions.PB:Campina Grande,0.3573977936404932,5.065217391304348,46
Brazil.regions.RJ:Rio das Ostras,0.38873812754409764,4.818181818181818,44
Brazil.regions.SP:Votorantim,0.420042643923241,4.571428571428571,42
Brazil.regions.CE:Eusébio,0.15835456862031305,6.634146341463414,41
Brazil.regions.BA:Simões Filho,0.48919874312647293,4.026315789473684,38
Brazil.regions.AL:Arapiraca,0.5295398009950248,3.7083333333333335,24
Brazil.regions.BA:Madre de Deus,1.0,0.0,7
