region,similarity,distance,days
Brazil.regions.SC:Içara,0.9632257148518497,2.977272727272727,44
Brazil.regions.RS:Erechim,0.962632832868129,3.022727272727273,44
Brazil.regions.SC:Imbituba,0.962632832868129,3.022727272727273,44
Brazil.regions.RS:Passo Fundo,0.9267634728530261,5.7727272727272725,44
Luxembourg,0.04870525496265621,73.0909090909091,44
Brazil.regions.RJ:Angra dos Reis,0.9374491365131087,4.953488372093023,43
Brazil.regions.ES:Viana,0.9573392437277656,3.4285714285714284,42
Brazil.regions.RS:Guaíba,0.974342252046613,2.125,40
Brazil.regions.RJ:Três Rios,0.9706215375462119,2.41025641025641,39
Brazil.regions.SP:Boituva,0.9821320625549435,1.5277777777777777,36
Brazil.regions.PE:Lagoa do Carro,0.9810451122514554,1.6111111111111112,36
Brazil.regions.SP:Mirassol,0.9785088948766502,1.8055555555555556,36
Brazil.regions.SP:Caraguatatuba,0.9734364601270397,2.1944444444444446,36
Brazil.regions.SP:Caçapava,0.9801926022095041,1.6764705882352942,34
Brazil.regions.PE:Chã Grande,0.9716248762878931,2.3333333333333335,30
Brazil.regions.RJ:Saquarema,0.9711900961664979,2.3666666666666667,30
Brazil.regions.SP:Leme,0.9829602151671247,1.4642857142857142,28
Brazil.regions.SP:Monte Mor,0.9832190128584314,1.4444444444444444,27
Brazil.regions.AL:Rio Largo,0.9735572323829829,2.185185185185185,27
Brazil.regions.PE:Cupira,0.9910227586270629,0.8461538461538461,26
Brazil.regions.PE:Surubim,0.9895177505145412,0.9615384615384616,26
Brazil.regions.MG:Viçosa,0.9924187081807063,0.7391304347826086,23
Brazil.regions.PE:Nazaré da Mata,0.9883639109616078,1.05,20
Brazil.regions.PE:Camocim de São Félix,0.9945080405718503,0.5789473684210527,19
Brazil.regions.AL:Santa Luzia do Norte,0.9904653482150179,0.8888888888888888,18
Brazil.regions.PB:Lagoa Seca,0.9933638823576524,0.6666666666666666,15
Brazil.regions.SP:Igaraçu do Tietê,0.9916247618720717,0.8,15
