region,similarity,distance,days
Brazil.regions.RS:Guaíba,0.9949902152641878,0.5428571428571428,35
Brazil.regions.RS:Erechim,0.9946183953033269,0.5714285714285714,35
Brazil.regions.SC:Imbituba,0.9931311154598825,0.6857142857142857,35
Brazil.regions.SC:Içara,0.9931311154598825,0.6857142857142857,35
Brazil.regions.SP:Mirassol,0.9923874755381604,0.7428571428571429,35
Brazil.regions.SP:Boituva,0.9909001956947162,0.8571428571428571,35
Brazil.regions.PE:Lagoa do Carro,0.989041095890411,1.0,35
Brazil.regions.RJ:Três Rios,0.9868101761252446,1.1714285714285715,35
Brazil.regions.CE:Itaitinga,0.9804892367906066,1.6571428571428573,35
Brazil.regions.RJ:Angra dos Reis,0.9782583170254403,1.8285714285714285,35
Brazil.regions.SP:Caraguatatuba,0.9741682974559687,2.142857142857143,35
Brazil.regions.ES:Viana,0.970078277886497,2.4571428571428573,35
Brazil.regions.RS:Passo Fundo,0.9522309197651664,3.8285714285714287,35
Luxembourg,0.02230919765166328,75.28571428571429,35
Brazil.regions.PE:Chã Grande,0.9799315068493151,1.7,30
Brazil.regions.RJ:Saquarema,0.9768949771689498,1.9333333333333333,30
Brazil.regions.SP:Leme,0.9908360888049126,0.8620689655172413,29
Brazil.regions.SP:Monte Mor,0.9909001956947162,0.8571428571428571,28
Brazil.regions.AL:Rio Largo,0.9750978473581213,2.0714285714285716,28
Brazil.regions.PE:Cupira,0.9935458377239199,0.6538461538461539,26
Brazil.regions.PE:Surubim,0.99304531085353,0.6923076923076923,26
Brazil.regions.MG:Viçosa,0.9912100456621005,0.8333333333333334,24
Brazil.regions.PE:Nazaré da Mata,0.9929452054794521,0.7,20
Brazil.regions.PE:Camocim de São Félix,0.9924657534246575,0.7368421052631579,19
Brazil.regions.AL:Santa Luzia do Norte,0.989041095890411,1.0,19
Brazil.regions.SP:Igaraçu do Tietê,0.989041095890411,1.0,16
Brazil.regions.PB:Lagoa Seca,0.9874143835616438,1.125,16
