region,similarity,distance,days
Brazil.regions.RJ:Barra Mansa,0.9824862524734616,0.36585365853658536,41
Curaçao,0.9794361054323228,0.3902439024390244,41
Brazil.regions.SC:Jaraguá do Sul,0.9733358113500453,0.43902439024390244,41
Grenada,0.9580850761443518,0.5609756097560976,41
Brazil.regions.BA:Candeias,0.9489346350209356,0.6341463414634146,41
Brazil.regions.PR:São José dos Pinhais,0.9367340468563807,0.7317073170731707,41
Brazil.regions.SC:Tubarão,0.912332870527271,0.926829268292683,41
Brazil.regions.MG:Divinópolis,0.9062325764449934,0.975609756097561,41
Brazil.regions.SC:Chapecó,0.9031824294038547,1.0,41
Brazil.regions.PI:Parnaíba,0.8269287533753867,1.6097560975609757,41
Brazil.regions.PR:Londrina,0.692722283565283,2.682926829268293,41
Brazil.regions.MG:Varginha,0.922421818432576,0.8461538461538461,39
Brazil.regions.PA:Benevides,0.806985484260249,1.7692307692307692,39
Brazil.regions.SC:Timbó,0.8829030734006081,1.162162162162162,37
Brazil.regions.SP:Bragança Paulista,0.6391752577319587,3.111111111111111,36
Brazil.regions.MG:Itajubá,0.9638156554337639,0.5151515151515151,33
Brazil.regions.SP:Américo Brasiliense,0.9539864410578216,0.59375,32
Brazil.regions.MG:Nova Serrana,0.9878978036754819,0.3225806451612903,31
Brazil.regions.PE:Itapissuma,0.9031824294038547,1.0,30
Brazil.regions.AL:Satuba,0.8341859997836134,1.5517241379310345,29
Brazil.regions.MG:Conselheiro Lafaiete,0.9416612074612971,0.6923076923076923,26
Brazil.regions.SP:Serrana,0.8931779471089197,1.08,25
Brazil.regions.PB:Guarabira,0.39045271178843577,5.1,20
Brazil.regions.SE:Barra dos Coqueiros,0.7487014527908877,2.235294117647059,17
Brazil.regions.SE:Carmópolis,0.9031824294038547,1.0,3
