region,similarity,distance,days
Brazil.regions.BA:Conceição do Jacuípe,0.8623402163225172,0.5185185185185185,27
Brazil.regions.MG:Ubá,0.8426745329400196,0.5925925925925926,27
Brazil.regions.PE:Machados,0.8426745329400196,0.5925925925925926,27
Brazil.regions.SP:Itu,0.8328416912487708,0.6296296296296297,27
Saint_Vincent_and_the_Grenadines,0.8033431661750245,0.7407407407407407,27
Brazil.regions.SC:Rio do Sul,0.783677482792527,0.8148148148148148,27
Brazil.regions.SE:Itabaiana,0.783677482792527,0.8148148148148148,27
Brazil.regions.CE:Pindoretama,0.744346116027532,0.9629629629629629,27
Brazil.regions.MG:Pouso Alegre,0.7050147492625368,1.1111111111111112,27
Brazil.regions.PE:Chã de Alegria,0.6656833824975418,1.2592592592592593,27
Brazil.regions.RJ:Paracambi,0.5378564405113078,1.7407407407407407,27
Cayman_Islands,0.4788593903638151,1.962962962962963,27
Brazil.regions.CE:Pacajus,0.3215339233038348,2.5555555555555554,27
Brazil.regions.SP:Santa Gertrudes,0.8672566371681416,0.5,26
Brazil.regions.MG:Lagoa Santa,0.849942285494421,0.5652173913043478,23
Brazil.regions.RS:Xangri-lá,0.9051833122629582,0.35714285714285715,14
Brazil.regions.MG:Juatuba,0.9336283185840708,0.25,12
