region,similarity,distance,days
Saint_Vincent_and_the_Grenadines,0.8075221238938053,0.725,40
Brazil.regions.BA:Conceição do Jacuípe,0.7942477876106194,0.775,40
Brazil.regions.MG:Pouso Alegre,0.5221238938053097,1.8,40
Cayman_Islands,0.4557522123893806,2.05,40
Brazil.regions.SE:Itabaiana,0.7135537959944107,1.0789473684210527,38
Brazil.regions.CE:Pindoretama,0.4762018655823965,1.972972972972973,37
Brazil.regions.MG:Ubá,0.7566371681415929,0.9166666666666666,36
Brazil.regions.RJ:Paracambi,0.3113938053097345,2.59375,32
Brazil.regions.PE:Machados,0.7964601769911503,0.7666666666666667,30
Brazil.regions.CE:Pacajus,0.2831858407079645,2.7,30
Brazil.regions.SC:Rio do Sul,0.7162038449801648,1.0689655172413792,29
Brazil.regions.PE:Chã de Alegria,0.6491782553729456,1.3214285714285714,28
Brazil.regions.SP:Cruzeiro,0.8328416912487708,0.6296296296296297,27
Brazil.regions.SP:Santa Gertrudes,0.8978897208985704,0.38461538461538464,26
Brazil.regions.MG:Lagoa Santa,0.849942285494421,0.5652173913043478,23
Brazil.regions.RS:Xangri-lá,0.9620733249051833,0.14285714285714285,14
Brazil.regions.MG:Juatuba,0.9557522123893806,0.16666666666666666,12
