region,similarity,distance,days
Croatia,0.0856695000051223,67.44927536231884,69
Lithuania,0.06065097345495374,68.8840579710145,69
Latvia,0.0,72.3623188405797,69
Bosnia_and_Herzegovina,0.20255086601396044,60.74626865671642,67
Brazil.regions.RN,0.5485847406392145,40.90163934426229,61
Brazil.regions.PB,0.8504629320198793,23.589285714285715,56
