region,similarity,distance,days
Brazil.regions.RS:Guaíba,0.9951541534457502,0.5294117647058824,34
Brazil.regions.RS:Erechim,0.9947705239268722,0.5588235294117647,34
Brazil.regions.SC:Içara,0.9932360058513597,0.6764705882352942,34
Brazil.regions.SC:Imbituba,0.9928523763324816,0.7058823529411765,34
Brazil.regions.SP:Mirassol,0.9924687468136035,0.7352941176470589,34
Brazil.regions.SP:Boituva,0.9909342287380911,0.8529411764705882,34
Brazil.regions.PE:Lagoa do Carro,0.9893997106625787,0.9705882352941176,34
Brazil.regions.RJ:Três Rios,0.9886324516248225,1.0294117647058822,34
Brazil.regions.CE:Itaitinga,0.9801926022095041,1.6764705882352942,34
Brazil.regions.RJ:Angra dos Reis,0.9782744546151136,1.8235294117647058,34
Brazil.regions.SP:Caraguatatuba,0.9736709003885763,2.176470588235294,34
Brazil.regions.ES:Viana,0.9717527527941858,2.323529411764706,34
Brazil.regions.RS:Passo Fundo,0.9521876473314024,3.823529411764706,34
Luxembourg,0.03914939240151061,73.82352941176471,34
Brazil.regions.PE:Chã Grande,0.9798856985944017,1.7,30
Brazil.regions.RJ:Saquarema,0.9768422377446353,1.9333333333333333,30
Brazil.regions.SP:Leme,0.9908794245211084,0.8571428571428571,28
Brazil.regions.SP:Monte Mor,0.9904653482150179,0.8888888888888888,27
Brazil.regions.AL:Rio Largo,0.9779050335969347,1.8518518518518519,27
Brazil.regions.PE:Cupira,0.993531105481266,0.6538461538461539,26
Brazil.regions.PE:Surubim,0.9930294361104254,0.6923076923076923,26
Brazil.regions.MG:Viçosa,0.9907173946622034,0.8695652173913043,23
Brazil.regions.PE:Nazaré da Mata,0.9929291022362572,0.7,20
Brazil.regions.PE:Camocim de São Félix,0.9924485557862941,0.7368421052631579,19
Brazil.regions.AL:Santa Luzia do Norte,0.9882914476080419,1.0555555555555556,18
Brazil.regions.PB:Lagoa Seca,0.9890160811437005,1.0,15
Brazil.regions.SP:Igaraçu do Tietê,0.9890160811437005,1.0,15
