region,similarity,distance,days
Saint_Lucia,0.9223088050020998,1.2758620689655173,58
Brazil.regions.SE:Propriá,0.9313568704637717,1.1272727272727272,55
Guam,0.811682453766351,3.0925925925925926,54
Brazil.regions.MG:Poços de Caldas,0.9184262261597773,1.3396226415094339,53
Brazil.regions.MT:Várzea Grande,0.9110960757780785,1.46,50
United_States_Virgin_Islands,0.878213802435724,2.0,49
Brazil.regions.SP:Mairiporã,0.8846917916678663,1.8936170212765957,47
Brazil.regions.RN:Passa e Fica,0.9377537212449256,1.0222222222222221,45
Brazil.regions.CE:Caucaia,0.06224627875507438,15.4,45
Brazil.regions.RJ:Seropédica,0.9238836265223275,1.25,44
Brazil.regions.PR:Matinhos,0.9334424269125468,1.0930232558139534,43
Brazil.regions.SP:Itupeva,0.9206973597255876,1.302325581395349,43
Brazil.regions.SP:Piracicaba,0.7592598420241055,3.953488372093023,43
Brazil.regions.RJ:São Pedro da Aldeia,0.8941619949739029,1.7380952380952381,42
Brazil.regions.PR:Araucária,0.9257401234364171,1.2195121951219512,41
Brazil.regions.PR:Arapongas,0.9108881481237004,1.4634146341463414,41
Brazil.regions.SP:Águas de Lindóia,0.9345399188092016,1.075,40
Brazil.regions.SP:Atibaia,0.9203705631310503,1.3076923076923077,39
Brazil.regions.SP:São Roque,0.9043108447709259,1.5714285714285714,35
Brazil.regions.PE:Moreno,0.8642953798569495,2.2285714285714286,35
Brazil.regions.SP:Sertãozinho,0.9032874313460161,1.588235294117647,34
Brazil.regions.SP:Artur Nogueira,0.9372616558002215,1.0303030303030303,33
Brazil.regions.PE:Garanhuns,0.8726780661828023,2.090909090909091,33
Brazil.regions.PE:Santa Cruz do Capibaribe,0.9430354882360644,0.9354838709677419,31
Brazil.regions.PE:São José da Coroa Grande,0.9167794316644113,1.3666666666666667,30
Brazil.regions.SP:Aparecida,0.9670162381596752,0.5416666666666666,24
Brazil.regions.RJ:Pinheiral,0.9213464140730717,1.2916666666666667,24
Brazil.regions.ES:Piúma,0.931164323115844,1.1304347826086956,23
Brazil.regions.PE:Condado,0.923082401538352,1.263157894736842,19
Brazil.regions.ES:Marataízes,0.7564276048714479,4.0,16
Brazil.regions.SE:Pedrinhas,1.0,0.0,2
