region,similarity,distance,days
Brazil.regions.BA:Lauro de Freitas,0.0,22.846153846153847,39
Brazil.regions.PB:Bayeux,0.09782171936131956,20.742857142857144,35
Brazil.regions.SP:Várzea Paulista,0.26227485812978035,17.20689655172414,29
