region,similarity,distance,days
Brazil.regions.MG:Barbacena,0.83984375,2.03125,32
Brazil.regions.PE:Goiana,0.8299879807692307,2.15625,32
Brazil.regions.PE:Timbaúba,0.8299879807692307,2.15625,32
Brazil.regions.SP:São João da Boa Vista,0.8250600961538461,2.21875,32
Brazil.regions.MG:Lavras,0.8225961538461539,2.25,32
Brazil.regions.GO:Cidade Ocidental,0.8201322115384615,2.28125,32
Brazil.regions.GO:Trindade,0.8201322115384615,2.28125,32
Brazil.regions.PE:Bom Jardim,0.8201322115384615,2.28125,32
Brazil.regions.RS:Charqueadas,0.8201322115384615,2.28125,32
Brazil.regions.SC:Gaspar,0.8201322115384615,2.28125,32
Brazil.regions.RS:Estrela,0.8152043269230769,2.34375,32
Brazil.regions.RS:Santa Cruz do Sul,0.8152043269230769,2.34375,32
Brazil.regions.PR:Paranaguá,0.8127403846153847,2.375,32
Brazil.regions.SP:Mogi Guaçu,0.8127403846153847,2.375,32
Brazil.regions.PE:Palmares,0.8102764423076922,2.40625,32
Brazil.regions.SC:Biguaçu,0.8102764423076922,2.40625,32
Brazil.regions.PA:Castanhal,0.7733173076923077,2.875,32
Brazil.regions.MT:Cuiabá,0.7289663461538461,3.4375,32
Brazil.regions.PB:Santa Rita,0.608233173076923,4.96875,32
Brazil.regions.MA:Imperatriz,0.5022836538461539,6.3125,32
Brazil.regions.SP:Campos do Jordão,0.8722148541114059,1.6206896551724137,29
Brazil.regions.RS:Teutônia,0.8640583554376657,1.7241379310344827,29
Brazil.regions.PA:Salinópolis,0.7797745358090186,2.793103448275862,29
Brazil.regions.SP:Mogi Mirim,0.8977920227920229,1.2962962962962963,27
Brazil.regions.RJ:Mendes,0.8861111111111111,1.4444444444444444,27
Brazil.regions.MG:Itaúna,0.8877958579881657,1.4230769230769231,26
Brazil.regions.MG:Guaxupé,0.8738461538461538,1.6,25
Brazil.regions.PR:Ibiporã,0.8996503496503496,1.2727272727272727,22
Brazil.regions.SP:Cabreúva,0.9014423076923077,1.25,20
Brazil.regions.PI:Água Branca,0.8506072874493927,1.894736842105263,19
Brazil.regions.SP:Cordeirópolis,0.9211538461538462,1.0,18
Brazil.regions.SP:Engenheiro Coelho,0.8729700854700855,1.6111111111111112,18
Brazil.regions.RJ:Cordeiro,0.8965144230769231,1.3125,16
Brazil.regions.SE:Maruim,0.8866586538461538,1.4375,16
Brazil.regions.BA:Itaparica,0.8817307692307692,1.5,16
Brazil.regions.SE:Laranjeiras,0.9014423076923077,1.25,12
Brazil.regions.AL:Campo Alegre,0.9354895104895105,0.8181818181818182,11
Brazil.regions.PE:Barreiros,0.8924825174825175,1.3636363636363635,11
Brazil.regions.BA:Governador Mangabeira,0.9211538461538462,1.0,10
Brazil.regions.PB:Puxinanã,0.9211538461538462,1.0,2
