region,similarity,distance,days
Malta,0.5697638960402721,13.285714285714286,56
Brazil.regions.RJ:Volta Redonda,0.7351716415299017,11.0,49
Brazil.regions.SP:Sorocaba,1.0,7.340425531914893,47
Brazil.regions.SP:Santos,0.11348287084018616,19.59090909090909,44
