region,similarity,distance,days
Brazil.regions.RS:Sapiranga,0.9292307692307692,0.8,40
Aruba,0.8053846153846154,2.2,40
Brazil.regions.SP:Cajamar,0.7788461538461539,2.5,40
Brazil.regions.SP:Bauru,0.6417307692307692,4.05,40
Brazil.regions.RJ:Itaboraí,0.46480769230769237,6.05,40
San_Marino,0.3498076923076924,7.35,40
Brazil.regions.RJ:Iguaba Grande,0.8843195266272189,1.3076923076923077,39
Brazil.regions.PE:Carpina,0.8713286713286713,1.4545454545454546,33
Brazil.regions.RS:Imbé,0.9262820512820513,0.8333333333333334,30
Brazil.regions.SC:Penha,0.9115384615384615,1.0,25
Brazil.regions.GO:Novo Gama,0.9534412955465588,0.5263157894736842,19
Brazil.regions.SC:Bombinhas,0.9747252747252747,0.2857142857142857,7
