region,similarity,distance,days
Equatorial_Guinea,0.4845912693718206,19.21153846153846,52
Bhutan,0.3902460664852716,21.326923076923077,52
Estonia,0.26588193540754745,24.115384615384617,52
Djibouti,0.0,30.076923076923077,52
