region,similarity,distance,days
Brazil.regions.RS:Ivoti,0.6902941176470588,1.62,50
Brazil.regions.BA:Camaçari,0.6176470588235294,2.0,50
Brazil.regions.MG:Juiz de Fora,0.3920588235294118,3.18,50
Brazil.regions.RJ:Petrópolis,0.37294117647058833,3.28,50
Brazil.regions.SC:Camboriú,0.5240096038415366,2.489795918367347,49
Brazil.regions.SP:Itatiba,0.8566176470588236,0.75,36
Brazil.regions.RJ:Porto Real,0.8470588235294118,0.8,35
Brazil.regions.PE:Igarassu,0.21344537815126063,4.114285714285714,35
Brazil.regions.MA:Raposa,0.7919550173010381,1.088235294117647,34
Brazil.regions.SP:Ourinhos,0.7740641711229946,1.1818181818181819,33
Brazil.regions.SP:Mongaguá,0.8351926977687627,0.8620689655172413,29
Brazil.regions.PE:Ilha de Itamaracá,0.8361344537815126,0.8571428571428571,28
Brazil.regions.PE:Lagoa de Itaenga,0.8929411764705882,0.56,25
Brazil.regions.MG:Igarapé,0.9304812834224598,0.36363636363636365,11
Brazil.regions.BA:Santo Antônio de Jesus,1.0,0.0,10
