region,similarity,distance,days
Brazil.regions.SP:Nova Odessa,0.8481431142783675,1.1904761904761905,42
Brazil.regions.SP:Paulínia,0.7785420416559526,1.5,42
Brazil.regions.SP:Santana de Parnaíba,0.7357106123498511,1.6904761904761905,42
Brazil.regions.SC:Itajaí,0.48942989383976776,2.7857142857142856,42
Brazil.regions.SP:Cotia,0.29668846196231113,3.642857142857143,42
Brazil.regions.MG:João Monlevade,0.9108155733365602,0.9117647058823529,34
Brazil.regions.MG:São Lourenço,0.890974543584469,1.0,33
Brazil.regions.PE:Abreu e Lima,0.12779634867575207,4.393939393939394,33
