region,similarity,distance,days
Brazil.regions.BA:Irecê,0.9223985890652557,0.3333333333333333,3
Brazil.regions.ES:Cachoeiro de Itapemirim,0.9223985890652557,0.3333333333333333,3
Brazil.regions.MG:Raposos,0.9223985890652557,0.3333333333333333,3
Brazil.regions.PB:Nova Floresta,0.9223985890652557,0.3333333333333333,3
Brazil.regions.PB:São Sebastião de Lagoa de Roça,0.9223985890652557,0.3333333333333333,3
Brazil.regions.PE:João Alfredo,0.9223985890652557,0.3333333333333333,3
Brazil.regions.PR:Paiçandu,0.9223985890652557,0.3333333333333333,3
Brazil.regions.RJ:Tanguá,0.9223985890652557,0.3333333333333333,3
Brazil.regions.RJ:Teresópolis,0.9223985890652557,0.3333333333333333,3
Brazil.regions.RS:Torres,0.9223985890652557,0.3333333333333333,3
Brazil.regions.SC:Araranguá,0.9223985890652557,0.3333333333333333,3
Brazil.regions.SC:Balneário Piçarras,0.9223985890652557,0.3333333333333333,3
Brazil.regions.SC:Cocal do Sul,0.9223985890652557,0.3333333333333333,3
Brazil.regions.SP:Assis,0.9223985890652557,0.3333333333333333,3
Brazil.regions.SP:Bom Jesus dos Perdões,0.9223985890652557,0.3333333333333333,3
Brazil.regions.SP:Holambra,0.9223985890652557,0.3333333333333333,3
Brazil.regions.SP:Mairinque,0.9223985890652557,0.3333333333333333,3
Brazil.regions.SP:Pindamonhangaba,0.9223985890652557,0.3333333333333333,3
Brazil.regions.SP:Tatuí,0.9223985890652557,0.3333333333333333,3
Brazil.regions.SP:Votuporanga,0.9223985890652557,0.3333333333333333,3
Liechtenstein,0.9223985890652557,0.3333333333333333,3
Brazil.regions.PB:Patos,0.8447971781305115,0.6666666666666666,3
Brazil.regions.PE:Macaparana,0.8447971781305115,0.6666666666666666,3
Brazil.regions.RS:São Sebastião do Caí,0.8447971781305115,0.6666666666666666,3
Brazil.regions.SC:Porto Belo,0.8447971781305115,0.6666666666666666,3
Brazil.regions.SP:Araraquara,0.8447971781305115,0.6666666666666666,3
Brazil.regions.SP:Barrinha,0.8447971781305115,0.6666666666666666,3
Brazil.regions.SP:Birigui,0.8447971781305115,0.6666666666666666,3
Brazil.regions.CE:Uruburetama,0.7671957671957672,1.0,3
Brazil.regions.SP:Barra Bonita,0.7671957671957672,1.0,3
Brazil.regions.SP:Porto Ferreira,0.7671957671957672,1.0,3
Brazil.regions.PE:Arcoverde,0.689594356261023,1.3333333333333333,3
Brazil.regions.PR:Apucarana,0.5343915343915344,2.0,3
Brazil.regions.RS:Portão,0.7671957671957672,1.0,2
