region,similarity,distance,days
Brazil.regions.SC:Joinville,0.28755369134283815,4.235294117647059,51
Brazil.regions.BA:Itabuna,0.03927282260178666,5.647058823529412,51
Brazil.regions.SP:Limeira,0.7518487683040306,1.5952380952380953,42
Brazil.regions.MG:Sarzedo,1.0,0.18421052631578946,38
Brazil.regions.RJ:Cabo Frio,0.4143542778784466,3.5142857142857142,35
