region,similarity,distance,days
Brazil.regions.RS:Sapiranga,0.9911538461538462,0.1,30
Brazil.regions.RJ:Iguaba Grande,0.938076923076923,0.7,30
Brazil.regions.SP:Franca,0.9262820512820513,0.8333333333333334,30
Brazil.regions.SP:Cajamar,0.9203846153846154,0.9,30
Brazil.regions.PE:Carpina,0.9174358974358975,0.9333333333333333,30
Brazil.regions.RJ:Itaboraí,0.7935897435897437,2.3333333333333335,30
Aruba,0.7493589743589744,2.8333333333333335,30
Brazil.regions.SP:Bauru,0.7051282051282051,3.3333333333333335,30
San_Marino,0.28346153846153854,8.1,30
Brazil.regions.SC:Penha,0.9186153846153846,0.92,25
Brazil.regions.GO:Novo Gama,0.9487854251012146,0.5789473684210527,19
Brazil.regions.SC:Bombinhas,1.0,0.0,7
