region,similarity,distance,days
Brazil.regions.MA:Paço do Lumiar,0.3875174662319515,6.384615384615385,39
Brazil.regions.SP:Jundiaí,0.2285359416239714,8.025641025641026,39
Brazil.regions.SP:Vinhedo,0.072038503337991,9.64102564102564,39
Brazil.regions.RS:Estância Velha,0.0,10.384615384615385,39
Brazil.regions.SP:Águas de São Pedro,0.26734979040521656,7.625,32
