region,similarity,distance,days
Brazil.regions.SP:Votorantim,0.8793503480278422,1.0,38
Brazil.regions.RJ:Rio das Ostras,0.7809256319452924,1.8157894736842106,38
Brazil.regions.PB:Campina Grande,0.7333007693247038,2.210526315789474,38
Barbados,0.6698009524972524,2.736842105263158,38
Brazil.regions.SP:São José dos Campos,0.5142264012699963,4.026315789473684,38
Brazil.regions.SC:Blumenau,0.5078764195872512,4.078947368421052,38
Brazil.regions.CE:Eusébio,0.33007693247038705,5.552631578947368,38
Brazil.regions.AL:Arapiraca,0.7780046403712297,1.84,25
Brazil.regions.BA:Madre de Deus,0.9655286708650977,0.2857142857142857,7
