region,similarity,distance,days
Brazil.regions.SP:Mogi das Cruzes,0.4756450792942257,10.61111111111111,54
Mauritius,0.0,19.962264150943398,53
Brazil.regions.MG:Timóteo,0.2753439195117843,14.549019607843137,51
Brazil.regions.RS:Gravataí,0.32922118294924274,13.489795918367347,49
Brazil.regions.PR:Almirante Tamandaré,0.5575940185247182,9.0,43
Brazil.regions.RJ:Magé,0.6885710300189711,6.425,40
Brazil.regions.CE:Pacatuba,0.710188595022877,6.0,37
