region,similarity,distance,days
Saint_Lucia,0.9553450608930988,0.7333333333333333,30
Brazil.regions.RN:Passa e Fica,0.9512855209742895,0.8,30
Brazil.regions.PR:Araucária,0.949255751014885,0.8333333333333334,30
Brazil.regions.PR:Matinhos,0.949255751014885,0.8333333333333334,30
Brazil.regions.SE:Propriá,0.949255751014885,0.8333333333333334,30
Brazil.regions.SP:Artur Nogueira,0.949255751014885,0.8333333333333334,30
Brazil.regions.MT:Várzea Grande,0.9472259810554804,0.8666666666666667,30
Brazil.regions.RJ:Seropédica,0.9472259810554804,0.8666666666666667,30
Brazil.regions.SP:Itupeva,0.9451962110960758,0.9,30
Brazil.regions.SP:Águas de Lindóia,0.9451962110960758,0.9,30
Brazil.regions.PE:Santa Cruz do Capibaribe,0.9431664411366711,0.9333333333333333,30
Brazil.regions.SP:São Roque,0.9411366711772666,0.9666666666666667,30
Brazil.regions.MG:Poços de Caldas,0.939106901217862,1.0,30
Brazil.regions.RJ:São Pedro da Aldeia,0.939106901217862,1.0,30
Brazil.regions.SP:Sertãozinho,0.9309878213802436,1.1333333333333333,30
Brazil.regions.PR:Arapongas,0.9269282814614344,1.2,30
Brazil.regions.SP:Mairiporã,0.9248985115020297,1.2333333333333334,30
Brazil.regions.PE:Garanhuns,0.918809201623816,1.3333333333333333,30
Brazil.regions.RS:Caxias do Sul,0.9167794316644113,1.3666666666666667,30
Brazil.regions.SP:Atibaia,0.8985115020297699,1.6666666666666667,30
Brazil.regions.PE:Moreno,0.8843031123139378,1.9,30
United_States_Virgin_Islands,0.8741542625169147,2.066666666666667,30
Brazil.regions.SP:Piracicaba,0.847767253044655,2.5,30
Guam,0.7381596752368065,4.3,30
Brazil.regions.CE:Caucaia,0.5412719891745602,7.533333333333333,30
Brazil.regions.SP:Aparecida,0.9512855209742895,0.8,25
Brazil.regions.RJ:Pinheiral,0.9238836265223275,1.25,24
Brazil.regions.ES:Piúma,0.9111975642760487,1.4583333333333333,24
Brazil.regions.PE:Condado,0.916672601666548,1.368421052631579,19
Brazil.regions.ES:Marataízes,0.7671734458330016,3.823529411764706,17
Brazil.regions.SE:Pedrinhas,0.969553450608931,0.5,2
