region,similarity,distance,days
Armenia,0.6874013025724404,32.121212121212125,66
Slovenia,0.26041170259486646,53.75757575757576,66
Moldova,0.2856851443345432,52.47692307692308,65
Albania,0.5729263028060438,37.921875,64
Brazil.regions.SE,0.9941778119234649,16.576271186440678,59
