region,similarity,distance,days
Brazil.regions.AM:Jutaí,0.9769820971867008,0.11764705882352941,17
Brazil.regions.MS:Corumbá,0.9654731457800512,0.17647058823529413,17
Brazil.regions.PA:Itaituba,0.9539641943734015,0.23529411764705882,17
Brazil.regions.AM:Santa Isabel do Rio Negro,0.9309462915601023,0.35294117647058826,17
Brazil.regions.AM:Lábrea,0.7583120204603581,1.2352941176470589,17
Brazil.regions.AM:Tapauá,0.11381074168797956,4.529411764705882,17
Brazil.regions.PA:São Félix do Xingu,0.8462732919254659,0.7857142857142857,14
Brazil.regions.AM:Atalaia do Norte,0.967391304347826,0.16666666666666666,12
