region,similarity,distance,days
Malta,0.7741482109350664,10.346938775510203,49
Brazil.regions.SP:Campinas,0.7282925097621583,11.0,49
Brazil.regions.SP:Sorocaba,0.8870429534966275,8.73913043478261,46
Brazil.regions.SP:Santos,0.03755768548100824,20.837209302325583,43
