region,similarity,distance,days
Brazil.regions.SP:São Bernardo do Campo,0.22809458608785327,16.07017543859649,57
Brazil.regions.GO:Aparecida de Goiânia,0.6368849348568537,9.418181818181818,55
Brazil.regions.RN:Parnamirim,0.7599822911835392,7.415094339622642,53
