region,similarity,distance,days
Brazil.regions.RS:Sapiranga,0.8979289940828402,1.1538461538461537,39
Brazil.regions.SP:Franca,0.8843195266272189,1.3076923076923077,39
Brazil.regions.SP:Cajamar,0.8208086785009863,2.0256410256410255,39
Aruba,0.766370808678501,2.641025641025641,39
Brazil.regions.SP:Bauru,0.6461538461538462,4.0,39
Brazil.regions.RJ:Itaboraí,0.4556213017751479,6.153846153846154,39
San_Marino,0.35128205128205137,7.333333333333333,39
Brazil.regions.PE:Carpina,0.8766899766899767,1.393939393939394,33
Brazil.regions.RS:Imbé,0.9400744416873449,0.6774193548387096,31
Brazil.regions.SC:Penha,0.8843195266272189,1.3076923076923077,26
Brazil.regions.GO:Novo Gama,0.9026923076923077,1.1,20
Brazil.regions.SC:Bombinhas,0.9557692307692308,0.5,8
