region,similarity,distance,days
Brazil.regions.RS:Capão da Canoa,1.0,0.18421052631578946,38
Brazil.regions.SP:Limeira,0.7639698320191978,1.5263157894736843,38
Brazil.regions.SC:Joinville,0.615872471717518,2.3684210526315788,38
Brazil.regions.BA:Itabuna,0.5094274940006855,2.973684210526316,38
Brazil.regions.RJ:Cabo Frio,0.3992800822763113,3.6,35
