region,similarity,distance,days
Brazil.regions.RS:Capão da Canoa,0.7456590264960001,1.6341463414634145,41
Brazil.regions.SC:Joinville,0.6383299204324965,2.2439024390243905,41
Brazil.regions.BA:Itabuna,0.3292220949696061,4.0,41
Brazil.regions.MG:Sarzedo,0.7573782045634746,1.5675675675675675,37
Brazil.regions.RJ:Cabo Frio,0.3795134475250763,3.7142857142857144,35
