region,similarity,distance,days
Brazil.regions.PA:Itaituba,0.8804347826086957,0.6111111111111112,36
Brazil.regions.MS:Corumbá,0.8770186335403727,0.6285714285714286,35
Brazil.regions.AM:Lábrea,0.8532608695652174,0.75,28
Brazil.regions.AM:Santa Isabel do Rio Negro,0.9510869565217391,0.25,24
Brazil.regions.AM:Tapauá,0.1413043478260868,4.388888888888889,18
Brazil.regions.PA:Almeirim,0.9769820971867008,0.11764705882352941,17
Brazil.regions.PA:São Félix do Xingu,0.8742236024844721,0.6428571428571429,14
Brazil.regions.AM:Atalaia do Norte,1.0,0.0,12
