region,similarity,distance,days
Brazil.regions.MA:Paço do Lumiar,0.38858695652173914,6.384615384615385,39
Brazil.regions.SP:Jundiaí,0.22916666666666674,8.025641025641026,39
Brazil.regions.SP:Vinhedo,0.07223731884057982,9.64102564102564,39
Brazil.regions.RS:Estância Velha,1.1102230246251565e-16,10.384615384615385,39
Brazil.regions.SP:Águas de São Pedro,0.22282608695652173,8.090909090909092,33
