region,similarity,distance,days
Brazil.regions.PR:Pinhais,0.0,9.431818181818182,44
Brazil.regions.SP:Guarujá,0.3339921194267318,6.523809523809524,42
Brazil.regions.SP:Praia Grande,0.10001846298807548,8.560975609756097,41
Brazil.regions.MG:Ribeirão das Neves,0.17593317671626196,7.9,40
