region,similarity,distance,days
Brazil.regions.RN:Passa e Fica,0.9820088571780047,0.29545454545454547,44
Brazil.regions.SE:Propriá,0.9806249231147742,0.3181818181818182,44
Brazil.regions.MG:Poços de Caldas,0.9667855824824702,0.5454545454545454,44
Saint_Lucia,0.9654016484192398,0.5681818181818182,44
Brazil.regions.MT:Várzea Grande,0.9626337802927789,0.6136363636363636,44
Brazil.regions.RJ:Seropédica,0.9474105055972444,0.8636363636363636,44
Brazil.regions.SP:Mairiporã,0.9266514946487883,1.2045454545454546,44
Brazil.regions.RS:Caxias do Sul,0.9211157583958667,1.2954545454545454,44
United_States_Virgin_Islands,0.9003567474474105,1.6363636363636365,44
Guam,0.793793824578669,3.3863636363636362,44
Brazil.regions.SP:Piracicaba,0.7716508795669824,3.75,44
Brazil.regions.CE:Caucaia,0.04646943043424778,15.659090909090908,44
Brazil.regions.PR:Matinhos,0.9815904585077257,0.3023255813953488,43
Brazil.regions.RJ:São Pedro da Aldeia,0.940556736903151,0.9761904761904762,42
Brazil.regions.SP:Águas de Lindóia,0.9747516419683818,0.4146341463414634,41
Brazil.regions.PR:Araucária,0.9732664444371102,0.43902439024390244,41
Brazil.regions.PR:Arapongas,0.9613848641869369,0.6341463414634146,41
Brazil.regions.SP:Atibaia,0.9147496617050068,1.4,40
Brazil.regions.SP:São Roque,0.9475642760487145,0.8611111111111112,36
Brazil.regions.SP:Sertãozinho,0.9599845350860235,0.6571428571428571,35
Brazil.regions.PE:Moreno,0.8747341967910304,2.057142857142857,35
Brazil.regions.SP:Artur Nogueira,0.9928361060256308,0.11764705882352941,34
Brazil.regions.PE:Garanhuns,0.9169639562061754,1.3636363636363635,33
Brazil.regions.PE:Santa Cruz do Capibaribe,0.9705355973634816,0.4838709677419355,31
Brazil.regions.PE:São José da Coroa Grande,0.9451962110960758,0.9,30
Brazil.regions.SP:Aparecida,0.9878213802435724,0.2,25
Brazil.regions.RJ:Pinheiral,0.9568673883626522,0.7083333333333334,24
Brazil.regions.ES:Piúma,0.939106901217862,1.0,24
Brazil.regions.PE:Condado,0.939106901217862,1.0,19
Brazil.regions.ES:Marataízes,0.745681763909894,4.176470588235294,17
Brazil.regions.SE:Pedrinhas,1.0,0.0,2
