region,similarity,distance,days
Brazil.regions.RS:Alvorada,0.13934514224369265,8.592592592592593,54
Brazil.regions.RS:Cachoeirinha,0.07522429261559682,9.19047619047619,42
Brazil.regions.RS:Esteio,0.0,9.891891891891891,37
