region,similarity,distance,days
Brazil.regions.RS:Lajeado,0.7234702001819836,5.1923076923076925,52
Brazil.regions.ES:Serra,0.0,18.24,50
Brazil.regions.SP:Arujá,0.7907611852167347,3.978723404255319,47
Brazil.regions.MG:Santa Luzia,0.8311675386715196,3.25,44
Brazil.regions.PR:Sarandi,0.9317561419472248,1.435897435897436,39
Brazil.regions.SP:Cubatão,0.820771013421292,3.4375,32
