region,similarity,distance,days
Brazil.regions.ES:Cachoeiro de Itapemirim,0.7540181691125087,1.0566037735849056,53
Liechtenstein,0.5431765997803735,1.9622641509433962,53
Brazil.regions.SC:Porto Belo,0.8584915447660546,0.6078431372549019,51
Brazil.regions.SP:Tatuí,0.7574955908289241,1.0416666666666667,48
Brazil.regions.PB:Patos,0.24338624338624348,3.25,44
Brazil.regions.SP:Votuporanga,0.805094130675526,0.8372093023255814,43
Brazil.regions.RJ:Teresópolis,0.39904023624953855,2.5813953488372094,43
Brazil.regions.RS:São Sebastião do Caí,0.9057697152935248,0.40476190476190477,42
Brazil.regions.SP:Assis,0.829655439411537,0.7317073170731707,41
Brazil.regions.SP:Araraquara,0.34133436572460973,2.8292682926829267,41
Brazil.regions.SC:Araranguá,0.8777777777777778,0.525,40
Brazil.regions.RJ:Tanguá,0.7734877734877734,0.972972972972973,37
Brazil.regions.SP:Birigui,0.7042757042757043,1.2702702702702702,37
Brazil.regions.SP:Pindamonhangaba,0.8318636096413874,0.7222222222222222,36
Brazil.regions.PE:Macaparana,0.8802721088435375,0.5142857142857142,35
Brazil.regions.SC:Cocal do Sul,0.9178338001867413,0.35294117647058826,34
Brazil.regions.SC:Balneário Piçarras,0.8972922502334267,0.4411764705882353,34
Brazil.regions.PE:Arcoverde,0.6918767507002801,1.3235294117647058,34
Brazil.regions.SP:Porto Ferreira,0.9153439153439153,0.36363636363636365,33
Brazil.regions.PE:João Alfredo,0.908289241622575,0.3939393939393939,33
Brazil.regions.PR:Paiçandu,0.9417989417989419,0.25,32
Brazil.regions.SP:Mairinque,0.8474730888523992,0.6551724137931034,29
Brazil.regions.PR:Apucarana,0.759168035030104,1.0344827586206897,29
Brazil.regions.BA:Irecê,0.9137762100725064,0.37037037037037035,27
Brazil.regions.SP:Barrinha,0.8719576719576719,0.55,20
Brazil.regions.CE:Uruburetama,0.7206349206349207,1.2,20
Brazil.regions.SP:Barra Bonita,0.7794486215538847,0.9473684210526315,19
Brazil.regions.SP:Bom Jesus dos Perdões,0.8706643151087595,0.5555555555555556,18
Brazil.regions.SP:Holambra,0.8577307466196356,0.6111111111111112,18
Brazil.regions.MG:Raposos,0.873015873015873,0.5454545454545454,11
Brazil.regions.PB:Nova Floresta,0.8447971781305115,0.6666666666666666,9
Brazil.regions.PB:São Sebastião de Lagoa de Roça,0.8253968253968254,0.75,8
Brazil.regions.AL:Cajueiro,0.9223985890652557,0.3333333333333333,3
Brazil.regions.RS:Portão,0.7671957671957672,1.0,2
