region,similarity,distance,days
Curaçao,0.9053794428434198,0.9433962264150944,53
Brazil.regions.RJ:Barra Mansa,0.8885686839577329,1.0754716981132075,53
Brazil.regions.SC:Tubarão,0.8021133525456292,1.7547169811320755,53
Brazil.regions.MG:Divinópolis,0.7853025936599424,1.8867924528301887,53
Brazil.regions.PR:Londrina,0.7012487992315082,2.547169811320755,53
Brazil.regions.SC:Chapecó,0.2569644572526416,6.037735849056604,53
Grenada,0.9159942363112392,0.86,50
Brazil.regions.PI:Parnaíba,0.7793788024335575,1.9333333333333333,45
Brazil.regions.PR:São José dos Pinhais,0.9184241550956248,0.8409090909090909,44
Brazil.regions.BA:Candeias,0.9102968757147432,0.9047619047619048,42
Brazil.regions.RS:Tramandaí,0.9681796349663785,0.45,40
Brazil.regions.PA:Benevides,0.8165841523190227,1.641025641025641,39
Brazil.regions.MG:Varginha,0.9082233682188179,0.9210526315789473,38
Brazil.regions.SC:Timbó,0.9335307930408795,0.7222222222222222,36
Brazil.regions.SP:Bragança Paulista,0.625428845889941,3.142857142857143,35
Brazil.regions.MG:Itajubá,0.9459053794428434,0.625,32
Brazil.regions.SP:Américo Brasiliense,0.9638684887360168,0.4838709677419355,31
Brazil.regions.MG:Nova Serrana,0.9533301312840218,0.5666666666666667,30
Brazil.regions.PE:Itapissuma,0.8896894012167788,1.0666666666666667,30
Brazil.regions.AL:Satuba,0.8754459997255386,1.1785714285714286,28
Brazil.regions.MG:Conselheiro Lafaiete,0.90835734870317,0.92,25
Brazil.regions.SP:Serrana,0.8504442843419788,1.375,24
Brazil.regions.PB:Guarabira,0.4560392335305121,4.473684210526316,19
Brazil.regions.SE:Barra dos Coqueiros,0.7783805164717184,1.9411764705882353,17
Brazil.regions.SE:Carmópolis,0.8981748318924111,1.0,3
