region,similarity,distance,days
Brazil.regions.SC:Porto Belo,0.9223985890652557,0.3333333333333333,42
Brazil.regions.RS:Torres,0.9057697152935248,0.40476190476190477,42
Brazil.regions.ES:Cachoeiro de Itapemirim,0.889140841521794,0.47619047619047616,42
Brazil.regions.SP:Tatuí,0.889140841521794,0.47619047619047616,42
Brazil.regions.SP:Votuporanga,0.8281683043587805,0.7380952380952381,42
Liechtenstein,0.5399344923154448,1.9761904761904763,42
Brazil.regions.RJ:Teresópolis,0.5177626606198035,2.0714285714285716,42
Brazil.regions.PB:Patos,0.47896195515243134,2.238095238095238,42
Brazil.regions.SP:Assis,0.8694025035488451,0.5609756097560976,41
Brazil.regions.SP:Araraquara,0.34701251774422515,2.8048780487804876,41
Brazil.regions.SC:Araranguá,0.8603174603174604,0.6,40
Brazil.regions.RJ:Tanguá,0.8112398112398113,0.8108108108108109,37
Brazil.regions.SP:Birigui,0.7294437294437295,1.162162162162162,37
Brazil.regions.SP:Pindamonhangaba,0.8447971781305115,0.6666666666666666,36
Brazil.regions.PE:Macaparana,0.9002267573696145,0.42857142857142855,35
Brazil.regions.SC:Cocal do Sul,0.9520697167755992,0.20588235294117646,34
Brazil.regions.SC:Balneário Piçarras,0.9178338001867413,0.35294117647058826,34
Brazil.regions.PE:Arcoverde,0.7261126672891378,1.1764705882352942,34
Brazil.regions.SP:Porto Ferreira,0.9647266313932981,0.15151515151515152,33
Brazil.regions.PE:João Alfredo,0.9153439153439153,0.36363636363636365,33
Brazil.regions.PR:Paiçandu,0.9781746031746031,0.09375,32
Brazil.regions.SP:Mairinque,0.9036672140120416,0.41379310344827586,29
Brazil.regions.PR:Apucarana,0.7993066958584201,0.8620689655172413,29
Brazil.regions.BA:Irecê,0.974132863021752,0.1111111111111111,27
Brazil.regions.SP:Barrinha,0.9534391534391534,0.2,20
Brazil.regions.CE:Uruburetama,0.7788359788359789,0.95,20
Brazil.regions.SP:Barra Bonita,0.8407128933444723,0.6842105263157895,19
Brazil.regions.SP:Bom Jesus dos Perdões,0.9611992945326279,0.16666666666666666,18
Brazil.regions.SP:Holambra,0.8706643151087595,0.5555555555555556,18
Brazil.regions.MG:Raposos,0.9365079365079365,0.2727272727272727,11
Brazil.regions.PB:Nova Floresta,0.974132863021752,0.1111111111111111,9
Brazil.regions.PB:São Sebastião de Lagoa de Roça,0.8253968253968254,0.75,8
Brazil.regions.AL:Cajueiro,0.8447971781305115,0.6666666666666666,3
Brazil.regions.RS:Portão,0.8835978835978836,0.5,2
