region,similarity,distance,days
Brazil.regions.PA:Itaituba,0.9440993788819876,0.2857142857142857,35
Brazil.regions.AM:Jutaí,0.8770186335403727,0.6285714285714286,35
Brazil.regions.AM:Lábrea,0.8392857142857143,0.8214285714285714,28
Brazil.regions.AM:Santa Isabel do Rio Negro,0.9184782608695652,0.4166666666666667,24
Brazil.regions.AM:Tapauá,0.17391304347826086,4.222222222222222,18
Brazil.regions.PA:Almeirim,0.9654731457800512,0.17647058823529413,17
Brazil.regions.PA:São Félix do Xingu,0.8881987577639752,0.5714285714285714,14
Brazil.regions.AM:Atalaia do Norte,0.9836956521739131,0.08333333333333333,12
