region,similarity,distance,days
Brazil.regions.BA:Lauro de Freitas,1.0,1.3448275862068966,29
Brazil.regions.PB:Bayeux,0.9743399950653837,1.896551724137931,29
Brazil.regions.PE:Paulista,0.26227485812978035,17.20689655172414,29
