region,similarity,distance,days
Brazil.regions.RN:Passa e Fica,0.9975642760487144,0.04,25
Brazil.regions.PR:Matinhos,0.995128552097429,0.08,25
Brazil.regions.SE:Propriá,0.995128552097429,0.08,25
Brazil.regions.SP:Artur Nogueira,0.9926928281461435,0.12,25
Brazil.regions.SP:Águas de Lindóia,0.9926928281461435,0.12,25
Brazil.regions.MG:Poços de Caldas,0.9902571041948579,0.16,25
Brazil.regions.PE:Santa Cruz do Capibaribe,0.9902571041948579,0.16,25
Brazil.regions.RJ:Seropédica,0.9902571041948579,0.16,25
Brazil.regions.SP:Itupeva,0.9878213802435724,0.2,25
Brazil.regions.PR:Araucária,0.9853856562922869,0.24,25
Brazil.regions.MT:Várzea Grande,0.9829499323410014,0.28,25
Brazil.regions.SP:Mairiporã,0.9683355886332883,0.52,25
Brazil.regions.SP:Sertãozinho,0.9683355886332883,0.52,25
Saint_Lucia,0.9658998646820027,0.56,25
Brazil.regions.PR:Arapongas,0.9634641407307172,0.6,25
Brazil.regions.RS:Caxias do Sul,0.9634641407307172,0.6,25
Brazil.regions.RJ:São Pedro da Aldeia,0.9561569688768606,0.72,25
Brazil.regions.PE:Garanhuns,0.9537212449255751,0.76,25
Brazil.regions.PE:São José da Coroa Grande,0.9512855209742895,0.8,25
Brazil.regions.SP:São Roque,0.939106901217862,1.0,25
Brazil.regions.SP:Atibaia,0.9366711772665764,1.04,25
Brazil.regions.SP:Piracicaba,0.9098782138024357,1.48,25
Brazil.regions.PE:Moreno,0.8952638700947226,1.72,25
United_States_Virgin_Islands,0.878213802435724,2.0,25
Brazil.regions.CE:Caucaia,0.7247631935047361,4.52,25
Guam,0.668741542625169,5.44,25
Brazil.regions.RJ:Pinheiral,0.9543301759133965,0.75,24
Brazil.regions.ES:Piúma,0.9416441136671178,0.9583333333333334,24
Brazil.regions.PE:Condado,0.93590200128196,1.0526315789473684,19
Brazil.regions.ES:Marataízes,0.745681763909894,4.176470588235294,17
Brazil.regions.SE:Pedrinhas,1.0,0.0,2
