region,similarity,distance,days
Brazil.regions.PR:Araucária,0.9495457181519428,0.8285714285714286,35
Brazil.regions.SE:Propriá,0.9495457181519428,0.8285714285714286,35
Brazil.regions.RN:Passa e Fica,0.947805915329596,0.8571428571428571,35
Brazil.regions.PR:Matinhos,0.9460661125072491,0.8857142857142857,35
Brazil.regions.SP:Itupeva,0.9460661125072491,0.8857142857142857,35
Saint_Lucia,0.9443263096849024,0.9142857142857143,35
Brazil.regions.SP:Águas de Lindóia,0.9425865068625556,0.9428571428571428,35
Brazil.regions.MT:Várzea Grande,0.939106901217862,1.0,35
Brazil.regions.RJ:Seropédica,0.9356272955731684,1.0571428571428572,35
Brazil.regions.MG:Poços de Caldas,0.9321476899284747,1.1142857142857143,35
Brazil.regions.RJ:São Pedro da Aldeia,0.930407887106128,1.1428571428571428,35
Brazil.regions.PR:Arapongas,0.9251884786390876,1.2285714285714286,35
Brazil.regions.SP:Mairiporã,0.9112700560603132,1.457142857142857,35
Brazil.regions.RS:Caxias do Sul,0.9043108447709259,1.5714285714285714,35
Brazil.regions.SP:Atibaia,0.8956118306591919,1.7142857142857142,35
United_States_Virgin_Islands,0.8869128165474579,1.8571428571428572,35
Brazil.regions.PE:Moreno,0.8799536052580708,1.9714285714285715,35
Brazil.regions.SP:Piracicaba,0.7877440556736903,3.4857142857142858,35
Guam,0.7842644500289967,3.5428571428571427,35
Brazil.regions.CE:Caucaia,0.49023777305238736,8.371428571428572,35
Brazil.regions.SP:Sertãozinho,0.9426888482050466,0.9411764705882353,34
Brazil.regions.SP:Artur Nogueira,0.939106901217862,1.0,33
Brazil.regions.PE:Garanhuns,0.9114282199532537,1.4545454545454546,33
Brazil.regions.PE:Santa Cruz do Capibaribe,0.9332140206905583,1.096774193548387,31
Brazil.regions.PE:São José da Coroa Grande,0.9411366711772666,0.9666666666666667,30
Brazil.regions.SP:Aparecida,0.9365696887686062,1.0416666666666667,24
Brazil.regions.RJ:Pinheiral,0.9162719891745602,1.375,24
Brazil.regions.ES:Piúma,0.8967464846737659,1.6956521739130435,23
Brazil.regions.PE:Condado,0.8974432020511359,1.6842105263157894,19
Brazil.regions.ES:Marataízes,0.7792625169147497,3.625,16
Brazil.regions.SE:Pedrinhas,0.969553450608931,0.5,2
