region,similarity,distance,days
Brazil.regions.SP:São Bernardo do Campo,0.21922541488477365,16.189655172413794,58
Brazil.regions.GO:Aparecida de Goiânia,0.6454296502219825,9.267857142857142,56
Brazil.regions.RN:Parnamirim,0.7595120534417659,7.415094339622642,53
