region,similarity,distance,days
Brazil.regions.ES:Cachoeiro de Itapemirim,0.8447971781305115,0.6666666666666666,36
Brazil.regions.RS:São Sebastião do Caí,0.8447971781305115,0.6666666666666666,36
Brazil.regions.SP:Tatuí,0.8447971781305115,0.6666666666666666,36
Brazil.regions.SC:Porto Belo,0.8383303938859494,0.6944444444444444,36
Brazil.regions.RS:Torres,0.8318636096413874,0.7222222222222222,36
Brazil.regions.SP:Votuporanga,0.8189300411522634,0.7777777777777778,36
Brazil.regions.SC:Araranguá,0.8124632569077014,0.8055555555555556,36
Brazil.regions.SP:Assis,0.7865961199294533,0.9166666666666666,36
Brazil.regions.PB:Patos,0.7801293356848913,0.9444444444444444,36
Brazil.regions.RJ:Tanguá,0.7736625514403292,0.9722222222222222,36
Brazil.regions.SP:Birigui,0.7477954144620811,1.0833333333333333,36
Brazil.regions.RJ:Teresópolis,0.6249265138154028,1.6111111111111112,36
Liechtenstein,0.5214579659024103,2.0555555555555554,36
Brazil.regions.SP:Araraquara,0.3274544385655497,2.888888888888889,36
Brazil.regions.PE:Macaparana,0.8270597127739985,0.7428571428571429,35
Brazil.regions.SC:Cocal do Sul,0.8562091503267975,0.6176470588235294,34
Brazil.regions.SC:Balneário Piçarras,0.8219732337379396,0.7647058823529411,34
Brazil.regions.PE:Arcoverde,0.6439464674758792,1.5294117647058822,34
Brazil.regions.SP:Porto Ferreira,0.8589065255731922,0.6060606060606061,33
Brazil.regions.PE:João Alfredo,0.8518518518518519,0.6363636363636364,33
Brazil.regions.PR:Paiçandu,0.8763227513227514,0.53125,32
Brazil.regions.SP:Mairinque,0.8555008210180624,0.6206896551724138,29
Brazil.regions.PR:Apucarana,0.7350848385331143,1.1379310344827587,29
Brazil.regions.BA:Irecê,0.8879090730942583,0.48148148148148145,27
Brazil.regions.SP:Barrinha,0.8835978835978836,0.5,20
Brazil.regions.CE:Uruburetama,0.7322751322751323,1.15,20
Brazil.regions.SP:Barra Bonita,0.8162071846282373,0.7894736842105263,19
Brazil.regions.SP:Bom Jesus dos Perdões,0.8965314520870077,0.4444444444444444,18
Brazil.regions.SP:Holambra,0.8577307466196356,0.6111111111111112,18
Brazil.regions.MG:Raposos,0.9153439153439153,0.36363636363636365,11
Brazil.regions.PB:Nova Floresta,0.9482657260435038,0.2222222222222222,9
Brazil.regions.PB:São Sebastião de Lagoa de Roça,0.7962962962962963,0.875,8
Brazil.regions.AL:Cajueiro,0.9223985890652557,0.3333333333333333,3
Brazil.regions.RS:Portão,0.7671957671957672,1.0,2
