region,similarity,distance,days
Brazil.regions.AM:Santo Antônio do Içá,0.7731707317073171,1.55,20
Brazil.regions.BA:Barra,0.7731707317073171,1.55,20
Brazil.regions.MT:Vila Bela da Santíssima Trindade,0.7658536585365854,1.6,20
Brazil.regions.PA:Pacajá,0.7658536585365854,1.6,20
Brazil.regions.RO:Vilhena,0.7658536585365854,1.6,20
Brazil.regions.PA:Monte Alegre,0.7585365853658537,1.65,20
Brazil.regions.MT:Tangará da Serra,0.751219512195122,1.7,20
Brazil.regions.RR:Caroebe,0.751219512195122,1.7,20
Brazil.regions.AM:São Paulo de Olivença,0.7219512195121951,1.9,20
Brazil.regions.AP:Mazagão,0.7073170731707317,2.0,20
Brazil.regions.RR:Mucajaí,0.7,2.05,20
Brazil.regions.AM:Beruri,0.6926829268292682,2.1,20
Brazil.regions.MA:Balsas,0.6707317073170731,2.25,20
Brazil.regions.AM:Juruá,0.2829268292682925,4.9,20
Brazil.regions.MT:Querência,0.7766367137355583,1.5263157894736843,19
Brazil.regions.AM:Nhamundá,0.7535301668806161,1.6842105263157894,19
Brazil.regions.PA:Anapu,0.7967479674796748,1.3888888888888888,18
Brazil.regions.PA:Porto de Moz,0.7479674796747967,1.7222222222222223,18
Brazil.regions.AM:Codajás,0.7398373983739837,1.7777777777777777,18
Brazil.regions.AM:Fonte Boa,0.6178861788617885,2.611111111111111,18
Brazil.regions.PA:Paragominas,0.5203252032520325,3.2777777777777777,18
Brazil.regions.MT:Poconé,0.771341463414634,1.5625,16
Brazil.regions.MT:Peixoto de Azevedo,0.7298311444652907,1.8461538461538463,13
Brazil.regions.PA:Prainha,0.8048780487804879,1.3333333333333333,12
Brazil.regions.AP:Calçoene,0.7804878048780488,1.5,12
Brazil.regions.PA:Ourilândia do Norte,0.7195121951219512,1.9166666666666667,12
Brazil.regions.AM:Eirunepé,0.6940133037694013,2.090909090909091,11
Brazil.regions.PA:Uruará,0.7365853658536585,1.8,10
Brazil.regions.AC:Tarauacá,0.6048780487804877,2.7,10
Brazil.regions.BA:Pilão Arcado,0.7723577235772358,1.5555555555555556,9
Brazil.regions.PA:Chaves,0.7723577235772358,1.5555555555555556,9
Brazil.regions.PA:Senador José Porfírio,0.7398373983739837,1.7777777777777777,9
Brazil.regions.PA:Novo Repartimento,0.8536585365853658,1.0,5
Brazil.regions.TO:Formoso do Araguaia,0.7365853658536585,1.8,5
Brazil.regions.MS:Ribas do Rio Pardo,0.648780487804878,2.4,5
Brazil.regions.PA:Faro,0.7804878048780488,1.5,4
Brazil.regions.PA:Santana do Araguaia,0.6341463414634145,2.5,4
