region,similarity,distance,days
Brazil.regions.RS:Lajeado,0.7919586808839969,3.8541666666666665,48
Brazil.regions.SC:Criciúma,0.7860198641327716,3.9583333333333335,48
Brazil.regions.ES:Serra,0.04248000687935338,17.0,48
Brazil.regions.MG:Santa Luzia,0.8723306675839138,2.4444444444444446,45
Brazil.regions.PR:Sarandi,0.9137501074898959,1.7179487179487178,39
Brazil.regions.SP:Cubatão,0.8233804204222985,3.303030303030303,33
