region,similarity,distance,days
Brazil.regions.MG:Sabará,0.12852664576802497,6.177777777777778,45
Brazil.regions.MG:Sete Lagoas,0.11912225705329149,6.2444444444444445,45
Brazil.regions.RS:Bento Gonçalves,0.0,7.088888888888889,45
Brazil.regions.RJ:Maricá,0.27543459675121107,5.136363636363637,44
Brazil.regions.BA:Dias d'Ávila,0.11423780710067799,6.27906976744186,43
Brazil.regions.SC:Palhoça,0.24764890282131657,5.333333333333333,39
Brazil.regions.SP:Embu-Guaçu,0.29858934169278983,4.972222222222222,36
Brazil.regions.MG:Mário Campos,0.3160444571102877,4.848484848484849,33
Brazil.regions.BA:Cruz das Almas,0.5689655172413792,3.0555555555555554,18
Comoros,0.7460815047021943,1.8,10
Brazil.regions.SP:Pedreira,0.9529780564263323,0.3333333333333333,3
