region,similarity,distance,days
Brazil.regions.RS:Ivoti,0.17864923747276684,4.296296296296297,54
Brazil.regions.BA:Camaçari,0.13068812430632637,4.547169811320755,53
Brazil.regions.RJ:Petrópolis,0.0,5.230769230769231,52
Brazil.regions.PE:Caruaru,0.3920588235294118,3.18,50
Brazil.regions.SC:Camboriú,0.3523409363745498,3.3877551020408165,49
Brazil.regions.SP:Itatiba,0.5220588235294118,2.5,36
Brazil.regions.RJ:Porto Real,0.5357142857142858,2.4285714285714284,35
Brazil.regions.PE:Igarassu,0.18613445378151272,4.257142857142857,35
Brazil.regions.MA:Raposa,0.49394463667820077,2.6470588235294117,34
Brazil.regions.SP:Ourinhos,0.519162210338681,2.515151515151515,33
Brazil.regions.SP:Mongaguá,0.5517241379310345,2.3448275862068964,29
Brazil.regions.PE:Ilha de Itamaracá,0.6517857142857143,1.8214285714285714,28
Brazil.regions.PE:Lagoa de Itaenga,0.6635294117647059,1.76,25
Brazil.regions.MG:Igarapé,0.8262032085561497,0.9090909090909091,11
Brazil.regions.BA:Santo Antônio de Jesus,0.8470588235294118,0.8,10
