region,similarity,distance,days
Bosnia_and_Herzegovina,0.8001371387392697,26.475409836065573,61
Lithuania,0.7709799289594905,28.147540983606557,61
Latvia,0.7332470692444822,30.311475409836067,61
Croatia,0.7195260293481157,31.098360655737704,61
Brazil.regions.ES,0.5485847406392145,40.90163934426229,61
Brazil.regions.PB,0.6957081825637232,32.464285714285715,56
