region,similarity,distance,days
Brazil.regions.AM:Jutaí,0.8532608695652174,0.75,28
Brazil.regions.MS:Corumbá,0.8392857142857143,0.8214285714285714,28
Brazil.regions.PA:Itaituba,0.8183229813664596,0.9285714285714286,28
Brazil.regions.AM:Santa Isabel do Rio Negro,0.7961956521739131,1.0416666666666667,24
Brazil.regions.AM:Tapauá,0.0,5.111111111111111,18
Brazil.regions.PA:Almeirim,0.7583120204603581,1.2352941176470589,17
Brazil.regions.PA:São Félix do Xingu,0.7204968944099379,1.4285714285714286,14
Brazil.regions.AM:Atalaia do Norte,0.7228260869565217,1.4166666666666667,12
