region,similarity,distance,days
Brazil.regions.AM:Jutaí,0.9510869565217391,0.25,24
Brazil.regions.PA:Itaituba,0.9510869565217391,0.25,24
Brazil.regions.MS:Corumbá,0.9184782608695652,0.4166666666666667,24
Brazil.regions.AM:Lábrea,0.7961956521739131,1.0416666666666667,24
Brazil.regions.AM:Tapauá,0.1630434782608695,4.277777777777778,18
Brazil.regions.PA:Almeirim,0.9309462915601023,0.35294117647058826,17
Brazil.regions.PA:São Félix do Xingu,0.860248447204969,0.7142857142857143,14
Brazil.regions.AM:Atalaia do Norte,0.9510869565217391,0.25,12
