region,similarity,distance,days
Brazil.regions.RN:Passa e Fica,0.9985838814236712,0.023255813953488372,43
Brazil.regions.SE:Propriá,0.9971677628473424,0.046511627906976744,43
Brazil.regions.SP:Itupeva,0.9815904585077257,0.3023255813953488,43
Saint_Lucia,0.9787582213550682,0.3488372093023256,43
Brazil.regions.MG:Poços de Caldas,0.9773421027787393,0.37209302325581395,43
Brazil.regions.MT:Várzea Grande,0.9759259842024105,0.3953488372093023,43
Brazil.regions.RJ:Seropédica,0.9674292727444378,0.5348837209302325,43
Brazil.regions.RS:Caxias do Sul,0.9334424269125468,1.0930232558139534,43
Brazil.regions.SP:Mairiporã,0.9277779526072316,1.186046511627907,43
United_States_Virgin_Islands,0.9037039368096422,1.5813953488372092,43
Guam,0.7904144507033388,3.441860465116279,43
Brazil.regions.SP:Piracicaba,0.7578437234477766,3.9767441860465116,43
Brazil.regions.CE:Caucaia,0.034207130943764374,15.86046511627907,43
Brazil.regions.RJ:São Pedro da Aldeia,0.936207229847284,1.0476190476190477,42
Brazil.regions.PR:Araucária,0.9836628271560117,0.2682926829268293,41
Brazil.regions.PR:Arapongas,0.9717812469058384,0.4634146341463415,41
Brazil.regions.SP:Águas de Lindóia,0.9908660351826793,0.15,40
Brazil.regions.SP:Atibaia,0.9313000936816904,1.1282051282051282,39
Brazil.regions.SP:São Roque,0.9460661125072491,0.8857142857142857,35
Brazil.regions.PE:Moreno,0.878213802435724,2.0,35
Brazil.regions.SP:Sertãozinho,0.9659715036217464,0.5588235294117647,34
Brazil.regions.SP:Artur Nogueira,0.9889285274941567,0.18181818181818182,33
Brazil.regions.PE:Garanhuns,0.9169639562061754,1.3636363636363635,33
Brazil.regions.PE:Santa Cruz do Capibaribe,0.9783927713998865,0.3548387096774194,31
Brazil.regions.PE:São José da Coroa Grande,0.949255751014885,0.8333333333333334,30
Brazil.regions.SP:Aparecida,0.9949255751014885,0.08333333333333333,24
Brazil.regions.RJ:Pinheiral,0.9543301759133965,0.75,24
Brazil.regions.ES:Piúma,0.944401953285874,0.9130434782608695,23
Brazil.regions.PE:Condado,0.932697101346058,1.105263157894737,19
Brazil.regions.ES:Marataízes,0.7640392422192152,3.875,16
Brazil.regions.SE:Pedrinhas,1.0,0.0,2
