region,similarity,distance,days
Brazil.regions.SC:Cocal do Sul,0.9156862745098039,0.3333333333333333,33
Brazil.regions.ES:Cachoeiro de Itapemirim,0.9080213903743315,0.36363636363636365,33
Brazil.regions.RS:São Sebastião do Caí,0.9080213903743315,0.36363636363636365,33
Brazil.regions.SC:Porto Belo,0.9003565062388592,0.3939393939393939,33
Brazil.regions.PE:João Alfredo,0.8926916221033868,0.42424242424242425,33
Brazil.regions.PE:Macaparana,0.8926916221033868,0.42424242424242425,33
Brazil.regions.RS:Torres,0.8850267379679144,0.45454545454545453,33
Brazil.regions.SC:Araranguá,0.8850267379679144,0.45454545454545453,33
Brazil.regions.SP:Tatuí,0.8696969696969697,0.5151515151515151,33
Brazil.regions.SP:Assis,0.8237076648841355,0.696969696969697,33
Brazil.regions.SP:Votuporanga,0.8160427807486631,0.7272727272727273,33
Brazil.regions.SP:Pindamonhangaba,0.8083778966131907,0.7575757575757576,33
Brazil.regions.PB:Patos,0.8007130124777184,0.7878787878787878,33
Brazil.regions.RJ:Tanguá,0.7623885918003566,0.9393939393939394,33
Brazil.regions.SP:Birigui,0.7470588235294118,1.0,33
Brazil.regions.PE:Arcoverde,0.6780748663101605,1.2727272727272727,33
Brazil.regions.RJ:Teresópolis,0.6320855614973262,1.4545454545454546,33
Liechtenstein,0.4251336898395721,2.272727272727273,33
Brazil.regions.SP:Araraquara,0.39447415329768276,2.393939393939394,33
Brazil.regions.PR:Paiçandu,0.928860294117647,0.28125,32
Brazil.regions.SP:Porto Ferreira,0.9051470588235294,0.375,32
Brazil.regions.PR:Apucarana,0.7557809330628803,0.9655172413793104,29
Brazil.regions.SP:Mairinque,0.8735294117647059,0.5,28
Brazil.regions.BA:Irecê,0.9250544662309368,0.2962962962962963,27
Brazil.regions.CE:Uruburetama,0.7723529411764706,0.9,20
Brazil.regions.SP:Barrinha,0.9600619195046439,0.15789473684210525,19
Brazil.regions.SP:Barra Bonita,0.8313725490196079,0.6666666666666666,18
Brazil.regions.SP:Bom Jesus dos Perdões,0.9404844290657439,0.23529411764705882,17
Brazil.regions.SP:Holambra,0.895847750865052,0.4117647058823529,17
Brazil.regions.MG:Raposos,0.9494117647058824,0.2,10
Brazil.regions.PB:Nova Floresta,0.9683823529411765,0.125,8
Brazil.regions.PB:São Sebastião de Lagoa de Roça,0.8915966386554622,0.42857142857142855,7
Brazil.regions.AL:Cajueiro,1.0,0.0,2
Brazil.regions.RS:Portão,0.49411764705882355,2.0,1
