region,similarity,distance,days
Brazil.regions.CE:Pindoretama,0.3982300884955752,2.2666666666666666,30
Brazil.regions.SE:Itabaiana,0.38938053097345127,2.3,30
Saint_Vincent_and_the_Grenadines,0.38053097345132736,2.3333333333333335,30
Brazil.regions.BA:Conceição do Jacuípe,0.327433628318584,2.533333333333333,30
Brazil.regions.PE:Machados,0.327433628318584,2.533333333333333,30
Brazil.regions.MG:Pouso Alegre,0.2920353982300885,2.6666666666666665,30
Brazil.regions.MG:Ubá,0.2920353982300885,2.6666666666666665,30
Brazil.regions.SP:Itu,0.2831858407079645,2.7,30
Cayman_Islands,0.09734513274336276,3.4,30
Brazil.regions.RJ:Paracambi,0.0,3.7666666666666666,30
Brazil.regions.SC:Rio do Sul,0.3317058285016783,2.5172413793103448,29
Brazil.regions.PE:Chã de Alegria,0.28887484197218705,2.6785714285714284,28
Brazil.regions.SP:Cruzeiro,0.3215339233038348,2.5555555555555554,27
Brazil.regions.SP:Santa Gertrudes,0.33628318584070793,2.5,26
Brazil.regions.MG:Lagoa Santa,0.39976914197768376,2.260869565217391,23
Brazil.regions.RS:Xangri-lá,0.8482932996207333,0.5714285714285714,14
Brazil.regions.MG:Juatuba,0.911504424778761,0.3333333333333333,12
