region,similarity,distance,days
Barbados,0.5311486048020766,3.6956521739130435,46
Brazil.regions.SP:São José dos Campos,0.3573977936404932,5.065217391304348,46
Brazil.regions.SC:Blumenau,0.34912394548994163,5.130434782608695,46
Brazil.regions.RJ:Rio das Ostras,0.6540027137042063,2.727272727272727,44
Brazil.regions.SP:Votorantim,0.7311656005685856,2.119047619047619,42
Brazil.regions.CE:Eusébio,0.2573716781943939,5.853658536585366,41
Brazil.regions.BA:Simões Filho,0.7195600942655145,2.210526315789474,38
Brazil.regions.AL:Arapiraca,0.730410447761194,2.125,24
Brazil.regions.BA:Madre de Deus,0.9818763326226013,0.14285714285714285,7
