region,similarity,distance,days
Brazil.regions.CE:Horizonte,0.1865864144453997,4.6571428571428575,35
Brazil.regions.GO:Anápolis,0.06620808254514188,5.228571428571429,35
Brazil.regions.SP:Presidente Prudente,0.06018916595012902,5.257142857142857,35
Brazil.regions.SP:Rio Claro,0.06018916595012902,5.257142857142857,35
Brazil.regions.PR:Foz do Iguaçu,0.02407566638005143,5.428571428571429,35
Brazil.regions.RN:São Gonçalo do Amarante,0.012037833190025715,5.485714285714286,35
Brazil.regions.SP:Catanduva,0.012037833190025715,5.485714285714286,35
Brazil.regions.SP:Jaguariúna,0.0,5.542857142857143,35
