region,similarity,distance,days
Sweden.regions.Västernorrland,0.7667858303542412,4.0588235294117645,34
Brazil.regions.PA:Santarém,0.743126421839454,4.470588235294118,34
Sweden.regions.Gävleborg,0.743126421839454,4.470588235294118,34
Brazil.regions.AP:Oiapoque,0.7414364640883978,4.5,34
Brazil.regions.PA:Marabá,0.7194670133246668,4.882352941176471,34
Brazil.regions.MT:Cáceres,0.7143971400714981,4.970588235294118,34
Brazil.regions.RR:Alto Alegre,0.7127071823204421,5.0,34
Belize,0.7110172245693858,5.029411764705882,34
Brazil.regions.AM:Boca do Acre,0.7093272668183295,5.0588235294117645,34
Brazil.regions.MT:Aripuanã,0.7008774780630485,5.205882352941177,34
New_Caledonia,0.6805979850503737,5.5588235294117645,34
Sweden.regions.Värmland,0.6772180695482612,5.617647058823529,34
Sweden.regions.Dalarna,0.5183620409489762,8.382352941176471,34
Brazil.regions.AM:Tefé,0.4415745856353591,9.71875,32
Brazil.regions.PA:Óbidos,0.7701657458563536,4.0,28
Brazil.regions.AM:Carauari,0.6530386740331492,6.038461538461538,26
Brazil.regions.PA:Alenquer,0.8911311427740622,1.894736842105263,19
Brazil.regions.AM:Urucará,0.7904452388690283,3.6470588235294117,17
Brazil.regions.RO:Guajará-Mirim,0.8946593001841621,1.8333333333333333,12
Brazil.regions.AC:Feijó,0.9553100061387354,0.7777777777777778,9
Brazil.regions.AC:Sena Madureira,0.9261247040252565,1.2857142857142858,7
Brazil.regions.RR:Amajari,0.8932912391475927,1.8571428571428572,7
Brazil.regions.PA:Portel,0.8194159431728493,3.142857142857143,7
