region,similarity,distance,days
Brazil.regions.RN:Passa e Fica,0.9923883626522327,0.125,40
Brazil.regions.PR:Matinhos,0.9908660351826793,0.15,40
Brazil.regions.SE:Propriá,0.9908660351826793,0.15,40
Brazil.regions.PR:Araucária,0.9802097428958051,0.325,40
Brazil.regions.RJ:Seropédica,0.9786874154262517,0.35,40
Brazil.regions.MT:Várzea Grande,0.9756427604871448,0.4,40
Brazil.regions.SP:Itupeva,0.9756427604871448,0.4,40
Saint_Lucia,0.9741204330175913,0.425,40
Brazil.regions.MG:Poços de Caldas,0.9710757780784844,0.475,40
Brazil.regions.PR:Arapongas,0.9649864682002707,0.575,40
Brazil.regions.RJ:São Pedro da Aldeia,0.9360622462787551,1.05,40
Brazil.regions.RS:Caxias do Sul,0.9345399188092016,1.075,40
Brazil.regions.SP:Mairiporã,0.9345399188092016,1.075,40
United_States_Virgin_Islands,0.8934370771312584,1.75,40
Guam,0.7762178619756428,3.675,40
Brazil.regions.SP:Piracicaba,0.7625169147496617,3.9,40
Brazil.regions.CE:Caucaia,0.1398849797023004,14.125,40
Brazil.regions.SP:Atibaia,0.934422816696159,1.0769230769230769,39
Brazil.regions.SP:São Roque,0.9425865068625556,0.9428571428571428,35
Brazil.regions.PE:Moreno,0.8851730137251111,1.8857142857142857,35
Brazil.regions.SP:Sertãozinho,0.9588076096473772,0.6764705882352942,34
Brazil.regions.SP:Artur Nogueira,0.9815475458235945,0.30303030303030304,33
Brazil.regions.PE:Garanhuns,0.9132734653708943,1.4242424242424243,33
Brazil.regions.PE:Santa Cruz do Capibaribe,0.9783927713998865,0.3548387096774194,31
Brazil.regions.PE:São José da Coroa Grande,0.9451962110960758,0.9,30
Brazil.regions.SP:Aparecida,0.9923883626522327,0.125,24
Brazil.regions.RJ:Pinheiral,0.9517929634641408,0.7916666666666666,24
Brazil.regions.ES:Piúma,0.941754427251868,0.9565217391304348,23
Brazil.regions.PE:Condado,0.932697101346058,1.105263157894737,19
Brazil.regions.ES:Marataízes,0.7564276048714479,4.0,16
Brazil.regions.SE:Pedrinhas,1.0,0.0,2
