region,similarity,distance,days
Brazil.regions.PE:Paulista,-2.220446049250313e-16,22.846153846153847,39
Brazil.regions.PB:Bayeux,0.9698412102556402,1.9705882352941178,34
Brazil.regions.SP:Várzea Paulista,1.0,1.3214285714285714,28
