region,similarity,distance,days
Saint_Lucia,0.9223088050020998,1.2758620689655173,58
Brazil.regions.SE:Propriá,0.9313568704637717,1.1272727272727272,55
Brazil.regions.MG:Poços de Caldas,0.917681551646369,1.3518518518518519,54
Guam,0.811682453766351,3.0925925925925926,54
Brazil.regions.MT:Várzea Grande,0.9068693783332007,1.5294117647058822,51
United_States_Virgin_Islands,0.878213802435724,2.0,49
Brazil.regions.SP:Mairiporã,0.8744079837618404,2.0625,48
Brazil.regions.RN:Passa e Fica,0.9377537212449256,1.0222222222222221,45
Brazil.regions.CE:Caucaia,0.06224627875507438,15.4,45
Brazil.regions.RJ:Seropédica,0.9238836265223275,1.25,44
Brazil.regions.SP:Itupeva,0.9211157583958667,1.2954545454545454,44
Brazil.regions.SP:Piracicaba,0.7591954729979087,3.9545454545454546,44
Brazil.regions.PR:Matinhos,0.9334424269125468,1.0930232558139534,43
Brazil.regions.RJ:São Pedro da Aldeia,0.8941619949739029,1.7380952380952381,42
Brazil.regions.SP:Águas de Lindóia,0.9361365061553186,1.048780487804878,41
Brazil.regions.PR:Araucária,0.9257401234364171,1.2195121951219512,41
Brazil.regions.PR:Arapongas,0.9108881481237004,1.4634146341463414,41
Brazil.regions.SP:Atibaia,0.9162719891745602,1.375,40
Brazil.regions.SP:São Roque,0.9002029769959404,1.6388888888888888,36
Brazil.regions.SP:Sertãozinho,0.9043108447709259,1.5714285714285714,35
Brazil.regions.PE:Moreno,0.8642953798569495,2.2285714285714286,35
Brazil.regions.SP:Artur Nogueira,0.9337339807370851,1.088235294117647,34
Brazil.regions.PE:Garanhuns,0.8726780661828023,2.090909090909091,33
Brazil.regions.PE:Santa Cruz do Capibaribe,0.9430354882360644,0.9354838709677419,31
Brazil.regions.PE:São José da Coroa Grande,0.9167794316644113,1.3666666666666667,30
Brazil.regions.SP:Aparecida,0.9634641407307172,0.6,25
Brazil.regions.ES:Piúma,0.928958051420839,1.1666666666666667,24
Brazil.regions.RJ:Pinheiral,0.9213464140730717,1.2916666666666667,24
Brazil.regions.PE:Condado,0.923082401538352,1.263157894736842,19
Brazil.regions.ES:Marataízes,0.763591498845817,3.8823529411764706,17
Brazil.regions.SE:Pedrinhas,1.0,0.0,2
