region,similarity,distance,days
Brazil.regions.GO:Cidade Ocidental,0.9950721153846154,0.0625,16
Brazil.regions.SC:Biguaçu,0.9950721153846154,0.0625,16
Brazil.regions.MG:Itaúna,0.9901442307692307,0.125,16
Brazil.regions.RS:Charqueadas,0.9901442307692307,0.125,16
Brazil.regions.RS:Estrela,0.9901442307692307,0.125,16
Brazil.regions.RS:Santa Cruz do Sul,0.9901442307692307,0.125,16
Brazil.regions.RS:Teutônia,0.9901442307692307,0.125,16
Brazil.regions.PR:Ibiporã,0.9852163461538461,0.1875,16
Brazil.regions.RJ:Cordeiro,0.9852163461538461,0.1875,16
Brazil.regions.GO:Trindade,0.9802884615384615,0.25,16
Brazil.regions.MG:Barbacena,0.9802884615384615,0.25,16
Brazil.regions.MG:Guaxupé,0.9802884615384615,0.25,16
Brazil.regions.PA:Castanhal,0.9802884615384615,0.25,16
Brazil.regions.RJ:Mendes,0.9802884615384615,0.25,16
Brazil.regions.SP:Cabreúva,0.9802884615384615,0.25,16
Brazil.regions.SP:Campos do Jordão,0.9802884615384615,0.25,16
Brazil.regions.MG:Lavras,0.9753605769230769,0.3125,16
Brazil.regions.PE:Bom Jardim,0.9753605769230769,0.3125,16
Brazil.regions.SP:Engenheiro Coelho,0.9753605769230769,0.3125,16
Brazil.regions.PA:Salinópolis,0.9704326923076924,0.375,16
Brazil.regions.SP:São João da Boa Vista,0.9704326923076924,0.375,16
Brazil.regions.PE:Goiana,0.9655048076923077,0.4375,16
Brazil.regions.PE:Palmares,0.9655048076923077,0.4375,16
Brazil.regions.SC:Gaspar,0.9655048076923077,0.4375,16
Brazil.regions.SE:Maruim,0.9655048076923077,0.4375,16
Brazil.regions.PE:Timbaúba,0.9605769230769231,0.5,16
Brazil.regions.SP:Mogi Guaçu,0.9605769230769231,0.5,16
Brazil.regions.SP:Mogi Mirim,0.9556490384615385,0.5625,16
Brazil.regions.PR:Paranaguá,0.9408653846153846,0.75,16
Brazil.regions.SP:Cordeirópolis,0.9310096153846154,0.875,16
Brazil.regions.MA:Imperatriz,0.9162259615384616,1.0625,16
Brazil.regions.PI:Água Branca,0.911298076923077,1.125,16
Brazil.regions.PE:Ipojuca,0.8817307692307692,1.5,16
Brazil.regions.PB:Santa Rita,0.871875,1.625,16
Brazil.regions.MT:Cuiabá,0.8176682692307693,2.3125,16
Brazil.regions.SE:Laranjeiras,0.9671474358974359,0.4166666666666667,12
Brazil.regions.AL:Campo Alegre,0.9641608391608392,0.45454545454545453,11
Brazil.regions.PE:Barreiros,0.9068181818181819,1.1818181818181819,11
Brazil.regions.BA:Governador Mangabeira,0.9842307692307692,0.2,10
Brazil.regions.PB:Puxinanã,1.0,0.0,2
