region,similarity,distance,days
Brazil.regions.RS:Lajeado,0.8060979033163611,3.702127659574468,47
Brazil.regions.SC:Criciúma,0.7907611852167347,3.978723404255319,47
Brazil.regions.ES:Serra,0.0876316477261726,16.659574468085108,47
Brazil.regions.MG:Santa Luzia,0.8903962279758458,2.1818181818181817,44
Brazil.regions.PR:Sarandi,0.916116924476797,1.7179487179487178,39
Brazil.regions.SP:Cubatão,0.8277020302547771,3.3125,32
