region,similarity,distance,days
Brazil.regions.PA:Óbidos,0.7259668508287294,4.769230769230769,26
Brazil.regions.AM:Boca do Acre,0.7237569060773481,4.8076923076923075,26
Belize,0.7215469613259669,4.846153846153846,26
Brazil.regions.RR:Alto Alegre,0.7215469613259669,4.846153846153846,26
Brazil.regions.MT:Aripuanã,0.7193370165745856,4.884615384615385,26
Brazil.regions.MT:Cáceres,0.7193370165745856,4.884615384615385,26
Brazil.regions.PA:Marabá,0.7193370165745856,4.884615384615385,26
Brazil.regions.AP:Oiapoque,0.6994475138121548,5.230769230769231,26
New_Caledonia,0.6994475138121548,5.230769230769231,26
Brazil.regions.PA:Santarém,0.6795580110497237,5.576923076923077,26
Sweden.regions.Värmland,0.6662983425414364,5.8076923076923075,26
Sweden.regions.Västernorrland,0.6640883977900552,5.846153846153846,26
Brazil.regions.AM:Presidente Figueiredo,0.6530386740331492,6.038461538461538,26
Sweden.regions.Gävleborg,0.6,6.961538461538462,26
Brazil.regions.AM:Tefé,0.538121546961326,8.038461538461538,26
Sweden.regions.Dalarna,0.41436464088397795,10.192307692307692,26
Brazil.regions.PA:Alenquer,0.6854899680139575,5.473684210526316,19
Brazil.regions.AM:Urucará,0.6586285342866428,5.9411764705882355,17
Brazil.regions.RO:Guajará-Mirim,0.6360957642725599,6.333333333333333,12
Brazil.regions.AC:Feijó,0.7874033149171271,3.7,10
Brazil.regions.AC:Sena Madureira,0.9209944751381216,1.375,8
Brazil.regions.RR:Amajari,0.9261247040252565,1.2857142857142858,7
Brazil.regions.PA:Portel,0.8194159431728493,3.142857142857143,7
