region,similarity,distance,days
Brazil.regions.PR:Pinhais,0.0,9.431818181818182,44
Brazil.regions.SP:Guarujá,0.2494130267429302,7.255813953488372,43
Brazil.regions.SP:Praia Grande,0.09043050475161807,8.642857142857142,42
Brazil.regions.MG:Ribeirão das Neves,0.11658936400025433,8.414634146341463,41
