region,similarity,distance,days
Brazil.regions.RJ:Seropédica,0.9360622462787551,1.05,40
Brazil.regions.PR:Arapongas,0.9284506089309879,1.175,40
Saint_Lucia,0.9284506089309879,1.175,40
Brazil.regions.SE:Propriá,0.9269282814614344,1.2,40
Brazil.regions.SP:Águas de Lindóia,0.9269282814614344,1.2,40
Brazil.regions.PR:Araucária,0.9254059539918809,1.225,40
Brazil.regions.RN:Passa e Fica,0.9254059539918809,1.225,40
Brazil.regions.PR:Matinhos,0.9238836265223275,1.25,40
Brazil.regions.MT:Várzea Grande,0.9208389715832206,1.3,40
Brazil.regions.MG:Poços de Caldas,0.9162719891745602,1.375,40
Brazil.regions.RS:Caxias do Sul,0.9162719891745602,1.375,40
Brazil.regions.SP:Itupeva,0.9147496617050068,1.4,40
Brazil.regions.RJ:São Pedro da Aldeia,0.9025710419485792,1.6,40
Brazil.regions.SP:Mairiporã,0.891914749661705,1.775,40
United_States_Virgin_Islands,0.8629905277401895,2.25,40
Guam,0.7823071718538566,3.575,40
Brazil.regions.SP:Piracicaba,0.7777401894451962,3.65,40
Brazil.regions.CE:Caucaia,0.15815290933694182,13.825,40
Brazil.regions.SP:São Roque,0.8968200270635994,1.6944444444444444,36
Brazil.regions.SP:Sertãozinho,0.9095302532379663,1.4857142857142858,35
Brazil.regions.PE:Moreno,0.86951478832399,2.142857142857143,35
Brazil.regions.SP:Artur Nogueira,0.9337339807370851,1.088235294117647,34
Brazil.regions.PE:Garanhuns,0.8726780661828023,2.090909090909091,33
Brazil.regions.PE:Santa Cruz do Capibaribe,0.9253568466541534,1.2258064516129032,31
Brazil.regions.PE:São José da Coroa Grande,0.8985115020297699,1.6666666666666667,30
Brazil.regions.SP:Aparecida,0.9366711772665764,1.04,25
Brazil.regions.ES:Piúma,0.9162719891745602,1.375,24
Brazil.regions.RJ:Pinheiral,0.908660351826793,1.5,24
Brazil.regions.PE:Condado,0.916672601666548,1.368421052631579,19
Brazil.regions.ES:Marataízes,0.7958290217304784,3.3529411764705883,17
Brazil.regions.SE:Pedrinhas,0.939106901217862,1.0,2
