region,similarity,distance,days
Brazil.regions.RS:São Sebastião do Caí,0.8672058823529412,0.525,40
Brazil.regions.RS:Torres,0.8229411764705883,0.7,40
Brazil.regions.SC:Porto Belo,0.8166176470588236,0.725,40
Brazil.regions.SP:Tatuí,0.8039705882352941,0.775,40
Brazil.regions.ES:Cachoeiro de Itapemirim,0.7976470588235294,0.8,40
Brazil.regions.SP:Votuporanga,0.7470588235294118,1.0,40
Brazil.regions.PB:Patos,0.5004411764705883,1.975,40
Liechtenstein,0.5004411764705883,1.975,40
Brazil.regions.RJ:Teresópolis,0.49411764705882355,2.0,40
Brazil.regions.SP:Araraquara,0.3107352941176471,2.725,40
Brazil.regions.SC:Araranguá,0.773001508295626,0.8974358974358975,39
Brazil.regions.RJ:Tanguá,0.7470588235294118,1.0,37
Brazil.regions.SP:Birigui,0.6486928104575164,1.3888888888888888,36
Brazil.regions.PE:Macaparana,0.7904201680672269,0.8285714285714286,35
Brazil.regions.SP:Pindamonhangaba,0.7759663865546218,0.8857142857142857,35
Brazil.regions.PE:Arcoverde,0.6429065743944636,1.411764705882353,34
Brazil.regions.SC:Cocal do Sul,0.8620320855614974,0.5454545454545454,33
Brazil.regions.PE:João Alfredo,0.8237076648841355,0.696969696969697,33
Brazil.regions.SC:Balneário Piçarras,0.8237076648841355,0.696969696969697,33
Brazil.regions.PR:Paiçandu,0.8735294117647059,0.5,32
Brazil.regions.SP:Porto Ferreira,0.8498161764705883,0.59375,32
Brazil.regions.PR:Apucarana,0.6860040567951318,1.2413793103448276,29
Brazil.regions.SP:Mairinque,0.8283613445378151,0.6785714285714286,28
Brazil.regions.BA:Irecê,0.8969498910675382,0.4074074074074074,27
Brazil.regions.CE:Uruburetama,0.6964705882352942,1.2,20
Brazil.regions.SP:Barrinha,0.906811145510836,0.3684210526315789,19
Brazil.regions.SP:Barra Bonita,0.8032679738562092,0.7777777777777778,18
Brazil.regions.SP:Bom Jesus dos Perdões,0.9107266435986159,0.35294117647058826,17
Brazil.regions.SP:Holambra,0.8363321799307959,0.6470588235294118,17
Brazil.regions.MG:Raposos,0.9241176470588235,0.3,10
Brazil.regions.PB:Nova Floresta,0.9051470588235294,0.375,8
Brazil.regions.PB:São Sebastião de Lagoa de Roça,0.8915966386554622,0.42857142857142855,7
Brazil.regions.AL:Cajueiro,1.0,0.0,2
Brazil.regions.RS:Portão,0.49411764705882355,2.0,1
