region,similarity,distance,days
Brazil.regions.PA:Belém,1.1102230246251565e-16,70.27272727272727,55
Brazil.regions.ES:Cariacica,0.9038363489398744,9.092592592592593,54
Brazil.regions.SP:Rio Grande da Serra,1.0,2.5833333333333335,36
