region,similarity,distance,days
Brazil.regions.SP:Boituva,0.9784894483524621,1.8108108108108107,37
Brazil.regions.SP:Mirassol,0.9774342835986671,1.8918918918918919,37
Brazil.regions.RS:Guaíba,0.9770825620140688,1.9189189189189189,37
Brazil.regions.RS:Erechim,0.9763791188448723,1.972972972972973,37
Brazil.regions.RJ:Três Rios,0.9746205109218807,2.108108108108108,37
Brazil.regions.SC:Imbituba,0.9746205109218807,2.108108108108108,37
Brazil.regions.SC:Içara,0.9742687893372824,2.135135135135135,37
Brazil.regions.ES:Viana,0.9711032950758978,2.3783783783783785,37
Brazil.regions.CE:Itaitinga,0.9693446871529063,2.5135135135135136,37
Brazil.regions.RJ:Angra dos Reis,0.9665309144761199,2.72972972972973,37
Brazil.regions.RS:Passo Fundo,0.9412069603850426,4.675675675675675,37
Luxembourg,0.023917067752684096,75.16216216216216,37
Brazil.regions.PE:Lagoa do Carro,0.9771118721461187,1.9166666666666667,36
Brazil.regions.SP:Caçapava,0.9741682974559687,2.142857142857143,35
Brazil.regions.PE:Chã Grande,0.9734246575342466,2.2,30
Brazil.regions.RJ:Saquarema,0.9712557077625571,2.3666666666666667,30
Brazil.regions.SP:Leme,0.9827586206896551,1.4827586206896552,29
Brazil.regions.SP:Monte Mor,0.9839285714285714,1.3928571428571428,28
Brazil.regions.AL:Rio Largo,0.9709148727984345,2.392857142857143,28
Brazil.regions.PE:Cupira,0.984536354056902,1.3461538461538463,26
Brazil.regions.PE:Surubim,0.9820337197049526,1.5384615384615385,26
Brazil.regions.MG:Viçosa,0.9868721461187214,1.1666666666666667,24
Brazil.regions.PE:Nazaré da Mata,0.9818835616438356,1.55,20
Brazil.regions.PE:Camocim de São Félix,0.9876712328767123,1.105263157894737,19
Brazil.regions.AL:Santa Luzia do Norte,0.9842465753424657,1.368421052631579,19
Brazil.regions.SP:Igaraçu do Tietê,0.989041095890411,1.0,16
Brazil.regions.PB:Lagoa Seca,0.9874143835616438,1.125,16
