region,similarity,distance,days
Brazil.regions.SP:Louveira,1.0,0.6111111111111112,36
Brazil.regions.PR:Fazenda Rio Grande,0.740834386852086,0.8888888888888888,36
Brazil.regions.SP:Valinhos,0.5853350189633375,1.0555555555555556,36
Brazil.regions.PR:Maringá,0.22250316055625785,1.4444444444444444,36
