region,similarity,distance,days
Brazil.regions.RJ:Três Rios,0.9855378401725391,1.2666666666666666,30
Brazil.regions.RS:Guaíba,0.9846682799297487,1.3333333333333333,30
Brazil.regions.SP:Boituva,0.9833639395655631,1.4333333333333333,30
Brazil.regions.PE:Lagoa do Carro,0.9829291594441679,1.4666666666666666,30
Brazil.regions.RS:Erechim,0.9824943793227727,1.5,30
Brazil.regions.SC:Imbituba,0.9820595992013775,1.5333333333333334,30
Brazil.regions.SC:Içara,0.9820595992013775,1.5333333333333334,30
Brazil.regions.SP:Mirassol,0.9803204787157969,1.6666666666666667,30
Brazil.regions.SP:Caçapava,0.9798856985944017,1.7,30
Brazil.regions.SP:Caraguatatuba,0.9733639967734738,2.2,30
Brazil.regions.CE:Itaitinga,0.9716248762878931,2.3333333333333335,30
Brazil.regions.ES:Viana,0.9716248762878931,2.3333333333333335,30
Brazil.regions.RJ:Angra dos Reis,0.9698857558023124,2.466666666666667,30
Brazil.regions.RJ:Saquarema,0.966842294952546,2.7,30
Brazil.regions.RS:Passo Fundo,0.9594510328888278,3.2666666666666666,30
Luxembourg,0.14989044685099062,65.33333333333333,30
Brazil.regions.SP:Leme,0.9834260510114767,1.4285714285714286,28
Brazil.regions.SP:Monte Mor,0.9783881226207071,1.8148148148148149,27
Brazil.regions.AL:Rio Largo,0.9706586982403482,2.4074074074074074,27
Brazil.regions.PE:Cupira,0.9839993874352946,1.3846153846153846,26
Brazil.regions.PE:Surubim,0.9764743468726855,1.9615384615384615,26
Brazil.regions.MG:Viçosa,0.9850463496005271,1.3043478260869565,23
Brazil.regions.PE:Nazaré da Mata,0.9831465495048656,1.45,20
Brazil.regions.PE:Camocim de São Félix,0.9883295862151819,1.0526315789473684,19
Brazil.regions.AL:Santa Luzia do Norte,0.9911899817506765,0.8333333333333334,18
Brazil.regions.PB:Lagoa Seca,0.9855378401725391,1.2666666666666666,15
Brazil.regions.SP:Igaraçu do Tietê,0.9855378401725391,1.2666666666666666,15
