region,similarity,distance,days
Saint_Vincent_and_the_Grenadines,0.6053575699593399,1.4864864864864864,37
Brazil.regions.BA:Conceição do Jacuípe,0.5910069361396795,1.5405405405405406,37
Brazil.regions.SE:Itabaiana,0.533604400861038,1.7567567567567568,37
Brazil.regions.SP:Itu,0.4762018655823965,1.972972972972973,37
Brazil.regions.MG:Pouso Alegre,0.42597464721358513,2.1621621621621623,37
Cayman_Islands,0.23941640755800042,2.864864864864865,37
Brazil.regions.MG:Ubá,0.6091445427728612,1.4722222222222223,36
Brazil.regions.RJ:Paracambi,0.3113938053097345,2.59375,32
Brazil.regions.PE:Machados,0.8407079646017699,0.6,30
Brazil.regions.CE:Pacajus,0.3982300884955752,2.2666666666666666,30
Brazil.regions.SC:Rio do Sul,0.7985962770826975,0.7586206896551724,29
Brazil.regions.PE:Chã de Alegria,0.6586599241466498,1.2857142857142858,28
Brazil.regions.SP:Cruzeiro,0.744346116027532,0.9629629629629629,27
Brazil.regions.SP:Santa Gertrudes,0.8774676650782846,0.46153846153846156,26
Brazil.regions.MG:Lagoa Santa,0.8037706810311658,0.7391304347826086,23
Brazil.regions.RS:Xangri-lá,0.9810366624525917,0.07142857142857142,14
Brazil.regions.MG:Juatuba,0.9778761061946902,0.08333333333333333,12
