region,similarity,distance,days
Brazil.regions.PA:Marabá,0.9848793253852864,0.2631578947368421,19
Brazil.regions.AM:Boca do Acre,0.9818551904623437,0.3157894736842105,19
Brazil.regions.RR:Alto Alegre,0.9818551904623437,0.3157894736842105,19
Brazil.regions.MT:Aripuanã,0.9758069206164582,0.42105263157894735,19
Brazil.regions.PA:Óbidos,0.9758069206164582,0.42105263157894735,19
Belize,0.9727827856935155,0.47368421052631576,19
Brazil.regions.AP:Oiapoque,0.9727827856935155,0.47368421052631576,19
Brazil.regions.MT:Cáceres,0.9697586507705729,0.5263157894736842,19
New_Caledonia,0.9425414364640884,1.0,19
Brazil.regions.AM:Tefé,0.9274207618493748,1.263157894736842,19
Sweden.regions.Västernorrland,0.9274207618493748,1.263157894736842,19
Sweden.regions.Gävleborg,0.9183483570805466,1.4210526315789473,19
Brazil.regions.PA:Santarém,0.9092759523117185,1.5789473684210527,19
Sweden.regions.Värmland,0.894155277697005,1.8421052631578947,19
Brazil.regions.AM:Presidente Figueiredo,0.8911311427740622,1.894736842105263,19
Sweden.regions.Dalarna,0.7459726664728119,4.421052631578948,19
Brazil.regions.AM:Carauari,0.6854899680139575,5.473684210526316,19
Brazil.regions.AM:Urucará,0.8073448163795904,3.3529411764705883,17
Brazil.regions.RO:Guajará-Mirim,0.9281767955801105,1.25,12
Brazil.regions.AC:Feijó,0.9808471454880294,0.3333333333333333,9
Brazil.regions.AC:Sena Madureira,0.9671665351223362,0.5714285714285714,7
Brazil.regions.RR:Amajari,0.9343330702446725,1.1428571428571428,7
Brazil.regions.PA:Portel,0.8440410418310971,2.7142857142857144,7
