region,similarity,distance,days
Brazil.regions.SC:Capivari de Baixo,0.959850998984084,0.4,15
Brazil.regions.SP:Taubaté,0.959850998984084,0.4,15
Brazil.regions.GO:Senador Canedo,0.9505181171689807,0.4666666666666667,15
Brazil.regions.MG:Coronel Fabriciano,0.9505181171689807,0.4666666666666667,15
Brazil.regions.MG:São José da Lapa,0.9505181171689807,0.4666666666666667,15
Brazil.regions.RS:Dois Irmãos,0.9505181171689807,0.4666666666666667,15
Brazil.regions.PR:Piraquara,0.9411852353538774,0.5333333333333333,15
Brazil.regions.BA:Feira de Santana,0.9318523535387742,0.6,15
Brazil.regions.RJ:Itaguaí,0.894520826278361,0.8666666666666667,15
Brazil.regions.RJ:Armação dos Búzios,0.8478564172028445,1.2,15
Brazil.regions.SP:Jacareí,0.8105248899424314,1.4666666666666666,15
Brazil.regions.SC:Brusque,0.7918591263122248,1.6,15
Brazil.regions.PE:Cabo de Santo Agostinho,0.7265289536065018,2.066666666666667,15
