region,similarity,distance,days
Brazil.regions.RS:Ivoti,0.9044117647058824,0.5,36
Brazil.regions.PE:Caruaru,0.8566176470588236,0.75,36
Brazil.regions.BA:Camaçari,0.8141339869281046,0.9722222222222222,36
Brazil.regions.SC:Camboriú,0.633578431372549,1.9166666666666667,36
Brazil.regions.RJ:Petrópolis,0.5326797385620915,2.4444444444444446,36
Brazil.regions.MG:Juiz de Fora,0.5220588235294118,2.5,36
Brazil.regions.RJ:Porto Real,0.896218487394958,0.5428571428571428,35
Brazil.regions.PE:Igarassu,0.2189075630252102,4.085714285714285,35
Brazil.regions.MA:Raposa,0.8200692041522492,0.9411764705882353,34
Brazil.regions.SP:Ourinhos,0.7798573975044563,1.1515151515151516,33
Brazil.regions.SP:Mongaguá,0.8681541582150101,0.6896551724137931,29
Brazil.regions.PE:Ilha de Itamaracá,0.8566176470588236,0.75,28
Brazil.regions.PE:Lagoa de Itaenga,0.9005882352941177,0.52,25
Brazil.regions.MG:Igarapé,0.8957219251336899,0.5454545454545454,11
Brazil.regions.BA:Santo Antônio de Jesus,0.9808823529411764,0.1,10
