region,similarity,distance,days
Brazil.regions.RJ:São Pedro da Aldeia,0.8869128165474579,1.8571428571428572,35
Brazil.regions.MT:Várzea Grande,0.8851730137251111,1.8857142857142857,35
Brazil.regions.RJ:Seropédica,0.8851730137251111,1.8857142857142857,35
Brazil.regions.SP:Águas de Lindóia,0.8851730137251111,1.8857142857142857,35
Brazil.regions.SP:Mairiporã,0.8816934080804175,1.9428571428571428,35
Brazil.regions.RN:Passa e Fica,0.8799536052580708,1.9714285714285715,35
Brazil.regions.SP:São Roque,0.8799536052580708,1.9714285714285715,35
Saint_Lucia,0.8799536052580708,1.9714285714285715,35
Brazil.regions.PR:Araucária,0.878213802435724,2.0,35
Brazil.regions.PR:Matinhos,0.878213802435724,2.0,35
Brazil.regions.SE:Propriá,0.878213802435724,2.0,35
Brazil.regions.PR:Arapongas,0.8747341967910304,2.057142857142857,35
Brazil.regions.SP:Itupeva,0.8747341967910304,2.057142857142857,35
Brazil.regions.SP:Atibaia,0.86951478832399,2.142857142857143,35
Brazil.regions.SP:Sertãozinho,0.86951478832399,2.142857142857143,35
Brazil.regions.MG:Poços de Caldas,0.8677749855016431,2.1714285714285713,35
Brazil.regions.RS:Caxias do Sul,0.8642953798569495,2.2285714285714286,35
United_States_Virgin_Islands,0.8155809008312391,3.0285714285714285,35
Brazil.regions.SP:Piracicaba,0.7755654359172627,3.6857142857142855,35
Guam,0.7477285907597139,4.142857142857143,35
Brazil.regions.CE:Caucaia,0.5372124492557511,7.6,35
Brazil.regions.SP:Artur Nogueira,0.878213802435724,2.0,34
Brazil.regions.PE:Garanhuns,0.8302374215770697,2.787878787878788,33
Brazil.regions.PE:Santa Cruz do Capibaribe,0.8801780959448252,1.967741935483871,31
Brazil.regions.PE:São José da Coroa Grande,0.8843031123139378,1.9,30
Brazil.regions.SP:Aparecida,0.8952638700947226,1.72,25
Brazil.regions.RJ:Pinheiral,0.9162719891745602,1.375,24
Brazil.regions.ES:Piúma,0.878213802435724,2.0,24
Brazil.regions.PE:Condado,0.923082401538352,1.263157894736842,19
Brazil.regions.ES:Marataízes,0.7958290217304784,3.3529411764705883,17
Brazil.regions.SE:Pedrinhas,0.969553450608931,0.5,2
