region,similarity,distance,days
Brazil.regions.SP:Cotia,0.12541450644217433,4.254545454545455,55
Brazil.regions.SC:Itajaí,0.5014116318464145,2.6538461538461537,52
Brazil.regions.SP:Paulínia,0.802489724633304,1.372093023255814,43
Brazil.regions.SP:Nova Odessa,0.8060014519641848,1.3571428571428572,42
Brazil.regions.SP:Indaiatuba,0.7237470906611946,1.7073170731707317,41
Brazil.regions.MG:João Monlevade,0.8970107626234108,0.9696969696969697,33
Brazil.regions.PE:Abreu e Lima,0.1282617250996697,4.242424242424242,33
Brazil.regions.MG:São Lourenço,0.9045736871823828,0.9375,32
