region,similarity,distance,days
Brazil.regions.BA:Conceição do Jacuípe,0.9210715139918679,0.2972972972972973,37
Saint_Vincent_and_the_Grenadines,0.8493183448935662,0.5675675675675675,37
Brazil.regions.SP:Itu,0.7632145419756039,0.8918918918918919,37
Brazil.regions.MG:Pouso Alegre,0.6986366897871322,1.135135135135135,37
Brazil.regions.SE:Itabaiana,0.6627601052379813,1.2702702702702702,37
Brazil.regions.CE:Pindoretama,0.5551303515905286,1.6756756756756757,37
Cayman_Islands,0.45467591485290604,2.054054054054054,37
Brazil.regions.RJ:Paracambi,0.3279867256637168,2.53125,32
Brazil.regions.PE:Machados,0.911504424778761,0.3333333333333333,30
Brazil.regions.SC:Rio do Sul,0.8761061946902655,0.4666666666666667,30
Brazil.regions.CE:Pacajus,0.2920353982300885,2.6666666666666665,30
Brazil.regions.SP:Cruzeiro,0.838811630847029,0.6071428571428571,28
Brazil.regions.PE:Chã de Alegria,0.7155499367888749,1.0714285714285714,28
Brazil.regions.SP:Santa Gertrudes,0.9508357915437562,0.18518518518518517,27
Brazil.regions.MG:Lagoa Santa,0.9225663716814159,0.2916666666666667,24
Brazil.regions.RS:Xangri-lá,0.9292035398230089,0.26666666666666666,15
Brazil.regions.MG:Juatuba,0.9183117767188563,0.3076923076923077,13
