region,similarity,distance,days
Aruba,0.8372939560439561,1.8392857142857142,56
San_Marino,0.1785714285714286,9.285714285714286,56
Brazil.regions.RJ:Itaboraí,0.37115384615384617,7.108695652173913,46
Brazil.regions.SP:Cajamar,0.7728146853146853,2.5681818181818183,44
Brazil.regions.SP:Bauru,0.6358676207513416,4.116279069767442,43
Brazil.regions.SP:Franca,0.9266416510318949,0.8292682926829268,41
Brazil.regions.RJ:Iguaba Grande,0.8979289940828402,1.1538461538461537,39
Brazil.regions.PE:Carpina,0.8927738927738927,1.2121212121212122,33
Brazil.regions.RS:Imbé,0.991439205955335,0.0967741935483871,31
Brazil.regions.SC:Penha,0.9183431952662722,0.9230769230769231,26
Brazil.regions.GO:Novo Gama,0.9425,0.65,20
Brazil.regions.SC:Bombinhas,0.9778846153846154,0.25,8
