region,similarity,distance,days
Brazil.regions.RJ:Rio das Ostras,0.7587006960556845,2.0,43
Brazil.regions.PB:Campina Grande,0.7502832784762316,2.0697674418604652,43
Barbados,0.7306426374575082,2.2325581395348837,43
Brazil.regions.SP:São José dos Campos,0.43883882803647545,4.651162790697675,43
Brazil.regions.SC:Blumenau,0.35466465224194677,5.348837209302325,43
Brazil.regions.CE:Eusébio,0.24667534378360012,6.2439024390243905,41
Brazil.regions.BA:Simões Filho,0.8793503480278422,1.0,38
Brazil.regions.AL:Arapiraca,0.7924825986078886,1.72,25
Brazil.regions.BA:Madre de Deus,0.9827643354325489,0.14285714285714285,7
