region,similarity,distance,days
Brazil.regions.PA:Novo Progresso,0.927536231884058,0.9565217391304348,23
Brazil.regions.AM:Manicoré,0.9209486166007905,1.0434782608695652,23
Brazil.regions.AM:Novo Airão,0.9209486166007905,1.0434782608695652,23
Brazil.regions.RR:Rorainópolis,0.8386034255599473,2.130434782608696,23
Sweden.regions.Västerbotten,0.7760210803689065,2.9565217391304346,23
Sweden.regions.Jämtland Härjedalen,0.7299077733860342,3.5652173913043477,23
Brazil.regions.AM:Maués,0.6442687747035573,4.695652173913044,23
Brazil.regions.AP:Laranjal do Jari,0.6343873517786561,4.826086956521739,23
Brazil.regions.AM:Coari,0.21277997364953882,10.391304347826088,23
Brazil.regions.AM:Novo Aripuanã,0.8779461279461279,1.6111111111111112,18
Brazil.regions.AM:Humaitá,0.9573863636363636,0.5625,16
Brazil.regions.AM:Borba,0.8434343434343434,2.066666666666667,15
Brazil.regions.RR:Caracaraí,0.9558080808080808,0.5833333333333334,12
Brazil.regions.PA:Jacareacanga,1.0,0.0,4
Brazil.regions.AM:Apuí,0.696969696969697,4.0,4
Brazil.regions.AM:Pauini,1.0,0.0,2
Brazil.regions.AM:Japurá,0.5454545454545454,6.0,1
