region,similarity,distance,days
Brazil.regions.PR:Colombo,0.2463503649635035,2.0714285714285716,42
Brazil.regions.SP:Vargem Grande Paulista,0.23357664233576636,2.0952380952380953,42
Brazil.regions.MG:Betim,0.2080291970802921,2.142857142857143,42
Sint_Maarten,0.054744525547445466,2.4285714285714284,42
Brazil.regions.SP:Ribeirão Pires,0.041970802919707895,2.4523809523809526,42
Brazil.regions.RJ:Japeri,0.17737226277372242,2.2,35
