region,similarity,distance,days
Brazil.regions.SP:Santana de Parnaíba,0.8040948830033428,1.3863636363636365,44
Brazil.regions.SC:Itajaí,0.594561583954744,2.3181818181818183,44
Brazil.regions.SP:Cotia,0.14994214451015664,4.295454545454546,44
Brazil.regions.SP:Nova Odessa,0.917121637056217,0.8837209302325582,43
Brazil.regions.SP:Indaiatuba,0.7785420416559526,1.5,42
Brazil.regions.MG:João Monlevade,0.9372702796726816,0.7941176470588235,34
Brazil.regions.MG:São Lourenço,0.9454872717922345,0.7575757575757576,33
Brazil.regions.PE:Abreu e Lima,0.19593725893545888,4.090909090909091,33
