region,similarity,distance,days
Brazil.regions.PA:Salinópolis,0.9755019120458891,0.3125,16
Brazil.regions.SP:Campos do Jordão,0.9755019120458891,0.3125,16
Brazil.regions.MG:Lavras,0.970602294455067,0.375,16
Brazil.regions.BA:Itaparica,0.9657026768642447,0.4375,16
Brazil.regions.GO:Trindade,0.9657026768642447,0.4375,16
Brazil.regions.MG:Guaxupé,0.9657026768642447,0.4375,16
Brazil.regions.MG:Itaúna,0.9657026768642447,0.4375,16
Brazil.regions.PA:Castanhal,0.9657026768642447,0.4375,16
Brazil.regions.RS:Charqueadas,0.9657026768642447,0.4375,16
Brazil.regions.RS:Estrela,0.9657026768642447,0.4375,16
Brazil.regions.RS:Santa Cruz do Sul,0.9657026768642447,0.4375,16
Brazil.regions.RS:Teutônia,0.9657026768642447,0.4375,16
Brazil.regions.SP:Mogi Guaçu,0.9657026768642447,0.4375,16
Brazil.regions.GO:Cidade Ocidental,0.9608030592734226,0.5,16
Brazil.regions.PE:Goiana,0.9608030592734226,0.5,16
Brazil.regions.PE:Palmares,0.9608030592734226,0.5,16
Brazil.regions.PR:Ibiporã,0.9608030592734226,0.5,16
Brazil.regions.RJ:Cordeiro,0.9608030592734226,0.5,16
Brazil.regions.SC:Biguaçu,0.9608030592734226,0.5,16
Brazil.regions.SC:Gaspar,0.9608030592734226,0.5,16
Brazil.regions.MG:Barbacena,0.9559034416826004,0.5625,16
Brazil.regions.RJ:Mendes,0.9559034416826004,0.5625,16
Brazil.regions.SP:Cabreúva,0.9559034416826004,0.5625,16
Brazil.regions.SP:Engenheiro Coelho,0.9510038240917782,0.625,16
Brazil.regions.SP:São João da Boa Vista,0.9461042065009561,0.6875,16
Brazil.regions.PE:Bom Jardim,0.9412045889101338,0.75,16
Brazil.regions.SP:Mogi Mirim,0.9412045889101338,0.75,16
Brazil.regions.PE:Timbaúba,0.9363049713193117,0.8125,16
Brazil.regions.MA:Imperatriz,0.9216061185468452,1.0,16
Brazil.regions.PI:Água Branca,0.9069072657743786,1.1875,16
Brazil.regions.PR:Paranaguá,0.9069072657743786,1.1875,16
Brazil.regions.SP:Cordeirópolis,0.9069072657743786,1.1875,16
Brazil.regions.PE:Ipojuca,0.8873087954110899,1.4375,16
Brazil.regions.PB:Santa Rita,0.8775095602294455,1.5625,16
Brazil.regions.MT:Cuiabá,0.8236137667304015,2.25,16
Brazil.regions.AL:Campo Alegre,0.9477374123645634,0.6666666666666666,12
Brazil.regions.SE:Laranjeiras,0.9412045889101338,0.75,12
Brazil.regions.PE:Barreiros,0.9073526855553624,1.1818181818181819,11
Brazil.regions.BA:Governador Mangabeira,0.9686424474187381,0.4,10
Brazil.regions.PB:Puxinanã,1.0,0.0,3
Brazil.regions.MG:Congonhas,1.0,0.0,1
Brazil.regions.PB:Belém,1.0,0.0,1
