region,similarity,distance,days
Brazil.regions.SE:Propriá,0.9986468200270636,0.022222222222222223,45
Saint_Lucia,0.9810554803788903,0.3111111111111111,45
Brazil.regions.MT:Várzea Grande,0.9715832205683356,0.4666666666666667,45
Brazil.regions.MG:Poços de Caldas,0.9702300405953992,0.4888888888888889,45
Brazil.regions.RS:Caxias do Sul,0.9377537212449256,1.0222222222222221,45
Brazil.regions.SP:Mairiporã,0.9242219215155616,1.2444444444444445,45
United_States_Virgin_Islands,0.9066305818673883,1.5333333333333334,45
Guam,0.7970230040595399,3.3333333333333335,45
Brazil.regions.CE:Caucaia,0.013531799729364025,16.2,45
Brazil.regions.SP:Itupeva,0.9820088571780047,0.29545454545454547,44
Brazil.regions.RJ:Seropédica,0.9626337802927789,0.6136363636363636,44
Brazil.regions.SP:Piracicaba,0.7564276048714479,4.0,44
Brazil.regions.PR:Matinhos,0.9985838814236712,0.023255813953488372,43
Brazil.regions.RJ:São Pedro da Aldeia,0.934757394161995,1.0714285714285714,42
Brazil.regions.SP:Águas de Lindóia,0.9925740123436417,0.12195121951219512,41
Brazil.regions.PR:Araucária,0.9851480246872835,0.24390243902439024,41
Brazil.regions.PR:Arapongas,0.9732664444371102,0.43902439024390244,41
Brazil.regions.SP:Atibaia,0.9254059539918809,1.225,40
Brazil.regions.SP:São Roque,0.949255751014885,0.8333333333333334,36
Brazil.regions.SP:Sertãozinho,0.9652039435530639,0.5714285714285714,35
Brazil.regions.PE:Moreno,0.8799536052580708,1.9714285714285715,35
Brazil.regions.SP:Artur Nogueira,0.9910451325320385,0.14705882352941177,34
Brazil.regions.PE:Garanhuns,0.918809201623816,1.3333333333333333,33
Brazil.regions.PE:Santa Cruz do Capibaribe,0.9803570649089878,0.3225806451612903,31
Brazil.regions.PE:São José da Coroa Grande,0.9512855209742895,0.8,30
Brazil.regions.SP:Aparecida,0.9975642760487144,0.04,25
Brazil.regions.RJ:Pinheiral,0.9517929634641408,0.7916666666666666,24
Brazil.regions.ES:Piúma,0.9441813261163735,0.9166666666666666,24
Brazil.regions.PE:Condado,0.93590200128196,1.0526315789473684,19
Brazil.regions.ES:Marataízes,0.745681763909894,4.176470588235294,17
Brazil.regions.SE:Pedrinhas,1.0,0.0,2
