region,similarity,distance,days
Brazil.regions.AL:Maceió,1.0,4.093023255813954,43
Brazil.regions.RJ:Duque de Caxias,0.6989470521557434,11.86046511627907,43
Bahrain,0.5997978777160181,14.418604651162791,43
