region,similarity,distance,days
Brazil.regions.AC,0.346433173245871,34.62264150943396,53
Suriname,1.1102230246251565e-16,51.79245283018868,53
Brazil.regions.PA:Altamira,0.6352641443129905,20.307692307692307,39
