region,similarity,distance,days
Brazil.regions.PR:Paiçandu,0.9116949461777049,0.3793103448275862,29
Brazil.regions.RS:São Sebastião do Caí,0.9036672140120416,0.41379310344827586,29
Brazil.regions.SC:Cocal do Sul,0.8956394818463784,0.4482758620689655,29
Brazil.regions.SC:Araranguá,0.8876117496807152,0.4827586206896552,29
Brazil.regions.SP:Porto Ferreira,0.8876117496807152,0.4827586206896552,29
Brazil.regions.SC:Balneário Piçarras,0.879584017515052,0.5172413793103449,29
Brazil.regions.PE:João Alfredo,0.8715562853493888,0.5517241379310345,29
Brazil.regions.SC:Porto Belo,0.8715562853493888,0.5517241379310345,29
Brazil.regions.SP:Tatuí,0.8715562853493888,0.5517241379310345,29
Brazil.regions.ES:Cachoeiro de Itapemirim,0.8635285531837256,0.5862068965517241,29
Brazil.regions.SP:Pindamonhangaba,0.8555008210180624,0.6206896551724138,29
Brazil.regions.PE:Macaparana,0.8474730888523992,0.6551724137931034,29
Brazil.regions.RS:Torres,0.8474730888523992,0.6551724137931034,29
Brazil.regions.SP:Assis,0.8314176245210728,0.7241379310344828,29
Brazil.regions.PB:Patos,0.8233898923554096,0.7586206896551724,29
Brazil.regions.SP:Votuporanga,0.8153621601897464,0.7931034482758621,29
Brazil.regions.RJ:Tanguá,0.7752234993614304,0.9655172413793104,29
Brazil.regions.PR:Apucarana,0.7350848385331143,1.1379310344827587,29
Brazil.regions.SP:Birigui,0.7110016420361248,1.2413793103448276,29
Brazil.regions.PE:Arcoverde,0.6949461777047985,1.3103448275862069,29
Brazil.regions.RJ:Teresópolis,0.6869184455391353,1.3448275862068966,29
Liechtenstein,0.48622514139755524,2.206896551724138,29
Brazil.regions.SP:Araraquara,0.39792008757526,2.586206896551724,29
Brazil.regions.BA:Irecê,0.9137762100725064,0.37037037037037035,27
Brazil.regions.SP:Barrinha,0.8952380952380953,0.45,20
Brazil.regions.CE:Uruburetama,0.7206349206349207,1.2,20
Brazil.regions.SP:Barra Bonita,0.8039543302701198,0.8421052631578947,19
Brazil.regions.SP:Bom Jesus dos Perdões,0.8965314520870077,0.4444444444444444,18
Brazil.regions.SP:Holambra,0.8577307466196356,0.6111111111111112,18
Brazil.regions.MG:Raposos,0.9576719576719577,0.18181818181818182,11
Brazil.regions.PB:Nova Floresta,1.0,0.0,9
Brazil.regions.PB:São Sebastião de Lagoa de Roça,0.8544973544973545,0.625,8
Brazil.regions.AL:Cajueiro,0.9223985890652557,0.3333333333333333,3
Brazil.regions.RS:Portão,0.7671957671957672,1.0,2
