region,similarity,distance,days
Brazil.regions.CE:Maracanaú,0.0,9.431818181818182,44
Brazil.regions.SP:Guarujá,0.34803930984652265,6.395348837209302,43
Brazil.regions.SP:Praia Grande,0.30329572581303954,6.785714285714286,42
Brazil.regions.MG:Ribeirão das Neves,1.0,0.7073170731707317,41
