region,similarity,distance,days
Brazil.regions.RS:Lajeado,0.07208257506824378,16.94,50
Brazil.regions.SC:Criciúma,0.0,18.24,50
Brazil.regions.SP:Arujá,0.0876316477261726,16.659574468085108,47
Brazil.regions.MG:Santa Luzia,0.07757698113987921,16.84090909090909,44
Brazil.regions.PR:Sarandi,0.15263876251137398,15.487179487179487,39
Brazil.regions.SP:Cubatão,0.47595292595541405,9.65625,32
