region,similarity,distance,days
Maldives,0.0,1.7857142857142858,42
Brazil.regions.PE:Toritama,0.0606451612903226,1.6774193548387097,31
Brazil.regions.MG:Vespasiano,0.44000000000000006,1.0,1
