region,similarity,distance,days
Brazil.regions.SP:Cotia,0.22079633146826816,3.8484848484848486,33
Brazil.regions.SC:Itajaí,0.21367828482452977,3.878787878787879,33
Brazil.regions.SP:Paulínia,0.1638519583183614,4.090909090909091,33
Brazil.regions.MG:João Monlevade,0.1282617250996697,4.242424242424242,33
Brazil.regions.SP:Santana de Parnaíba,0.1282617250996697,4.242424242424242,33
Brazil.regions.SP:Nova Odessa,0.12114367845593133,4.2727272727272725,33
Brazil.regions.SP:Indaiatuba,0.09267149188097801,4.393939393939394,33
Brazil.regions.MG:São Lourenço,0.1264822134387351,4.25,32
