region,similarity,distance,days
Brazil.regions.SP:Santana de Parnaíba,0.5014116318464145,2.6538461538461537,52
Brazil.regions.SP:Cotia,0.0,4.788461538461538,52
Brazil.regions.SP:Paulínia,0.5730568723490866,2.3488372093023258,43
Brazil.regions.SP:Nova Odessa,0.5822914145895512,2.3095238095238093,42
Brazil.regions.SP:Indaiatuba,0.47739323243034804,2.7560975609756095,41
Brazil.regions.MG:João Monlevade,0.8115942028985508,1.3333333333333333,33
Brazil.regions.PE:Abreu e Lima,0.21367828482452977,3.878787878787879,33
Brazil.regions.MG:São Lourenço,0.7871259175607002,1.4375,32
