region,similarity,distance,days
Brazil.regions.AM:Boca do Acre,0.9116022099447514,1.5384615384615385,39
Belize,0.8983425414364641,1.7692307692307692,39
New_Caledonia,0.8924493554327808,1.8717948717948718,39
Brazil.regions.PA:Marabá,0.8895027624309392,1.9230769230769231,39
Sweden.regions.Värmland,0.8556169429097606,2.5128205128205128,39
Brazil.regions.PA:Santarém,0.8040515653775322,3.41025641025641,39
Sweden.regions.Västernorrland,0.7863720073664825,3.717948717948718,39
Sweden.regions.Gävleborg,0.5683241252302026,7.512820512820513,39
Sweden.regions.Dalarna,0.2795580110497238,12.538461538461538,39
Brazil.regions.MT:Aripuanã,0.9145886217709422,1.4864864864864864,37
Brazil.regions.MT:Cáceres,0.913035687621323,1.5135135135135136,37
Brazil.regions.RR:Alto Alegre,0.9097079715864246,1.5714285714285714,35
Brazil.regions.AM:Presidente Figueiredo,0.7414364640883978,4.5,34
Brazil.regions.AM:Tefé,0.35179558011049716,11.28125,32
Brazil.regions.PA:Óbidos,0.9486977111286503,0.8928571428571429,28
Brazil.regions.AM:Carauari,0.6994475138121548,5.230769230769231,26
Brazil.regions.PA:Alenquer,0.9727827856935155,0.47368421052631576,19
Brazil.regions.AM:Urucará,0.8005849853753656,3.4705882352941178,17
Brazil.regions.RO:Guajará-Mirim,0.9233885819521179,1.3333333333333333,12
Brazil.regions.AC:Feijó,0.9942541436464089,0.1,10
Brazil.regions.AC:Sena Madureira,0.9281767955801105,1.25,8
Brazil.regions.RR:Amajari,0.9343330702446725,1.1428571428571428,7
Brazil.regions.PA:Portel,0.8440410418310971,2.7142857142857144,7
