region,similarity,distance,days
Brazil.regions.RN:Passa e Fica,0.9830065770840545,0.27906976744186046,43
Brazil.regions.PR:Matinhos,0.9815904585077257,0.3023255813953488,43
Brazil.regions.SE:Propriá,0.9815904585077257,0.3023255813953488,43
Brazil.regions.MG:Poços de Caldas,0.9674292727444378,0.5348837209302325,43
Brazil.regions.MT:Várzea Grande,0.966013154168109,0.5581395348837209,43
Saint_Lucia,0.966013154168109,0.5581395348837209,43
Brazil.regions.RJ:Seropédica,0.9518519684048211,0.7906976744186046,43
Brazil.regions.SP:Mairiporã,0.9263618340309029,1.2093023255813953,43
Brazil.regions.RS:Caxias do Sul,0.9206973597255876,1.302325581395349,43
United_States_Virgin_Islands,0.8994555810806558,1.6511627906976745,43
Guam,0.7889983321270101,3.4651162790697674,43
Brazil.regions.SP:Piracicaba,0.7705887906347357,3.7674418604651163,43
Brazil.regions.CE:Caucaia,0.052616672436038625,15.55813953488372,43
Brazil.regions.RJ:São Pedro da Aldeia,0.940556736903151,0.9761904761904762,42
Brazil.regions.PR:Araucária,0.9732664444371102,0.43902439024390244,41
Brazil.regions.PR:Arapongas,0.9613848641869369,0.6341463414634146,41
Brazil.regions.SP:Águas de Lindóia,0.9756427604871448,0.4,40
Brazil.regions.SP:Atibaia,0.9219319246382846,1.2820512820512822,39
Brazil.regions.SP:São Roque,0.9460661125072491,0.8857142857142857,35
Brazil.regions.PE:Moreno,0.8747341967910304,2.057142857142857,35
Brazil.regions.SP:Sertãozinho,0.9623895566345618,0.6176470588235294,34
Brazil.regions.SP:Artur Nogueira,0.9926190183294378,0.12121212121212122,33
Brazil.regions.PE:Garanhuns,0.9169639562061754,1.3636363636363635,33
Brazil.regions.PE:Santa Cruz do Capibaribe,0.9705355973634816,0.4838709677419355,31
Brazil.regions.PE:São José da Coroa Grande,0.9451962110960758,0.9,30
Brazil.regions.SP:Aparecida,0.9923883626522327,0.125,24
Brazil.regions.RJ:Pinheiral,0.9568673883626522,0.7083333333333334,24
Brazil.regions.ES:Piúma,0.941754427251868,0.9565217391304348,23
Brazil.regions.PE:Condado,0.939106901217862,1.0,19
Brazil.regions.ES:Marataízes,0.7602334235453315,3.9375,16
Brazil.regions.SE:Pedrinhas,1.0,0.0,2
