region,similarity,distance,days
Curaçao,0.9316042541053747,0.7727272727272727,44
Brazil.regions.SC:Jaraguá do Sul,0.9230777066949187,0.8409090909090909,44
Grenada,0.9202355242247667,0.8636363636363636,44
Brazil.regions.RJ:Barra Mansa,0.9173933417546147,0.8863636363636364,44
Brazil.regions.MG:Divinópolis,0.8776027871724869,1.2045454545454546,44
Brazil.regions.SC:Tubarão,0.8633918748217269,1.3181818181818181,44
Brazil.regions.PI:Parnaíba,0.7497045760156473,2.227272727272727,44
Brazil.regions.PR:Londrina,0.7269671162544313,2.409090909090909,44
Brazil.regions.SC:Chapecó,0.6587547369707836,2.9545454545454546,44
Brazil.regions.BA:Candeias,0.8704296599859128,1.2619047619047619,42
Brazil.regions.RS:Tramandaí,0.9367340468563807,0.7317073170731707,41
Brazil.regions.MG:Varginha,0.8775299106988932,1.205128205128205,39
Brazil.regions.PA:Benevides,0.7685067062028066,2.076923076923077,39
Brazil.regions.SC:Timbó,0.8423443613941148,1.4864864864864864,37
Brazil.regions.SP:Bragança Paulista,0.6252801434334379,3.2222222222222223,36
Brazil.regions.MG:Itajubá,0.9334990424188093,0.7575757575757576,33
Brazil.regions.SP:Américo Brasiliense,0.9500784401613627,0.625,32
Brazil.regions.MG:Nova Serrana,0.9435230838189153,0.6774193548387096,31
Brazil.regions.PE:Itapissuma,0.8573285522187359,1.3666666666666667,30
Brazil.regions.AL:Satuba,0.821249169229818,1.6551724137931034,29
Brazil.regions.MG:Conselheiro Lafaiete,0.9368513602041169,0.7307692307692307,26
Brazil.regions.SP:Serrana,0.8331510533393097,1.56,25
Brazil.regions.PB:Guarabira,0.42171671896010765,4.85,20
Brazil.regions.SE:Barra dos Coqueiros,0.8516887705328657,1.411764705882353,17
Brazil.regions.SE:Carmópolis,0.9031824294038547,1.0,3
