region,similarity,distance,days
Brazil.regions.SP:Jaguariúna,0.8531709610261691,1.4181818181818182,55
Brazil.regions.GO:Anápolis,0.8080410109466992,1.6363636363636365,55
Brazil.regions.SP:Rio Claro,0.8491750800295493,1.4375,48
Brazil.regions.RN:São Gonçalo do Amarante,0.7282278584913404,2.022222222222222,45
Brazil.regions.CE:Horizonte,0.37356627224303074,3.736842105263158,38
Brazil.regions.SP:Catanduva,0.8037429204629402,1.6571428571428573,35
Brazil.regions.PE:Vitória de Santo Antão,0.023639497660674746,5.428571428571429,35
Brazil.regions.SP:Presidente Prudente,0.7449918159827339,1.9411764705882353,34
