region,similarity,distance,days
Brazil.regions.RS:Erechim,0.9937404870624049,0.6388888888888888,36
Brazil.regions.SP:Boituva,0.9930175038051751,0.6944444444444444,36
Brazil.regions.RS:Guaíba,0.9926560121765601,0.7222222222222222,36
Brazil.regions.SC:Imbituba,0.9922945205479452,0.75,36
Brazil.regions.SC:Içara,0.9915715372907153,0.8055555555555556,36
Brazil.regions.SP:Mirassol,0.9908485540334855,0.8611111111111112,36
Brazil.regions.RJ:Três Rios,0.9904870624048706,0.8888888888888888,36
Brazil.regions.CE:Itaitinga,0.9810882800608828,1.6111111111111112,36
Brazil.regions.RJ:Angra dos Reis,0.9792808219178082,1.75,36
Brazil.regions.SP:Caraguatatuba,0.9771118721461187,1.9166666666666667,36
Brazil.regions.ES:Viana,0.9702435312024353,2.4444444444444446,36
Brazil.regions.RS:Passo Fundo,0.941685692541857,4.638888888888889,36
Luxembourg,0.010483257229832565,76.19444444444444,36
Brazil.regions.SP:Caçapava,0.989041095890411,1.0,35
Brazil.regions.PE:Chã Grande,0.9829680365296803,1.4666666666666666,30
Brazil.regions.RJ:Saquarema,0.975593607305936,2.033333333333333,30
Brazil.regions.SP:Leme,0.9939773264052905,0.6206896551724138,29
Brazil.regions.SP:Monte Mor,0.989041095890411,1.0,28
Brazil.regions.AL:Rio Largo,0.9750978473581213,2.0714285714285716,28
Brazil.regions.PE:Cupira,0.9945468914646997,0.5769230769230769,26
Brazil.regions.PE:Surubim,0.99304531085353,0.6923076923076923,26
Brazil.regions.MG:Viçosa,0.995005707762557,0.5416666666666666,24
Brazil.regions.PE:Nazaré da Mata,0.989041095890411,1.0,20
Brazil.regions.PE:Camocim de São Félix,0.9979452054794521,0.3157894736842105,19
Brazil.regions.AL:Santa Luzia do Norte,0.9945205479452055,0.5789473684210527,19
Brazil.regions.SP:Igaraçu do Tietê,0.996361301369863,0.4375,16
Brazil.regions.PB:Lagoa Seca,0.9947345890410959,0.5625,16
