region,similarity,distance,days
Brazil.regions.BA:Irecê,0.986687306501548,0.05263157894736842,19
Brazil.regions.ES:Cachoeiro de Itapemirim,0.986687306501548,0.05263157894736842,19
Brazil.regions.PR:Paiçandu,0.986687306501548,0.05263157894736842,19
Brazil.regions.RS:São Sebastião do Caí,0.973374613003096,0.10526315789473684,19
Brazil.regions.SC:Cocal do Sul,0.973374613003096,0.10526315789473684,19
Brazil.regions.SP:Porto Ferreira,0.973374613003096,0.10526315789473684,19
Brazil.regions.SC:Balneário Piçarras,0.9600619195046439,0.15789473684210525,19
Brazil.regions.PE:Macaparana,0.9467492260061919,0.21052631578947367,19
Brazil.regions.SC:Araranguá,0.9467492260061919,0.21052631578947367,19
Brazil.regions.SP:Tatuí,0.9467492260061919,0.21052631578947367,19
Brazil.regions.PE:João Alfredo,0.920123839009288,0.3157894736842105,19
Brazil.regions.SC:Porto Belo,0.920123839009288,0.3157894736842105,19
Brazil.regions.PB:Patos,0.906811145510836,0.3684210526315789,19
Brazil.regions.SP:Assis,0.906811145510836,0.3684210526315789,19
Brazil.regions.SP:Mairinque,0.906811145510836,0.3684210526315789,19
Brazil.regions.SP:Pindamonhangaba,0.8934984520123839,0.42105263157894735,19
Brazil.regions.SP:Votuporanga,0.8934984520123839,0.42105263157894735,19
Brazil.regions.RS:Torres,0.8801857585139319,0.47368421052631576,19
Brazil.regions.SP:Birigui,0.8801857585139319,0.47368421052631576,19
Brazil.regions.PE:Arcoverde,0.7869969040247679,0.8421052631578947,19
Brazil.regions.RJ:Tanguá,0.7736842105263158,0.8947368421052632,19
Brazil.regions.RJ:Teresópolis,0.7736842105263158,0.8947368421052632,19
Brazil.regions.PR:Apucarana,0.7603715170278638,0.9473684210526315,19
Brazil.regions.CE:Uruburetama,0.7470588235294118,1.0,19
Liechtenstein,0.3876160990712074,2.4210526315789473,19
Brazil.regions.SP:Araraquara,0.32105263157894737,2.6842105263157894,19
Brazil.regions.SP:Barra Bonita,0.8173202614379085,0.7222222222222222,18
Brazil.regions.SP:Bom Jesus dos Perdões,0.9553633217993079,0.17647058823529413,17
Brazil.regions.SP:Holambra,0.8512110726643598,0.5882352941176471,17
Brazil.regions.MG:Raposos,0.9494117647058824,0.2,10
Brazil.regions.PB:Nova Floresta,0.9683823529411765,0.125,8
Brazil.regions.PB:São Sebastião de Lagoa de Roça,0.8915966386554622,0.42857142857142855,7
Brazil.regions.AL:Cajueiro,0.8735294117647059,0.5,2
Brazil.regions.RS:Portão,0.24117647058823533,3.0,1
