region,similarity,distance,days
Armenia,0.7152968523921346,30.70769230769231,65
Slovenia,0.31908252093265976,50.784615384615385,65
Moldova,0.2856851443345432,52.47692307692308,65
Albania,0.5729263028060438,37.921875,64
Brazil.regions.SE,0.9941778119234649,16.576271186440678,59
