region,similarity,distance,days
Brazil.regions.MG:Timóteo,0.9846468958077595,0.6041666666666666,48
Mauritius,0.6603834207491723,6.979166666666667,48
Brazil.regions.SP:Mogi das Cruzes,0.6158766692705427,7.854166666666667,48
Brazil.regions.PI:Teresina,0.3933429118773948,12.229166666666666,48
Brazil.regions.PR:Almirante Tamandaré,0.979890637205669,0.6976744186046512,43
Brazil.regions.RJ:Magé,0.7305345385559647,5.6,40
Brazil.regions.CE:Pacatuba,0.8077941349451225,4.081081081081081,37
