region,similarity,distance,days
Brazil.regions.RS:Guaíba,0.9943169196593854,0.5945945945945946,37
Brazil.regions.RS:Erechim,0.9936134764901888,0.6486486486486487,37
Brazil.regions.SP:Mirassol,0.9932617549055905,0.6756756756756757,37
Brazil.regions.SC:Imbituba,0.992558311736394,0.7297297297297297,37
Brazil.regions.SC:Içara,0.9922065901517956,0.7567567567567568,37
Brazil.regions.RJ:Três Rios,0.985523880044428,1.2702702702702702,37
Brazil.regions.RJ:Angra dos Reis,0.9830618289522399,1.4594594594594594,37
Brazil.regions.SP:Caraguatatuba,0.9784894483524621,1.8108108108108107,37
Brazil.regions.CE:Itaitinga,0.9767308404294706,1.945945945945946,37
Brazil.regions.ES:Viana,0.9707515734912995,2.4054054054054053,37
Brazil.regions.RS:Passo Fundo,0.9422621251388374,4.594594594594595,37
Luxembourg,0.008793039614957365,76.32432432432432,37
Brazil.regions.PE:Lagoa do Carro,0.9930175038051751,0.6944444444444444,36
Brazil.regions.SP:Caçapava,0.9909001956947162,0.8571428571428571,35
Brazil.regions.PE:Chã Grande,0.9834018264840183,1.4333333333333333,30
Brazil.regions.RJ:Saquarema,0.9742922374429224,2.1333333333333333,30
Brazil.regions.SP:Leme,0.9953235710911668,0.5172413793103449,29
Brazil.regions.SP:Monte Mor,0.9932240704500979,0.6785714285714286,28
Brazil.regions.AL:Rio Largo,0.9764921722113503,1.9642857142857142,28
Brazil.regions.PE:Cupira,0.9950474183350896,0.5384615384615384,26
Brazil.regions.PE:Surubim,0.9915437302423604,0.8076923076923077,26
Brazil.regions.MG:Viçosa,0.9933789954337899,0.6666666666666666,24
Brazil.regions.PE:Nazaré da Mata,0.9877397260273972,1.1,20
Brazil.regions.PE:Camocim de São Félix,0.9979452054794521,0.3157894736842105,19
Brazil.regions.AL:Santa Luzia do Norte,0.9945205479452055,0.5789473684210527,19
Brazil.regions.SP:Igaraçu do Tietê,0.9947345890410959,0.5625,16
Brazil.regions.PB:Lagoa Seca,0.9931078767123288,0.6875,16
