region,similarity,distance,days
Brazil.regions.SE:Propriá,0.9643832818444098,0.5849056603773585,53
Saint_Lucia,0.9494472387469043,0.8301886792452831,53
Brazil.regions.RS:Caxias do Sul,0.9184262261597773,1.3396226415094339,53
Guam,0.8023846605560804,3.2452830188679247,53
Brazil.regions.MT:Várzea Grande,0.9317997293640055,1.12,50
United_States_Virgin_Islands,0.8893982491508106,1.816326530612245,49
Brazil.regions.SP:Mairiporã,0.9274465206000058,1.1914893617021276,47
Brazil.regions.RN:Passa e Fica,0.9702300405953992,0.4888888888888889,45
Brazil.regions.CE:Caucaia,0.043301759133964834,15.71111111111111,45
Brazil.regions.RJ:Seropédica,0.9474105055972444,0.8636363636363636,44
Brazil.regions.PR:Matinhos,0.9773421027787393,0.37209302325581395,43
Brazil.regions.SP:Itupeva,0.9674292727444378,0.5348837209302325,43
Brazil.regions.SP:Piracicaba,0.769172672058407,3.7906976744186047,43
Brazil.regions.RJ:São Pedro da Aldeia,0.91300985888266,1.4285714285714286,42
Brazil.regions.PR:Araucária,0.9688108518432952,0.5121951219512195,41
Brazil.regions.PR:Arapongas,0.9509884814680353,0.8048780487804879,41
Brazil.regions.SP:Águas de Lindóia,0.9710757780784844,0.475,40
Brazil.regions.SP:Atibaia,0.9234932861455188,1.2564102564102564,39
Brazil.regions.SP:São Roque,0.9321476899284747,1.1142857142857143,35
Brazil.regions.PE:Moreno,0.8677749855016431,2.1714285714285713,35
Brazil.regions.SP:Sertãozinho,0.957016636153785,0.7058823529411765,34
Brazil.regions.SP:Artur Nogueira,0.9833927912412351,0.2727272727272727,33
Brazil.regions.PE:Garanhuns,0.9077377291179727,1.5151515151515151,33
Brazil.regions.PE:Santa Cruz do Capibaribe,0.964642716836178,0.5806451612903226,31
Brazil.regions.PE:São José da Coroa Grande,0.939106901217862,1.0,30
Brazil.regions.SP:Aparecida,0.989851150202977,0.16666666666666666,24
Brazil.regions.RJ:Pinheiral,0.9543301759133965,0.75,24
Brazil.regions.ES:Piúma,0.949697005353886,0.8260869565217391,23
Brazil.regions.PE:Condado,0.939106901217862,1.0,19
Brazil.regions.ES:Marataízes,0.7640392422192152,3.875,16
Brazil.regions.SE:Pedrinhas,1.0,0.0,2
