region,similarity,distance,days
Brazil.regions.SC:Balneário Piçarras,0.9094650205761317,0.3888888888888889,18
Brazil.regions.SP:Votuporanga,0.9094650205761317,0.3888888888888889,18
Brazil.regions.BA:Irecê,0.8835978835978836,0.5,18
Brazil.regions.ES:Cachoeiro de Itapemirim,0.8835978835978836,0.5,18
Brazil.regions.PR:Paiçandu,0.8835978835978836,0.5,18
Brazil.regions.RS:São Sebastião do Caí,0.8706643151087595,0.5555555555555556,18
Brazil.regions.SC:Araranguá,0.8706643151087595,0.5555555555555556,18
Brazil.regions.SC:Cocal do Sul,0.8706643151087595,0.5555555555555556,18
Brazil.regions.SP:Barrinha,0.8706643151087595,0.5555555555555556,18
Brazil.regions.SP:Tatuí,0.8706643151087595,0.5555555555555556,18
Brazil.regions.RS:Torres,0.8577307466196356,0.6111111111111112,18
Brazil.regions.SP:Assis,0.8577307466196356,0.6111111111111112,18
Brazil.regions.SP:Bom Jesus dos Perdões,0.8577307466196356,0.6111111111111112,18
Brazil.regions.SP:Mairinque,0.8577307466196356,0.6111111111111112,18
Brazil.regions.SP:Pindamonhangaba,0.8577307466196356,0.6111111111111112,18
Brazil.regions.SP:Porto Ferreira,0.8577307466196356,0.6111111111111112,18
Brazil.regions.PE:João Alfredo,0.8447971781305115,0.6666666666666666,18
Brazil.regions.PE:Macaparana,0.8447971781305115,0.6666666666666666,18
Brazil.regions.SC:Porto Belo,0.8447971781305115,0.6666666666666666,18
Brazil.regions.SP:Birigui,0.8447971781305115,0.6666666666666666,18
Brazil.regions.PB:Patos,0.8318636096413874,0.7222222222222222,18
Brazil.regions.PE:Arcoverde,0.7930629041740154,0.8888888888888888,18
Brazil.regions.RJ:Teresópolis,0.7930629041740154,0.8888888888888888,18
Brazil.regions.SP:Barra Bonita,0.7801293356848913,0.9444444444444444,18
Brazil.regions.RJ:Tanguá,0.7283950617283951,1.1666666666666667,18
Brazil.regions.PR:Apucarana,0.715461493239271,1.2222222222222223,18
Brazil.regions.CE:Uruburetama,0.702527924750147,1.2777777777777777,18
Liechtenstein,0.5343915343915344,2.0,18
Brazil.regions.SP:Araraquara,0.45679012345679015,2.3333333333333335,18
Brazil.regions.MG:Raposos,0.9365079365079365,0.2727272727272727,11
Brazil.regions.PB:Nova Floresta,0.974132863021752,0.1111111111111111,9
Brazil.regions.PB:São Sebastião de Lagoa de Roça,0.8253968253968254,0.75,8
Brazil.regions.AL:Cajueiro,0.9223985890652557,0.3333333333333333,3
Brazil.regions.RS:Portão,0.7671957671957672,1.0,2
