region,similarity,distance,days
Brazil.regions.RS:Dois Irmãos,0.947935368043088,0.48717948717948717,39
Brazil.regions.SP:Taubaté,0.9443447037701975,0.5128205128205128,39
Brazil.regions.MG:Coronel Fabriciano,0.933572710951526,0.5897435897435898,39
Brazil.regions.PR:Piraquara,0.9120287253141831,0.7435897435897436,39
Brazil.regions.BA:Feira de Santana,0.8509874326750448,1.1794871794871795,39
Brazil.regions.RJ:Itaguaí,0.7217235188509875,2.1025641025641026,39
Brazil.regions.SC:Brusque,0.710951526032316,2.1794871794871793,39
Brazil.regions.PE:Cabo de Santo Agostinho,0.11131059245960506,6.461538461538462,39
Brazil.regions.SP:Jacareí,0.7772732073080579,1.7058823529411764,34
Brazil.regions.SC:Capivari de Baixo,0.9050950287872221,0.7931034482758621,29
Brazil.regions.RJ:Armação dos Búzios,0.8561169530648884,1.1428571428571428,28
Brazil.regions.MG:São José da Lapa,0.997062183776726,0.13636363636363635,22
Brazil.regions.SP:Cosmópolis,0.9461400359066428,0.5,14
