region,similarity,distance,days
Brazil.regions.RS:Guaíba,0.9990516332982087,0.23076923076923078,26
Brazil.regions.RS:Erechim,0.9985511064278187,0.2692307692307692,26
Brazil.regions.RJ:Angra dos Reis,0.997550052687039,0.34615384615384615,26
Brazil.regions.SC:Içara,0.9965489989462593,0.4230769230769231,26
Brazil.regions.SC:Imbituba,0.9960484720758693,0.46153846153846156,26
Brazil.regions.SP:Mirassol,0.9960484720758693,0.46153846153846156,26
Brazil.regions.SP:Boituva,0.9950474183350896,0.5384615384615384,26
Brazil.regions.PE:Lagoa do Carro,0.9945468914646997,0.5769230769230769,26
Brazil.regions.PE:Surubim,0.9945468914646997,0.5769230769230769,26
Brazil.regions.SP:Monte Mor,0.9945468914646997,0.5769230769230769,26
Brazil.regions.ES:Viana,0.9940463645943098,0.6153846153846154,26
Brazil.regions.SP:Caçapava,0.9935458377239199,0.6538461538461539,26
Brazil.regions.SP:Leme,0.9935458377239199,0.6538461538461539,26
Brazil.regions.CE:Itaitinga,0.9910432033719705,0.8461538461538461,26
Brazil.regions.RJ:Três Rios,0.9910432033719705,0.8461538461538461,26
Brazil.regions.SP:Caraguatatuba,0.984536354056902,1.3461538461538463,26
Brazil.regions.PE:Chã Grande,0.9840358271865122,1.3846153846153846,26
Brazil.regions.RJ:Saquarema,0.9805321390937829,1.6538461538461537,26
Brazil.regions.RS:Passo Fundo,0.9805321390937829,1.6538461538461537,26
Brazil.regions.AL:Rio Largo,0.9780295047418335,1.8461538461538463,26
Luxembourg,0.3328503688092729,51.42307692307692,26
Brazil.regions.MG:Viçosa,0.9966324200913242,0.4166666666666667,24
Brazil.regions.PE:Nazaré da Mata,0.9883904109589041,1.05,20
Brazil.regions.PE:Camocim de São Félix,1.0,0.15789473684210525,19
Brazil.regions.AL:Santa Luzia do Norte,0.9952054794520548,0.5263157894736842,19
Brazil.regions.SP:Igaraçu do Tietê,0.9955479452054794,0.5,16
Brazil.regions.PB:Lagoa Seca,0.9939212328767123,0.625,16
