region,similarity,distance,days
Brazil.regions.SP:Campinas,1.0,7.130434782608695,46
Malta,0.9114660986865459,8.391304347826088,46
Brazil.regions.RJ:Volta Redonda,0.8870429534966275,8.73913043478261,46
Brazil.regions.SP:Santos,0.0,21.372093023255815,43
