region,similarity,distance,days
Brazil.regions.BA:Juazeiro,0.9078605654925198,3.533333333333333,45
Fiji,0.9038370094004902,3.6666666666666665,45
Bahamas,0.9004840459904654,3.7777777777777777,45
Sweden.regions.Jönköping,0.8166599607398466,6.555555555555555,45
Brazil.regions.AC:Rio Branco,0.8099540339197971,6.777777777777778,45
Montenegro,0.7516124705853664,8.71111111111111,45
Sweden.regions.Uppsala,0.7361888388992526,9.222222222222221,45
Sweden.regions.Örebro,0.650352975602619,12.066666666666666,45
Sweden.regions.Östergötland,0.1554555762829659,28.466666666666665,45
Brazil.regions.MA:Caxias,0.9531255715278539,2.033333333333333,30
