region,similarity,distance,days
Brazil.regions.AC:Feijó,0.9671665351223362,0.5714285714285714,7
Brazil.regions.AM:Boca do Acre,0.9671665351223362,0.5714285714285714,7
Brazil.regions.AM:Tefé,0.9671665351223362,0.5714285714285714,7
Brazil.regions.AP:Oiapoque,0.9671665351223362,0.5714285714285714,7
Brazil.regions.MT:Cáceres,0.9671665351223362,0.5714285714285714,7
Brazil.regions.PA:Alenquer,0.9671665351223362,0.5714285714285714,7
Brazil.regions.PA:Marabá,0.9671665351223362,0.5714285714285714,7
Brazil.regions.PA:Óbidos,0.9671665351223362,0.5714285714285714,7
Brazil.regions.RR:Amajari,0.9671665351223362,0.5714285714285714,7
Sweden.regions.Gävleborg,0.9671665351223362,0.5714285714285714,7
Belize,0.9589581689029203,0.7142857142857143,7
Brazil.regions.AM:Carauari,0.9589581689029203,0.7142857142857143,7
Brazil.regions.RR:Alto Alegre,0.9589581689029203,0.7142857142857143,7
Brazil.regions.MT:Aripuanã,0.9507498026835044,0.8571428571428571,7
Brazil.regions.PA:Santarém,0.9343330702446725,1.1428571428571428,7
Brazil.regions.AM:Presidente Figueiredo,0.9261247040252565,1.2857142857142858,7
Brazil.regions.AM:Urucará,0.9261247040252565,1.2857142857142858,7
Brazil.regions.RO:Guajará-Mirim,0.9261247040252565,1.2857142857142858,7
New_Caledonia,0.9179163378058406,1.4285714285714286,7
Sweden.regions.Dalarna,0.9097079715864246,1.5714285714285714,7
Sweden.regions.Västernorrland,0.9097079715864246,1.5714285714285714,7
Brazil.regions.PA:Portel,0.860457774269929,2.4285714285714284,7
Sweden.regions.Värmland,0.8112075769534333,3.2857142857142856,7
