region,similarity,distance,days
Brazil.regions.GO:Anápolis,0.9193895098882201,1.1785714285714286,56
Brazil.regions.PR:Foz do Iguaçu,0.8689126866254984,1.4181818181818182,55
Brazil.regions.SP:Rio Claro,1.0,0.7959183673469388,49
Brazil.regions.RN:São Gonçalo do Amarante,0.8165663513900832,1.6666666666666667,45
Brazil.regions.CE:Horizonte,0.435896275512513,3.473684210526316,38
Brazil.regions.SP:Catanduva,0.9394525652049298,1.0833333333333333,36
Brazil.regions.SP:Presidente Prudente,0.7704213241616509,1.8857142857142857,35
Brazil.regions.PE:Vitória de Santo Antão,0.0,5.542857142857143,35
