region,similarity,distance,days
Brazil.regions.BA:Conceição do Jacuípe,0.9469026548672567,0.2,30
Brazil.regions.MG:Ubá,0.911504424778761,0.3333333333333333,30
Saint_Vincent_and_the_Grenadines,0.8761061946902655,0.4666666666666667,30
Brazil.regions.SC:Rio do Sul,0.8584070796460177,0.5333333333333333,30
Brazil.regions.CE:Pindoretama,0.8407079646017699,0.6,30
Brazil.regions.MG:Pouso Alegre,0.8053097345132744,0.7333333333333333,30
Brazil.regions.SP:Itu,0.7964601769911503,0.7666666666666667,30
Brazil.regions.SE:Itabaiana,0.7433628318584071,0.9666666666666667,30
Cayman_Islands,0.4690265486725663,2.0,30
Brazil.regions.RJ:Paracambi,0.33628318584070793,2.5,30
Brazil.regions.CE:Pacajus,0.327433628318584,2.533333333333333,30
Brazil.regions.SP:Cruzeiro,0.838811630847029,0.6071428571428571,28
Brazil.regions.PE:Chã de Alegria,0.7345132743362832,1.0,28
Brazil.regions.SP:Santa Gertrudes,0.9508357915437562,0.18518518518518517,27
Brazil.regions.MG:Lagoa Santa,0.911504424778761,0.3333333333333333,24
Brazil.regions.RS:Xangri-lá,0.9292035398230089,0.26666666666666666,15
Brazil.regions.MG:Juatuba,0.9591558883594282,0.15384615384615385,13
