region,similarity,distance,days
Bhutan,0.9453453453453453,1.5555555555555556,18
Brazil.regions.AM:Novo Airão,0.9453453453453453,1.5555555555555556,18
Brazil.regions.PA:Novo Progresso,0.9453453453453453,1.5555555555555556,18
Brazil.regions.AM:Canutama,0.9433933933933933,1.6111111111111112,18
Brazil.regions.RO:Porto Velho,0.9414414414414415,1.6666666666666667,18
Brazil.regions.RR:Rorainópolis,0.9394894894894895,1.7222222222222223,18
Brazil.regions.AM:Maués,0.8750750750750751,3.5555555555555554,18
Brazil.regions.AP:Laranjal do Jari,0.8750750750750751,3.5555555555555554,18
Estonia,0.6701201201201201,9.38888888888889,18
Brazil.regions.AM:Humaitá,0.9494932432432432,1.4375,16
Brazil.regions.AM:Borba,0.9414414414414415,1.6666666666666667,15
Brazil.regions.AM:Pauini,0.9472972972972973,1.5,2
