region,similarity,distance,days
Brazil.regions.RS:Campo Bom,1.0,0.5434782608695652,46
Brazil.regions.CE:Juazeiro do Norte,0.9467455621301775,0.8695652173913043,46
Brazil.regions.SP:São José do Rio Preto,0.6520710059171597,2.6739130434782608,46
Brazil.regions.SP:Caieiras,0.5562130177514794,3.260869565217391,46
Brazil.regions.SP:Ribeirão Preto,0.03786982248520698,6.434782608695652,46
Brazil.regions.RS:Novo Hamburgo,0.8347140039447731,1.5555555555555556,45
Brazil.regions.SP:Campo Limpo Paulista,0.9193951347797502,1.037037037037037,27
