region,similarity,distance,days
Brazil.regions.ES,0.8782802418273341,21.654545454545456,55
Brazil.regions.RN,0.7253210755210421,30.0,55
Croatia,0.6033536357212536,36.654545454545456,55
Lithuania,0.5760275972961644,38.14545454545455,55
Bosnia_and_Herzegovina,0.5447026264186231,39.85454545454545,55
Latvia,0.4613915336592047,44.4,55
