region,similarity,distance,days
Brazil.regions.RS:Sapiranga,0.991439205955335,0.0967741935483871,31
Brazil.regions.RJ:Iguaba Grande,0.9400744416873449,0.6774193548387096,31
Brazil.regions.SP:Franca,0.9286600496277916,0.8064516129032258,31
Brazil.regions.SP:Cajamar,0.9086848635235732,1.032258064516129,31
Brazil.regions.PE:Carpina,0.9001240694789082,1.1290322580645162,31
Brazil.regions.RJ:Itaboraí,0.7574441687344914,2.7419354838709675,31
Aruba,0.7403225806451613,2.935483870967742,31
Brazil.regions.SP:Bauru,0.6803970223325062,3.6129032258064515,31
San_Marino,0.3008684863523574,7.903225806451613,31
Brazil.regions.SC:Penha,0.9183431952662722,0.9230769230769231,26
Brazil.regions.GO:Novo Gama,0.9513461538461538,0.55,20
Brazil.regions.SC:Bombinhas,1.0,0.0,8
