region,similarity,distance,days
Brazil.regions.SP:Jaguariúna,1.0,0.7083333333333334,48
Brazil.regions.GO:Anápolis,0.9095050480177297,1.1458333333333333,48
Brazil.regions.PR:Foz do Iguaçu,0.8491750800295493,1.4375,48
Brazil.regions.RN:São Gonçalo do Amarante,0.7879832553558237,1.7333333333333334,45
Brazil.regions.CE:Horizonte,0.4007827991549917,3.6052631578947367,38
Brazil.regions.SP:Catanduva,0.8392021669539522,1.4857142857142858,35
Brazil.regions.PE:Vitória de Santo Antão,0.05909874415168692,5.257142857142857,35
Brazil.regions.SP:Presidente Prudente,0.7571592044845518,1.8823529411764706,34
