region,similarity,distance,days
Brazil.regions.RS:Torres,0.8584915447660546,0.6078431372549019,51
Brazil.regions.ES:Cachoeiro de Itapemirim,0.8311028114949683,0.7254901960784313,51
Liechtenstein,0.6074281564477644,1.6862745098039216,51
Brazil.regions.SP:Tatuí,0.8302469135802469,0.7291666666666666,48
Brazil.regions.PB:Patos,0.2698412698412699,3.1363636363636362,44
Brazil.regions.SP:Votuporanga,0.8321643903039252,0.7209302325581395,43
Brazil.regions.RJ:Teresópolis,0.41528239202657813,2.511627906976744,43
Brazil.regions.RS:São Sebastião do Caí,0.9223985890652557,0.3333333333333333,42
Brazil.regions.SP:Assis,0.8239772873919216,0.7560975609756098,41
Brazil.regions.SP:Araraquara,0.31294360562653245,2.951219512195122,41
Brazil.regions.SC:Araranguá,0.8835978835978836,0.5,40
Brazil.regions.RJ:Tanguá,0.7923637923637924,0.8918918918918919,37
Brazil.regions.SP:Birigui,0.7105677105677106,1.2432432432432432,37
Brazil.regions.SP:Pindamonhangaba,0.8383303938859494,0.6944444444444444,36
Brazil.regions.PE:Macaparana,0.8869236583522297,0.4857142857142857,35
Brazil.regions.SC:Cocal do Sul,0.9452225334578276,0.23529411764705882,34
Brazil.regions.SC:Balneário Piçarras,0.9109866168689699,0.38235294117647056,34
Brazil.regions.PE:Arcoverde,0.7055711173358232,1.2647058823529411,34
Brazil.regions.SP:Porto Ferreira,0.9576719576719577,0.18181818181818182,33
Brazil.regions.PE:João Alfredo,0.9223985890652557,0.3333333333333333,33
Brazil.regions.PR:Paiçandu,0.9636243386243386,0.15625,32
Brazil.regions.SP:Mairinque,0.8715562853493888,0.5517241379310345,29
Brazil.regions.PR:Apucarana,0.7993066958584201,0.8620689655172413,29
Brazil.regions.BA:Irecê,0.9396433470507545,0.25925925925925924,27
Brazil.regions.SP:Barrinha,0.9068783068783068,0.4,20
Brazil.regions.CE:Uruburetama,0.7788359788359789,0.95,20
Brazil.regions.SP:Barra Bonita,0.8407128933444723,0.6842105263157895,19
Brazil.regions.SP:Bom Jesus dos Perdões,0.9353321575543798,0.2777777777777778,18
Brazil.regions.SP:Holambra,0.8447971781305115,0.6666666666666666,18
Brazil.regions.MG:Raposos,0.873015873015873,0.5454545454545454,11
Brazil.regions.PB:Nova Floresta,0.8965314520870077,0.4444444444444444,9
Brazil.regions.PB:São Sebastião de Lagoa de Roça,0.7380952380952381,1.125,8
Brazil.regions.AL:Cajueiro,0.8447971781305115,0.6666666666666666,3
Brazil.regions.RS:Portão,0.8835978835978836,0.5,2
