region,similarity,distance,days
Brazil.regions.AM:Novo Airão,0.9475524475524475,0.6923076923076923,39
Sweden.regions.Jämtland Härjedalen,0.6386946386946387,4.769230769230769,39
Sweden.regions.Västerbotten,0.5376845376845377,6.102564102564102,39
Brazil.regions.AM:Manicoré,0.9621212121212122,0.5,34
Brazil.regions.AM:Maués,0.5265151515151515,6.25,32
Brazil.regions.AP:Laranjal do Jari,0.4668911335578002,7.037037037037037,27
Brazil.regions.RR:Rorainópolis,0.8455710955710956,2.0384615384615383,26
Brazil.regions.AM:Coari,0.0,13.2,25
Brazil.regions.AM:Canutama,0.927536231884058,0.9565217391304348,23
Brazil.regions.AM:Novo Aripuanã,0.8821548821548821,1.5555555555555556,18
Brazil.regions.AM:Humaitá,0.9810606060606061,0.25,16
Brazil.regions.AM:Borba,0.8383838383838383,2.1333333333333333,15
Brazil.regions.RR:Caracaraí,0.9621212121212122,0.5,12
Brazil.regions.PA:Jacareacanga,1.0,0.0,4
Brazil.regions.AM:Apuí,0.696969696969697,4.0,4
Brazil.regions.AM:Pauini,1.0,0.0,2
Brazil.regions.AM:Japurá,0.5454545454545454,6.0,1
