region,similarity,distance,days
Brazil.regions.PR:Paiçandu,0.9827552420145013,0.07407407407407407,27
Brazil.regions.RS:São Sebastião do Caí,0.974132863021752,0.1111111111111111,27
Brazil.regions.SC:Cocal do Sul,0.9655104840290025,0.14814814814814814,27
Brazil.regions.SP:Porto Ferreira,0.9568881050362532,0.18518518518518517,27
Brazil.regions.SC:Porto Belo,0.9396433470507545,0.25925925925925924,27
Brazil.regions.PE:João Alfredo,0.931020968058005,0.2962962962962963,27
Brazil.regions.SC:Balneário Piçarras,0.931020968058005,0.2962962962962963,27
Brazil.regions.SP:Tatuí,0.931020968058005,0.2962962962962963,27
Brazil.regions.ES:Cachoeiro de Itapemirim,0.9137762100725064,0.37037037037037035,27
Brazil.regions.RS:Torres,0.9137762100725064,0.37037037037037035,27
Brazil.regions.SP:Mairinque,0.9137762100725064,0.37037037037037035,27
Brazil.regions.SC:Araranguá,0.905153831079757,0.4074074074074074,27
Brazil.regions.SP:Assis,0.905153831079757,0.4074074074074074,27
Brazil.regions.PE:Macaparana,0.8965314520870077,0.4444444444444444,27
Brazil.regions.SP:Pindamonhangaba,0.8879090730942583,0.48148148148148145,27
Brazil.regions.PB:Patos,0.879286694101509,0.5185185185185185,27
Brazil.regions.SP:Votuporanga,0.879286694101509,0.5185185185185185,27
Brazil.regions.SP:Birigui,0.8361747991377622,0.7037037037037037,27
Brazil.regions.RJ:Tanguá,0.810307662159514,0.8148148148148148,27
Brazil.regions.PR:Apucarana,0.7930629041740154,0.8888888888888888,27
Brazil.regions.PE:Arcoverde,0.7499510092102685,1.0740740740740742,27
Brazil.regions.RJ:Teresópolis,0.741328630217519,1.1111111111111112,27
Liechtenstein,0.45679012345679015,2.3333333333333335,27
Brazil.regions.SP:Araraquara,0.44816774446404084,2.3703703703703702,27
Brazil.regions.SP:Barrinha,0.9650793650793651,0.15,20
Brazil.regions.CE:Uruburetama,0.7671957671957672,1.0,20
Brazil.regions.SP:Barra Bonita,0.8529657477025898,0.631578947368421,19
Brazil.regions.SP:Bom Jesus dos Perdões,0.974132863021752,0.1111111111111111,18
Brazil.regions.SP:Holambra,0.8835978835978836,0.5,18
Brazil.regions.MG:Raposos,0.9576719576719577,0.18181818181818182,11
Brazil.regions.PB:Nova Floresta,1.0,0.0,9
Brazil.regions.PB:São Sebastião de Lagoa de Roça,0.8544973544973545,0.625,8
Brazil.regions.AL:Cajueiro,0.9223985890652557,0.3333333333333333,3
Brazil.regions.RS:Portão,0.7671957671957672,1.0,2
