region,similarity,distance,days
Croatia,0.08652102015691365,64.8529411764706,68
Lithuania,0.06738397208482383,65.8970588235294,68
Latvia,1.1102230246251565e-16,69.57352941176471,68
Bosnia_and_Herzegovina,0.20227662688937442,58.53731343283582,67
Brazil.regions.RN,0.5255110284603387,40.90163934426229,61
Brazil.regions.PB,0.8782802418273341,21.654545454545456,55
