region,similarity,distance,days
Brazil.regions.SC:Araranguá,0.8454248366013072,0.6111111111111112,18
Brazil.regions.BA:Irecê,0.8313725490196079,0.6666666666666666,18
Brazil.regions.ES:Cachoeiro de Itapemirim,0.8313725490196079,0.6666666666666666,18
Brazil.regions.PR:Paiçandu,0.8313725490196079,0.6666666666666666,18
Brazil.regions.SC:Balneário Piçarras,0.8313725490196079,0.6666666666666666,18
Brazil.regions.RJ:Teresópolis,0.8173202614379085,0.7222222222222222,18
Brazil.regions.RS:São Sebastião do Caí,0.8173202614379085,0.7222222222222222,18
Brazil.regions.SC:Cocal do Sul,0.8173202614379085,0.7222222222222222,18
Brazil.regions.SC:Porto Belo,0.8173202614379085,0.7222222222222222,18
Brazil.regions.SP:Barrinha,0.8173202614379085,0.7222222222222222,18
Brazil.regions.SP:Assis,0.8032679738562092,0.7777777777777778,18
Brazil.regions.SP:Pindamonhangaba,0.8032679738562092,0.7777777777777778,18
Brazil.regions.SP:Porto Ferreira,0.8032679738562092,0.7777777777777778,18
Brazil.regions.PE:João Alfredo,0.7892156862745098,0.8333333333333334,18
Brazil.regions.PE:Macaparana,0.7892156862745098,0.8333333333333334,18
Brazil.regions.SP:Tatuí,0.7892156862745098,0.8333333333333334,18
Brazil.regions.PB:Patos,0.7751633986928105,0.8888888888888888,18
Brazil.regions.SP:Mairinque,0.7751633986928105,0.8888888888888888,18
Brazil.regions.SP:Votuporanga,0.7751633986928105,0.8888888888888888,18
Brazil.regions.SP:Birigui,0.7611111111111111,0.9444444444444444,18
Brazil.regions.RJ:Tanguá,0.7470588235294118,1.0,18
Brazil.regions.RS:Torres,0.7470588235294118,1.0,18
Brazil.regions.PE:Arcoverde,0.7330065359477125,1.0555555555555556,18
Brazil.regions.PR:Apucarana,0.7330065359477125,1.0555555555555556,18
Brazil.regions.CE:Uruburetama,0.6627450980392158,1.3333333333333333,18
Liechtenstein,0.48006535947712425,2.0555555555555554,18
Brazil.regions.SP:Araraquara,0.33954248366013073,2.611111111111111,18
Brazil.regions.SP:Bom Jesus dos Perdões,0.8214532871972318,0.7058823529411765,17
Brazil.regions.SP:Holambra,0.7470588235294118,1.0,17
Brazil.regions.MG:Raposos,0.7723529411764706,0.9,10
Brazil.regions.PB:Nova Floresta,0.7470588235294118,1.0,8
Brazil.regions.PB:São Sebastião de Lagoa de Roça,0.6747899159663866,1.2857142857142858,7
Brazil.regions.AL:Cajueiro,0.7470588235294118,1.0,2
Brazil.regions.RS:Portão,0.49411764705882355,2.0,1
