region,similarity,distance,days
Maldives,0.0,1.8372093023255813,43
Brazil.regions.PE:Toritama,0.08697427521437318,1.6774193548387097,31
Brazil.regions.MG:Vespasiano,0.45569620253164556,1.0,1
