region,similarity,distance,days
Brazil.regions.MG:Coronel Fabriciano,0.855376022341911,1.1481481481481481,54
Brazil.regions.BA:Feira de Santana,0.7749850388988629,1.7222222222222223,54
Brazil.regions.RS:Dois Irmãos,0.8599640933572711,1.1153846153846154,52
Brazil.regions.SC:Brusque,0.6894075403949731,2.3333333333333335,45
Brazil.regions.RJ:Itaguaí,0.7010771992818672,2.25,40
Brazil.regions.GO:Senador Canedo,0.9443447037701975,0.5128205128205128,39
Brazil.regions.PR:Piraquara,0.9407540394973071,0.5384615384615384,39
Brazil.regions.PE:Cabo de Santo Agostinho,0.0754039497307003,6.717948717948718,39
Brazil.regions.SP:Jacareí,0.7772732073080579,1.7058823529411764,34
Brazil.regions.SC:Capivari de Baixo,0.9292391506221754,0.6206896551724138,29
Brazil.regions.RJ:Armação dos Búzios,0.9011284944857656,0.8214285714285714,28
Brazil.regions.MG:São José da Lapa,0.9906969152929656,0.18181818181818182,22
Brazil.regions.SP:Cosmópolis,0.9561426006668376,0.42857142857142855,14
