region,similarity,distance,days
Barbados,0.17169373549883993,6.865384615384615,52
Brazil.regions.SP:São José dos Campos,0.0,8.288461538461538,52
Brazil.regions.PB:Campina Grande,0.36338055980648665,5.276595744680851,47
Brazil.regions.RJ:Rio das Ostras,0.25964986289812264,6.136363636363637,44
Brazil.regions.SP:Votorantim,0.35466465224194677,5.348837209302325,43
Brazil.regions.CE:Eusébio,0.26433139041367204,6.097560975609756,41
Brazil.regions.BA:Simões Filho,0.5078764195872512,4.078947368421052,38
Brazil.regions.AL:Arapiraca,0.628399071925754,3.08,25
Brazil.regions.BA:Madre de Deus,0.8104076897580378,1.5714285714285714,7
