region,similarity,distance,days
Brazil.regions.RS:Capão da Canoa,1.0,0.1891891891891892,37
Brazil.regions.SP:Limeira,0.7573782045634746,1.5675675675675675,37
Brazil.regions.SC:Joinville,0.6336886617919126,2.27027027027027,37
Brazil.regions.BA:Itabuna,0.5480574398731389,2.7567567567567566,37
Brazil.regions.RJ:Cabo Frio,0.3996299885472644,3.6,35
