region,similarity,distance,days
Brazil.regions.RJ:Barra Mansa,0.7892424921559839,1.9111111111111112,45
Brazil.regions.SC:Jaraguá do Sul,0.7864634692962797,1.9333333333333333,45
Brazil.regions.MG:Divinópolis,0.7697893321380547,2.066666666666667,45
Curaçao,0.7614522635589421,2.1333333333333333,45
Grenada,0.7558942178395338,2.1777777777777776,45
Brazil.regions.SC:Tubarão,0.7225459435230839,2.4444444444444446,45
Brazil.regions.PR:Londrina,0.5947108919766921,3.466666666666667,45
Brazil.regions.SC:Chapecó,0.558583594800538,3.7555555555555555,45
Brazil.regions.PR:São José dos Pinhais,0.7497045760156473,2.227272727272727,44
Brazil.regions.BA:Candeias,0.8227892681052699,1.6428571428571428,42
Brazil.regions.RS:Tramandaí,0.8269287533753867,1.6097560975609757,41
Brazil.regions.MG:Varginha,0.8518773919939316,1.4102564102564104,39
Brazil.regions.PA:Benevides,0.7428541874978452,2.282051282051282,39
Brazil.regions.SC:Timbó,0.8761432880661926,1.2162162162162162,37
Brazil.regions.SP:Bragança Paulista,0.6669654863290004,2.888888888888889,36
Brazil.regions.MG:Itajubá,0.8766553930157696,1.2121212121212122,33
Brazil.regions.SP:Américo Brasiliense,0.8875504258180188,1.125,32
Brazil.regions.MG:Nova Serrana,0.923352756611385,0.8387096774193549,31
Brazil.regions.PE:Itapissuma,0.8198117436127297,1.6666666666666667,30
Brazil.regions.AL:Satuba,0.7867509544196973,1.9310344827586208,29
Brazil.regions.MG:Conselheiro Lafaiete,0.8887528876323139,1.1153846153846154,26
Brazil.regions.SP:Serrana,0.8631645002241147,1.32,25
Brazil.regions.PB:Guarabira,0.3841999103541013,5.15,20
Brazil.regions.SE:Barra dos Coqueiros,0.7413452158093179,2.2941176470588234,17
Brazil.regions.SE:Carmópolis,0.9448677722994173,0.6666666666666666,3
