region,similarity,distance,days
Brazil.regions.MG:Sete Lagoas,0.8517000241138172,1.0512820512820513,39
Brazil.regions.BA:Dias d'Ávila,0.8444658789486376,1.1025641025641026,39
Brazil.regions.MG:Sabará,0.8372317337834579,1.1538461538461537,39
Brazil.regions.RS:Bento Gonçalves,0.8119122257053292,1.3333333333333333,39
Brazil.regions.RJ:Maricá,0.5912707981673498,2.8974358974358974,39
Brazil.regions.PE:São Lourenço da Mata,0.24764890282131657,5.333333333333333,39
Brazil.regions.SP:Embu-Guaçu,0.7531347962382444,1.75,36
Brazil.regions.MG:Mário Campos,0.8033627814192077,1.393939393939394,33
Brazil.regions.BA:Cruz das Almas,0.8667711598746082,0.9444444444444444,18
Comoros,0.731974921630094,1.9,10
Brazil.regions.SP:Pedreira,0.8589341692789969,1.0,3
