region,similarity,distance,days
Brazil.regions.RJ:Itaguaí,0.16870978665763625,6.051282051282051,39
Brazil.regions.BA:Feira de Santana,0.13999322722654917,6.256410256410256,39
Brazil.regions.GO:Senador Canedo,0.11127666779546219,6.461538461538462,39
Brazil.regions.PR:Piraquara,0.09332881815103278,6.589743589743589,39
Brazil.regions.SP:Taubaté,0.07538096850660336,6.717948717948718,39
Brazil.regions.MG:Coronel Fabriciano,0.04307483914663046,6.948717948717949,39
Brazil.regions.RS:Dois Irmãos,0.04307483914663046,6.948717948717949,39
Brazil.regions.SC:Brusque,0.0,7.256410256410256,39
Brazil.regions.SP:Jacareí,0.2638846693435247,5.371428571428571,35
Brazil.regions.SC:Capivari de Baixo,0.4278767355231967,4.2,30
Brazil.regions.RJ:Armação dos Búzios,0.5208722364665473,3.5357142857142856,28
Brazil.regions.MG:São José da Lapa,0.6689085528349947,2.4782608695652173,23
Brazil.regions.SP:Cosmópolis,0.7265289536065018,2.066666666666667,15
