region,similarity,distance,days
Saint_Vincent_and_the_Grenadines,0.7992661342542628,0.7560975609756098,41
Brazil.regions.BA:Conceição do Jacuípe,0.7863155622706669,0.8048780487804879,41
Brazil.regions.MG:Pouso Alegre,0.5337794085905461,1.7560975609756098,41
Cayman_Islands,0.4560759766889704,2.048780487804878,41
Brazil.regions.SE:Itabaiana,0.7135537959944107,1.0789473684210527,38
Brazil.regions.MG:Ubá,0.7632145419756039,0.8918918918918919,37
Brazil.regions.CE:Pindoretama,0.4762018655823965,1.972972972972973,37
Brazil.regions.RJ:Paracambi,0.3113938053097345,2.59375,32
Brazil.regions.PE:Machados,0.7964601769911503,0.7666666666666667,30
Brazil.regions.SC:Rio do Sul,0.7256637168141593,1.0333333333333334,30
Brazil.regions.CE:Pacajus,0.2831858407079645,2.7,30
Brazil.regions.SP:Cruzeiro,0.8103666245259166,0.7142857142857143,28
Brazil.regions.PE:Chã de Alegria,0.6491782553729456,1.3214285714285714,28
Brazil.regions.SP:Santa Gertrudes,0.8820058997050148,0.4444444444444444,27
Brazil.regions.MG:Lagoa Santa,0.8561946902654867,0.5416666666666666,24
Brazil.regions.RS:Xangri-lá,0.9292035398230089,0.26666666666666666,15
Brazil.regions.MG:Juatuba,0.9591558883594282,0.15384615384615385,13
