region,similarity,distance,days
Brazil.regions.SP:Campinas,1.0,7.340425531914893,47
Malta,0.9260944115897399,8.361702127659575,47
Brazil.regions.RJ:Volta Redonda,0.8968401161773454,8.76595744680851,47
Brazil.regions.SP:Santos,0.01809147216292828,20.90909090909091,44
