region,similarity,distance,days
Brazil.regions.SC:Capivari de Baixo,0.9561426006668376,0.42857142857142855,14
Brazil.regions.SP:Taubaté,0.9561426006668376,0.42857142857142855,14
Brazil.regions.GO:Senador Canedo,0.9461400359066428,0.5,14
Brazil.regions.MG:Coronel Fabriciano,0.9461400359066428,0.5,14
Brazil.regions.MG:São José da Lapa,0.9461400359066428,0.5,14
Brazil.regions.RS:Dois Irmãos,0.9461400359066428,0.5,14
Brazil.regions.BA:Feira de Santana,0.9361374711464479,0.5714285714285714,14
Brazil.regions.PR:Piraquara,0.9361374711464479,0.5714285714285714,14
Brazil.regions.RJ:Armação dos Búzios,0.8961272121056681,0.8571428571428571,14
Brazil.regions.RJ:Itaguaí,0.8861246473454732,0.9285714285714286,14
Brazil.regions.SP:Jacareí,0.8161066940241087,1.4285714285714286,14
Brazil.regions.SC:Brusque,0.7760964349833291,1.7142857142857142,14
Brazil.regions.PE:Cabo de Santo Agostinho,0.7360861759425494,2.0,14
