region,similarity,distance,days
Brazil.regions.RS:Alvorada,0.9893719806763285,0.6666666666666666,42
Brazil.regions.RS:Porto Alegre,0.07522429261559682,9.19047619047619,42
Brazil.regions.RS:Esteio,0.9594202898550724,0.9459459459459459,37
