region,similarity,distance,days
Sweden.regions.Gävleborg,0.5151933701657458,8.4375,32
Sweden.regions.Dalarna,0.47569060773480665,9.125,32
Brazil.regions.AM:Presidente Figueiredo,0.4415745856353591,9.71875,32
Sweden.regions.Västernorrland,0.4218232044198895,10.0625,32
Brazil.regions.PA:Santarém,0.4074585635359116,10.3125,32
Brazil.regions.AP:Oiapoque,0.35179558011049716,11.28125,32
Brazil.regions.PA:Marabá,0.3302486187845304,11.65625,32
Brazil.regions.RR:Alto Alegre,0.3302486187845304,11.65625,32
Belize,0.3266574585635359,11.71875,32
Brazil.regions.MT:Cáceres,0.3248618784530386,11.75,32
Brazil.regions.AM:Boca do Acre,0.32127071823204423,11.8125,32
Brazil.regions.MT:Aripuanã,0.31408839779005526,11.9375,32
New_Caledonia,0.29433701657458566,12.28125,32
Sweden.regions.Värmland,0.2817679558011049,12.5,32
Brazil.regions.PA:Óbidos,0.5505919494869771,7.821428571428571,28
Brazil.regions.AM:Carauari,0.538121546961326,8.038461538461538,26
Brazil.regions.PA:Alenquer,0.9274207618493748,1.263157894736842,19
Brazil.regions.AM:Urucará,0.7938251543711408,3.588235294117647,17
Brazil.regions.RO:Guajará-Mirim,0.9377532228360957,1.0833333333333333,12
Brazil.regions.AC:Feijó,0.9712707182320443,0.5,10
Brazil.regions.AC:Sena Madureira,0.9353591160220994,1.125,8
Brazil.regions.RR:Amajari,0.9343330702446725,1.1428571428571428,7
Brazil.regions.PA:Portel,0.860457774269929,2.4285714285714284,7
