region,similarity,distance,days
Brazil.regions.PR:Colombo,0.23376623376623362,2.0714285714285716,42
Brazil.regions.SP:Vargem Grande Paulista,0.22077922077922074,2.0952380952380953,42
Brazil.regions.MG:Betim,0.19480519480519476,2.142857142857143,42
Sint_Maarten,0.038961038961039085,2.4285714285714284,42
Brazil.regions.SP:Ribeirão Pires,0.025974025974025983,2.4523809523809526,42
Brazil.regions.RJ:Japeri,0.16363636363636358,2.2,35
