region,similarity,distance,days
Brazil.regions.PR:Colombo,0.23863636363636354,2.0625,48
Brazil.regions.SP:Vargem Grande Paulista,0.23863636363636354,2.0625,48
Brazil.regions.MG:Betim,0.22727272727272707,2.0833333333333335,48
Sint_Maarten,0.0,2.5,48
Brazil.regions.PA:Marituba,0.025974025974025983,2.4523809523809526,42
Brazil.regions.RJ:Japeri,0.47532467532467537,1.6285714285714286,35
