region,similarity,distance,days
Sint_Maarten,0.4797611147976111,1.6363636363636365,55
Brazil.regions.PR:Colombo,1.0,0.6666666666666666,51
Brazil.regions.MG:Betim,0.9789609274366681,0.7058823529411765,51
Brazil.regions.SP:Ribeirão Pires,0.27372262773722644,2.020408163265306,49
Brazil.regions.PA:Marituba,0.23357664233576636,2.0952380952380953,42
Brazil.regions.RJ:Japeri,0.3306569343065693,1.9142857142857144,35
