region,similarity,distance,days
Brazil.regions.ES:Cachoeiro de Itapemirim,0.7797797797797799,0.9459459459459459,37
Brazil.regions.SP:Votuporanga,0.7546117546117547,1.054054054054054,37
Brazil.regions.RS:São Sebastião do Caí,0.7294437294437295,1.162162162162162,37
Brazil.regions.SC:Porto Belo,0.7105677105677106,1.2432432432432432,37
Brazil.regions.RS:Torres,0.7042757042757043,1.2702702702702702,37
Brazil.regions.SC:Araranguá,0.7042757042757043,1.2702702702702702,37
Brazil.regions.SP:Tatuí,0.6916916916916918,1.3243243243243243,37
Brazil.regions.PB:Patos,0.6791076791076791,1.3783783783783783,37
Brazil.regions.RJ:Tanguá,0.6791076791076791,1.3783783783783783,37
Brazil.regions.SP:Assis,0.6728156728156729,1.4054054054054055,37
Brazil.regions.RJ:Teresópolis,0.6036036036036037,1.7027027027027026,37
Liechtenstein,0.5155155155155156,2.081081081081081,37
Brazil.regions.SP:Araraquara,0.25125125125125125,3.2162162162162162,37
Brazil.regions.SP:Pindamonhangaba,0.7477954144620811,1.0833333333333333,36
Brazil.regions.PE:Macaparana,0.7405895691609977,1.1142857142857143,35
Brazil.regions.SC:Balneário Piçarras,0.7740429505135388,0.9705882352941176,34
Brazil.regions.SC:Cocal do Sul,0.739807033924681,1.1176470588235294,34
Brazil.regions.PE:Arcoverde,0.6370992841581077,1.5588235294117647,34
Brazil.regions.SP:Porto Ferreira,0.7178130511463845,1.2121212121212122,33
Brazil.regions.PE:João Alfredo,0.6825396825396826,1.3636363636363635,33
Brazil.regions.PR:Paiçandu,0.7235449735449735,1.1875,32
Brazil.regions.SP:Mairinque,0.7110016420361248,1.2413793103448276,29
Brazil.regions.PR:Apucarana,0.6708629812078089,1.4137931034482758,29
Brazil.regions.BA:Irecê,0.8361747991377622,0.7037037037037037,27
Brazil.regions.SP:Barrinha,0.8719576719576719,0.55,20
Brazil.regions.CE:Uruburetama,0.7206349206349207,1.2,20
Brazil.regions.SP:Barra Bonita,0.7794486215538847,0.9473684210526315,19
Brazil.regions.SP:Bom Jesus dos Perdões,0.8835978835978836,0.5,18
Brazil.regions.SP:Holambra,0.8447971781305115,0.6666666666666666,18
Brazil.regions.MG:Raposos,0.8941798941798942,0.45454545454545453,11
Brazil.regions.PB:Nova Floresta,0.8965314520870077,0.4444444444444444,9
Brazil.regions.PB:São Sebastião de Lagoa de Roça,0.8253968253968254,0.75,8
Brazil.regions.AL:Cajueiro,0.8447971781305115,0.6666666666666666,3
Brazil.regions.RS:Portão,0.6507936507936508,1.5,2
