region,similarity,distance,days
Brazil.regions.MG:Coronel Fabriciano,1.0,0.11320754716981132,53
Brazil.regions.SP:Taubaté,0.8626481544192347,1.0943396226415094,53
Brazil.regions.BA:Feira de Santana,0.8283101930240433,1.3396226415094339,53
Brazil.regions.SC:Brusque,0.7571651526082539,1.8478260869565217,46
Brazil.regions.GO:Senador Canedo,0.9493515069420928,0.475,40
Brazil.regions.RJ:Itaguaí,0.6973636979343041,2.275,40
Brazil.regions.PR:Piraquara,0.9512360311547579,0.46153846153846156,39
Brazil.regions.PE:Cabo de Santo Agostinho,0.04307483914663046,6.948717948717949,39
Brazil.regions.SP:Jacareí,0.7638604808669149,1.8,35
Brazil.regions.SC:Capivari de Baixo,0.9411852353538774,0.5333333333333333,30
Brazil.regions.RJ:Armação dos Búzios,0.8808548207633883,0.9642857142857143,28
Brazil.regions.MG:São José da Lapa,0.9915016416613908,0.17391304347826086,23
Brazil.regions.SP:Cosmópolis,0.9505181171689807,0.4666666666666667,15
