region,similarity,distance,days
Brazil.regions.SP:Campinas,0.11348287084018616,19.59090909090909,44
Malta,0.09210204010218004,19.886363636363637,44
Brazil.regions.SP:Sorocaba,0.01809147216292828,20.90909090909091,44
Brazil.regions.RJ:Volta Redonda,0.0,21.15909090909091,44
