region,similarity,distance,days
Sweden.regions.Jönköping,0.5552507407000988,15.218181818181819,55
Sweden.regions.Uppsala,0.5020300669373423,16.98181818181818,55
Sweden.regions.Örebro,0.4789860638648086,17.745454545454546,55
Bahamas,0.3654120487216066,21.509090909090908,55
Montenegro,0.2578733677164491,25.072727272727274,55
Sweden.regions.Östergötland,1.1102230246251565e-16,33.61818181818182,55
Fiji,0.43087937820530087,19.339622641509433,53
Brazil.regions.BA:Juazeiro,0.5841654778887304,14.26,50
Brazil.regions.PA:Parauapebas,0.8099540339197971,6.777777777777778,45
Brazil.regions.MA:Caxias,0.946084348366802,2.2666666666666666,30
