region,similarity,distance,days
Brazil.regions.SC:Joinville,1.1102230246251565e-16,5.87037037037037,54
Brazil.regions.RS:Capão da Canoa,0.03927282260178666,5.647058823529412,51
Brazil.regions.SP:Limeira,0.3247465595768647,4.023809523809524,42
Brazil.regions.MG:Sarzedo,0.5094274940006855,2.973684210526316,38
Brazil.regions.RJ:Cabo Frio,0.48470052402174446,3.1142857142857143,35
