region,similarity,distance,days
Brazil.regions.SP:Paulínia,0.917121637056217,0.8837209302325582,43
Brazil.regions.SP:Santana de Parnaíba,0.8177626818635746,1.3255813953488371,43
Brazil.regions.SC:Itajaí,0.5562917471460948,2.488372093023256,43
Brazil.regions.SP:Cotia,0.23729720679076938,3.9069767441860463,43
Brazil.regions.SP:Indaiatuba,0.8481431142783675,1.1904761904761905,42
Brazil.regions.MG:João Monlevade,0.9769523391768639,0.6176470588235294,34
Brazil.regions.MG:São Lourenço,1.0,0.5151515151515151,33
Brazil.regions.PE:Abreu e Lima,0.15505271277963473,4.2727272727272725,33
