region,similarity,distance,days
Brazil.regions.SP:Jaguariúna,0.9394525652049298,1.0833333333333333,36
Brazil.regions.GO:Anápolis,0.886787044998567,1.3333333333333333,36
Brazil.regions.SP:Rio Claro,0.851676698194325,1.5,36
Brazil.regions.PR:Foz do Iguaçu,0.8107146269227095,1.6944444444444444,36
Brazil.regions.RN:São Gonçalo do Amarante,0.6936801375752365,2.25,36
Brazil.regions.CE:Horizonte,0.48301805674978504,3.25,36
Brazil.regions.SP:Presidente Prudente,0.7944969905417025,1.7714285714285714,35
Brazil.regions.PE:Vitória de Santo Antão,0.012037833190025715,5.485714285714286,35
