region,similarity,distance,days
Brazil.regions.RJ:Maricá,1.0,0.0,3
Brazil.regions.SP:Embu-Guaçu,1.0,0.0,3
Brazil.regions.BA:Dias d'Ávila,0.9529780564263323,0.3333333333333333,3
Brazil.regions.MG:Mário Campos,0.9529780564263323,0.3333333333333333,3
Brazil.regions.MG:Sete Lagoas,0.9529780564263323,0.3333333333333333,3
Brazil.regions.PE:São Lourenço da Mata,0.9529780564263323,0.3333333333333333,3
Comoros,0.9529780564263323,0.3333333333333333,3
Brazil.regions.BA:Cruz das Almas,0.9059561128526645,0.6666666666666666,3
Brazil.regions.RS:Bento Gonçalves,0.9059561128526645,0.6666666666666666,3
Brazil.regions.MG:Sabará,0.8589341692789969,1.0,3
Brazil.regions.SC:Palhoça,0.8589341692789969,1.0,3
