region,similarity,distance,days
Brazil.regions.SP:Suzano,0.0,66.05555555555556,54
Brazil.regions.ES:Cariacica,0.1239745872744753,58.18867924528302,53
Brazil.regions.SP:Rio Grande da Serra,0.7365985441628937,19.314285714285713,35
