region,similarity,distance,days
Brazil.regions.SP:Nova Odessa,0.9753092757045326,0.6363636363636364,33
Brazil.regions.SP:Paulínia,0.9326009958421025,0.8181818181818182,33
Brazil.regions.SP:Indaiatuba,0.9041288092671492,0.9393939393939394,33
Brazil.regions.SP:Santana de Parnaíba,0.8970107626234108,0.9696969696969697,33
Brazil.regions.SC:Itajaí,0.8115942028985508,1.3333333333333333,33
Brazil.regions.SP:Cotia,0.5339903837927553,2.515151515151515,33
Brazil.regions.PE:Abreu e Lima,0.1282617250996697,4.242424242424242,33
Brazil.regions.MG:São Lourenço,0.9486166007905138,0.75,32
