region,similarity,distance,days
Brazil.regions.AM:Novo Aripuanã,0.8737373737373737,1.6666666666666667,15
Brazil.regions.AM:Humaitá,0.8484848484848485,2.0,15
Brazil.regions.AM:Canutama,0.8434343434343434,2.066666666666667,15
Brazil.regions.PA:Novo Progresso,0.8383838383838383,2.1333333333333333,15
Brazil.regions.AM:Novo Airão,0.8333333333333333,2.2,15
Brazil.regions.AM:Manicoré,0.8282828282828283,2.2666666666666666,15
Brazil.regions.AP:Laranjal do Jari,0.8282828282828283,2.2666666666666666,15
Brazil.regions.RR:Rorainópolis,0.8131313131313131,2.466666666666667,15
Sweden.regions.Västerbotten,0.803030303030303,2.6,15
Sweden.regions.Jämtland Härjedalen,0.7727272727272727,3.0,15
Brazil.regions.AM:Maués,0.7626262626262627,3.1333333333333333,15
Brazil.regions.AM:Coari,0.45959595959595956,7.133333333333334,15
Brazil.regions.RR:Caracaraí,0.8926767676767676,1.4166666666666667,12
Brazil.regions.PA:Jacareacanga,0.9053030303030303,1.25,4
Brazil.regions.AM:Apuí,0.7537878787878788,3.25,4
Brazil.regions.AM:Pauini,0.8863636363636364,1.5,2
Brazil.regions.AM:Japurá,0.696969696969697,4.0,1
