region,similarity,distance,days
Brazil.regions.RS:Guaíba,0.997716894977169,0.3333333333333333,24
Brazil.regions.RS:Erechim,0.9971746575342466,0.375,24
Brazil.regions.PE:Cupira,0.9966324200913242,0.4166666666666667,24
Brazil.regions.PE:Lagoa do Carro,0.995005707762557,0.5416666666666666,24
Brazil.regions.PE:Surubim,0.995005707762557,0.5416666666666666,24
Brazil.regions.SC:Içara,0.995005707762557,0.5416666666666666,24
Brazil.regions.SP:Mirassol,0.995005707762557,0.5416666666666666,24
Brazil.regions.RJ:Três Rios,0.9944634703196347,0.5833333333333334,24
Brazil.regions.ES:Viana,0.9939212328767123,0.625,24
Brazil.regions.RJ:Angra dos Reis,0.9939212328767123,0.625,24
Brazil.regions.SC:Imbituba,0.9939212328767123,0.625,24
Brazil.regions.SP:Boituva,0.9933789954337899,0.6666666666666666,24
Brazil.regions.SP:Leme,0.9917522831050228,0.7916666666666666,24
Brazil.regions.SP:Caçapava,0.9912100456621005,0.8333333333333334,24
Brazil.regions.SP:Monte Mor,0.9901255707762557,0.9166666666666666,24
Brazil.regions.CE:Itaitinga,0.9879566210045662,1.0833333333333333,24
Brazil.regions.SP:Caraguatatuba,0.9868721461187214,1.1666666666666667,24
Brazil.regions.PE:Chã Grande,0.9857876712328767,1.25,24
Brazil.regions.RJ:Saquarema,0.9814497716894978,1.5833333333333333,24
Brazil.regions.RS:Passo Fundo,0.9803652968036529,1.6666666666666667,24
Brazil.regions.AL:Rio Largo,0.9754851598173516,2.0416666666666665,24
Luxembourg,0.5254280821917808,36.625,24
Brazil.regions.PE:Nazaré da Mata,0.9857876712328767,1.25,20
Brazil.regions.PE:Camocim de São Félix,0.9965753424657534,0.42105263157894735,19
Brazil.regions.AL:Santa Luzia do Norte,0.9917808219178083,0.7894736842105263,19
Brazil.regions.SP:Igaraçu do Tietê,0.9947345890410959,0.5625,16
Brazil.regions.PB:Lagoa Seca,0.9931078767123288,0.6875,16
