region,similarity,distance,days
Brazil.regions.MG:Divinópolis,0.8557473840399388,1.3793103448275863,29
Brazil.regions.SC:Timbó,0.8514351071886737,1.4137931034482758,29
Brazil.regions.MG:Itajubá,0.8471228303374085,1.4482758620689655,29
Brazil.regions.SC:Jaraguá do Sul,0.8428105534861435,1.4827586206896552,29
Brazil.regions.MG:Varginha,0.8341859997836134,1.5517241379310345,29
Brazil.regions.RJ:Barra Mansa,0.8341859997836134,1.5517241379310345,29
Brazil.regions.RS:Tramandaí,0.8341859997836134,1.5517241379310345,29
Brazil.regions.BA:Candeias,0.8298737229323483,1.5862068965517242,29
Brazil.regions.MG:Nova Serrana,0.8298737229323483,1.5862068965517242,29
Curaçao,0.8298737229323483,1.5862068965517242,29
Brazil.regions.PR:São José dos Pinhais,0.821249169229818,1.6551724137931034,29
Brazil.regions.SC:Tubarão,0.821249169229818,1.6551724137931034,29
Brazil.regions.SC:Chapecó,0.8169368923785529,1.6896551724137931,29
Brazil.regions.SP:Américo Brasiliense,0.8169368923785529,1.6896551724137931,29
Grenada,0.8169368923785529,1.6896551724137931,29
Brazil.regions.PI:Parnaíba,0.7867509544196973,1.9310344827586208,29
Brazil.regions.PA:Benevides,0.7738141238659021,2.0344827586206895,29
Brazil.regions.PE:Itapissuma,0.765189570163372,2.103448275862069,29
Brazil.regions.PR:Londrina,0.7177545247994559,2.4827586206896552,29
Brazil.regions.SP:Bragança Paulista,0.5883862192615033,3.5172413793103448,29
Brazil.regions.MG:Conselheiro Lafaiete,0.8502741095748716,1.4230769230769231,26
Brazil.regions.SP:Serrana,0.7881308830121022,1.92,25
Brazil.regions.PB:Guarabira,0.44047512326311067,4.7,20
Brazil.regions.SE:Barra dos Coqueiros,0.8149075856250165,1.7058823529411764,17
Brazil.regions.SE:Carmópolis,0.9031824294038547,1.0,3
