region,similarity,distance,days
Brazil.regions.SC:Joinville,0.35034446304290356,3.88,50
Brazil.regions.BA:Itabuna,0.026468152585675253,5.72,50
Brazil.regions.SP:Limeira,0.7456590264960001,1.6341463414634145,41
Brazil.regions.MG:Sarzedo,1.0,0.1891891891891892,37
Brazil.regions.RJ:Cabo Frio,0.41471739431390553,3.5142857142857142,35
