region,similarity,distance,days
Brazil.regions.SP:Cotia,0.2504499871432243,3.8484848484848486,33
Brazil.regions.SC:Itajaí,0.24363589611725367,3.878787878787879,33
Brazil.regions.SP:Paulínia,0.19593725893545888,4.090909090909091,33
Brazil.regions.MG:São Lourenço,0.18912316790948813,4.121212121212121,33
Brazil.regions.MG:João Monlevade,0.16186680380560547,4.242424242424242,33
Brazil.regions.SP:Santana de Parnaíba,0.16186680380560547,4.242424242424242,33
Brazil.regions.SP:Nova Odessa,0.15505271277963473,4.2727272727272725,33
Brazil.regions.SP:Indaiatuba,0.12779634867575207,4.393939393939394,33
