region,similarity,distance,days
Brazil.regions.CE:Juazeiro do Norte,0.595483637241879,3.020408163265306,49
Brazil.regions.RS:Campo Bom,0.5188262287163385,3.489795918367347,49
Brazil.regions.SP:São José do Rio Preto,0.4821639898562975,3.7142857142857144,49
Brazil.regions.SP:Ribeirão Preto,0.08165680473372783,6.166666666666667,48
Brazil.regions.GO:Águas Lindas de Goiás,0.5562130177514794,3.260869565217391,46
Brazil.regions.RS:Novo Hamburgo,0.5951873767258382,3.022222222222222,45
Brazil.regions.SP:Campo Limpo Paulista,0.7560815253122946,2.037037037037037,27
