region,similarity,distance,days
Brazil.regions.SC:Timbó,0.6581583642102373,2.8857142857142857,35
Brazil.regions.PI:Parnaíba,0.6472485247701385,2.9714285714285715,35
Brazil.regions.MG:Divinópolis,0.6363386853300398,3.057142857142857,35
Brazil.regions.SC:Jaraguá do Sul,0.625428845889941,3.142857142857143,35
Brazil.regions.RS:Tramandaí,0.6217922327432414,3.1714285714285713,35
Brazil.regions.BA:Candeias,0.6145190064498421,3.2285714285714286,35
Brazil.regions.SC:Chapecó,0.6145190064498421,3.2285714285714286,35
Brazil.regions.SC:Tubarão,0.6145190064498421,3.2285714285714286,35
Brazil.regions.PR:São José dos Pinhais,0.607245780156443,3.2857142857142856,35
Brazil.regions.RJ:Barra Mansa,0.607245780156443,3.2857142857142856,35
Brazil.regions.MG:Varginha,0.5963359407163442,3.3714285714285714,35
Grenada,0.5926993275696446,3.4,35
Curaçao,0.589062714422945,3.4285714285714284,35
Brazil.regions.PA:Benevides,0.5381501303691505,3.8285714285714287,35
Brazil.regions.PR:Londrina,0.505420612048854,4.085714285714285,35
Brazil.regions.MG:Itajubá,0.591903818443804,3.40625,32
Brazil.regions.SP:Américo Brasiliense,0.6395060580707137,3.032258064516129,31
Brazil.regions.MG:Nova Serrana,0.66482548831252,2.8333333333333335,30
Brazil.regions.PE:Itapissuma,0.5842138968940122,3.466666666666667,30
Brazil.regions.AL:Satuba,0.6117915465898174,3.25,28
Brazil.regions.MG:Conselheiro Lafaiete,0.551969260326609,3.72,25
Brazil.regions.SP:Serrana,0.5693643932116554,3.5833333333333335,24
Brazil.regions.PB:Guarabira,0.28186460387279444,5.842105263157895,19
Brazil.regions.SE:Barra dos Coqueiros,0.5612533197717127,3.6470588235294117,17
Brazil.regions.SE:Carmópolis,0.3041946845981428,5.666666666666667,3
