region,similarity,distance,days
Brazil.regions.MG:Sete Lagoas,0.8001567398119122,1.4166666666666667,36
Brazil.regions.BA:Dias d'Ávila,0.7884012539184952,1.5,36
Brazil.regions.MG:Sabará,0.7844827586206896,1.5277777777777777,36
Brazil.regions.RS:Bento Gonçalves,0.7648902821316614,1.6666666666666667,36
Brazil.regions.SC:Palhoça,0.7531347962382444,1.75,36
Brazil.regions.RJ:Maricá,0.5650470219435736,3.0833333333333335,36
Brazil.regions.PE:São Lourenço da Mata,0.29858934169278983,4.972222222222222,36
Brazil.regions.MG:Mário Campos,0.7520661157024793,1.7575757575757576,33
Brazil.regions.BA:Cruz das Almas,0.8824451410658307,0.8333333333333334,18
Comoros,0.8307210031347962,1.2,10
Brazil.regions.SP:Pedreira,1.0,0.0,3
