region,similarity,distance,days
Brazil.regions.MG:Timóteo,0.8146677645171116,3.945945945945946,37
Brazil.regions.PR:Almirante Tamandaré,0.8077941349451225,4.081081081081081,37
Brazil.regions.RS:Gravataí,0.8077941349451225,4.081081081081081,37
Brazil.regions.SP:Mogi das Cruzes,0.7459314687972204,5.297297297297297,37
Brazil.regions.RJ:Magé,0.7225611282524573,5.756756756756757,37
Brazil.regions.PI:Teresina,0.710188595022877,6.0,37
Mauritius,0.46548738226006403,10.81081081081081,37
