region,similarity,distance,days
Brazil.regions.MG:Nova Serrana,0.9087816202369516,0.9166666666666666,24
Brazil.regions.RJ:Barra Mansa,0.8981748318924111,1.0,24
Brazil.regions.BA:Candeias,0.8928714377201409,1.0416666666666667,24
Brazil.regions.RS:Tramandaí,0.8928714377201409,1.0416666666666667,24
Brazil.regions.MG:Itajubá,0.8875680435478707,1.0833333333333333,24
Brazil.regions.SC:Chapecó,0.8769612552033301,1.1666666666666667,24
Brazil.regions.PI:Parnaíba,0.8716578610310599,1.2083333333333333,24
Brazil.regions.SP:Américo Brasiliense,0.8716578610310599,1.2083333333333333,24
Brazil.regions.MG:Divinópolis,0.8663544668587897,1.25,24
Brazil.regions.PE:Itapissuma,0.8610510726865194,1.2916666666666667,24
Brazil.regions.SC:Timbó,0.8557476785142492,1.3333333333333333,24
Brazil.regions.SC:Jaraguá do Sul,0.8504442843419788,1.375,24
Brazil.regions.MG:Varginha,0.8451408901697086,1.4166666666666667,24
Brazil.regions.PA:Benevides,0.8398374959974384,1.4583333333333333,24
Curaçao,0.8398374959974384,1.4583333333333333,24
Grenada,0.8398374959974384,1.4583333333333333,24
Brazil.regions.PR:São José dos Pinhais,0.8292307076528979,1.5416666666666667,24
Brazil.regions.MG:Conselheiro Lafaiete,0.8133205251360871,1.6666666666666667,24
Brazil.regions.AL:Satuba,0.7761967659301954,1.9583333333333333,24
Brazil.regions.SC:Tubarão,0.7655899775856548,2.0416666666666665,24
Brazil.regions.PR:Londrina,0.6542186999679795,2.9166666666666665,24
Brazil.regions.SP:Bragança Paulista,0.5693643932116554,3.5833333333333335,24
Brazil.regions.PB:Guarabira,0.5364275241417664,3.8421052631578947,19
Brazil.regions.SE:Barra dos Coqueiros,0.6960219246199921,2.588235294117647,17
Brazil.regions.SE:Carmópolis,0.9406019852705731,0.6666666666666666,3
