region,similarity,distance,days
Brazil.regions.PE:Cupira,0.9945468914646997,0.5769230769230769,26
Brazil.regions.RS:Guaíba,0.9945468914646997,0.5769230769230769,26
Brazil.regions.SP:Mirassol,0.9945468914646997,0.5769230769230769,26
Brazil.regions.RJ:Angra dos Reis,0.9940463645943098,0.6153846153846154,26
Brazil.regions.RS:Erechim,0.9940463645943098,0.6153846153846154,26
Brazil.regions.PE:Lagoa do Carro,0.99304531085353,0.6923076923076923,26
Brazil.regions.SP:Caçapava,0.99304531085353,0.6923076923076923,26
Brazil.regions.SC:Içara,0.9920442571127502,0.7692307692307693,26
Brazil.regions.ES:Viana,0.9915437302423604,0.8076923076923077,26
Brazil.regions.SP:Boituva,0.9915437302423604,0.8076923076923077,26
Brazil.regions.SP:Monte Mor,0.9910432033719705,0.8461538461538461,26
Brazil.regions.SC:Imbituba,0.9905426765015806,0.8846153846153846,26
Brazil.regions.CE:Itaitinga,0.9895416227608008,0.9615384615384616,26
Brazil.regions.SP:Leme,0.9880400421496311,1.0769230769230769,26
Brazil.regions.RJ:Três Rios,0.9875395152792413,1.1153846153846154,26
Brazil.regions.SP:Caraguatatuba,0.9820337197049526,1.5384615384615385,26
Brazil.regions.RS:Passo Fundo,0.9800316122233931,1.6923076923076923,26
Brazil.regions.RJ:Saquarema,0.9780295047418335,1.8461538461538463,26
Brazil.regions.AL:Rio Largo,0.9775289778714437,1.8846153846153846,26
Brazil.regions.PE:Chã Grande,0.9765279241306638,1.9615384615384615,26
Luxembourg,0.33234984193888295,51.46153846153846,26
Brazil.regions.MG:Viçosa,0.995005707762557,0.5416666666666666,24
Brazil.regions.PE:Nazaré da Mata,0.9929452054794521,0.7,20
Brazil.regions.PE:Camocim de São Félix,0.9952054794520548,0.5263157894736842,19
Brazil.regions.AL:Santa Luzia do Norte,0.9904109589041096,0.8947368421052632,19
Brazil.regions.SP:Igaraçu do Tietê,0.9947345890410959,0.5625,16
Brazil.regions.PB:Lagoa Seca,0.9898544520547945,0.9375,16
