region,similarity,distance,days
Brazil.regions.SP:Louveira,1.0,0.6285714285714286,35
Brazil.regions.PR:Fazenda Rio Grande,0.7561136814276272,0.8857142857142857,35
Brazil.regions.SP:Valinhos,0.6206212822207535,1.0285714285714285,35
Brazil.regions.PR:Maringá,0.21414408460013223,1.457142857142857,35
