region,similarity,distance,days
Brazil.regions.GO:Anápolis,0.898300911105639,1.2,55
Brazil.regions.PR:Foz do Iguaçu,0.8531709610261691,1.4181818181818182,55
Brazil.regions.SP:Rio Claro,1.0,0.7083333333333334,48
Brazil.regions.RN:São Gonçalo do Amarante,0.8017729623245506,1.6666666666666667,45
Brazil.regions.CE:Horizonte,0.4279993260669527,3.473684210526316,38
Brazil.regions.SP:Catanduva,0.9337601575966511,1.0285714285714285,35
Brazil.regions.PE:Vitória de Santo Antão,1.1102230246251565e-16,5.542857142857143,35
Brazil.regions.SP:Presidente Prudente,0.7632428987354607,1.8529411764705883,34
