region,similarity,distance,days
Brazil.regions.AM:Novo Aripuanã,0.9414414414414415,1.6666666666666667,15
Brazil.regions.RO:Porto Velho,0.9344144144144144,1.8666666666666667,15
Brazil.regions.AM:Humaitá,0.9297297297297298,2.0,15
Brazil.regions.AM:Canutama,0.9273873873873874,2.066666666666667,15
Brazil.regions.PA:Novo Progresso,0.925045045045045,2.1333333333333333,15
Bhutan,0.9227027027027027,2.2,15
Brazil.regions.AM:Novo Airão,0.9227027027027027,2.2,15
Estonia,0.9227027027027027,2.2,15
Brazil.regions.AP:Laranjal do Jari,0.9203603603603604,2.2666666666666666,15
Brazil.regions.RR:Rorainópolis,0.9133333333333333,2.466666666666667,15
Brazil.regions.AM:Maués,0.8899099099099099,3.1333333333333333,15
Brazil.regions.AM:Pauini,0.9472972972972973,1.5,2
