region,similarity,distance,days
Brazil.regions.RS:Guaíba,0.9883471886492464,1.0512820512820513,39
Brazil.regions.RS:Erechim,0.9866749574131111,1.1794871794871795,39
Brazil.regions.SC:Imbituba,0.9850027261769757,1.3076923076923077,39
Brazil.regions.SC:Içara,0.9850027261769757,1.3076923076923077,39
Brazil.regions.CE:Itaitinga,0.9706215375462119,2.41025641025641,39
Brazil.regions.RJ:Angra dos Reis,0.9692837525573036,2.5128205128205128,39
Brazil.regions.ES:Viana,0.9652703975905789,2.8205128205128207,39
Brazil.regions.RS:Passo Fundo,0.9328291116095534,5.3076923076923075,39
Luxembourg,0.008419684273941352,76.17948717948718,39
Brazil.regions.PE:Lagoa do Carro,0.9904653482150179,0.8888888888888888,36
Brazil.regions.SP:Boituva,0.9886537643758713,1.0277777777777777,36
Brazil.regions.SP:Mirassol,0.9879291308402126,1.0833333333333333,36
Brazil.regions.SP:Caraguatatuba,0.9763349942696743,1.9722222222222223,36
Brazil.regions.SP:Caçapava,0.9886324516248225,1.0294117647058822,34
Brazil.regions.PE:Chã Grande,0.9855378401725391,1.2666666666666666,30
Brazil.regions.RJ:Saquarema,0.9720596564092883,2.3,30
Brazil.regions.SP:Leme,0.9913452603654604,0.8214285714285714,28
Brazil.regions.SP:Monte Mor,0.9880499030961557,1.0740740740740742,27
Brazil.regions.AL:Rio Largo,0.9735572323829829,2.185185185185185,27
Brazil.regions.PE:Cupira,0.9910227586270629,0.8461538461538461,26
Brazil.regions.PE:Surubim,0.9875110730311788,1.1153846153846154,26
Brazil.regions.MG:Viçosa,0.9941200216992092,0.6086956521739131,23
Brazil.regions.PE:Nazaré da Mata,0.987711740779515,1.1,20
Brazil.regions.PE:Camocim de São Félix,0.9965675253574064,0.42105263157894735,19
Brazil.regions.AL:Santa Luzia do Norte,0.9911899817506765,0.8333333333333334,18
Brazil.regions.PB:Lagoa Seca,0.9942334426004428,0.6,15
Brazil.regions.SP:Igaraçu do Tietê,0.992494322114862,0.7333333333333333,15
