region,similarity,distance,days
Brazil.regions.RS:Campo Bom,1.0,0.5333333333333333,45
Brazil.regions.CE:Juazeiro do Norte,0.9673535540634406,0.7333333333333333,45
Brazil.regions.SP:São José do Rio Preto,0.7098093694528055,2.311111111111111,45
Brazil.regions.SP:Caieiras,0.5864783514702477,3.066666666666667,45
Brazil.regions.SP:Ribeirão Preto,0.02060662190321849,6.533333333333333,45
Brazil.regions.RS:Novo Hamburgo,0.8273695510324359,1.5909090909090908,44
Brazil.regions.SP:Campo Limpo Paulista,0.9112686341211462,1.0769230769230769,26
