region,similarity,distance,days
Brazil.regions.SC:Joinville,0.0,5.87037037037037,54
Brazil.regions.RS:Capão da Canoa,0.026468152585675253,5.72,50
Brazil.regions.SP:Limeira,0.3292220949696061,4.0,41
Brazil.regions.MG:Sarzedo,0.5480574398731389,2.7567567567567566,37
Brazil.regions.RJ:Cabo Frio,0.48512528789156384,3.1142857142857143,35
