region,similarity,distance,days
Brazil.regions.SP:Jaguariúna,0.8165663513900832,1.6666666666666667,45
Brazil.regions.SP:Rio Claro,0.8025222126683863,1.7333333333333334,45
Brazil.regions.GO:Anápolis,0.7978408330944874,1.7555555555555555,45
Brazil.regions.PR:Foz do Iguaçu,0.7416642782077004,2.022222222222222,45
Brazil.regions.CE:Horizonte,0.34719645200705973,3.8947368421052633,38
Brazil.regions.SP:Catanduva,0.6936801375752365,2.25,36
Brazil.regions.SP:Presidente Prudente,0.6139294926913156,2.6285714285714286,35
Brazil.regions.PE:Vitória de Santo Antão,0.012037833190025715,5.485714285714286,35
