region,similarity,distance,days
Brazil.regions.SP:Jaguariúna,0.9337601575966511,1.0285714285714285,35
Brazil.regions.GO:Anápolis,0.880571287860133,1.2857142857142858,35
Brazil.regions.SP:Rio Claro,0.8392021669539522,1.4857142857142858,35
Brazil.regions.PR:Foz do Iguaçu,0.8037429204629402,1.6571428571428573,35
Brazil.regions.RN:São Gonçalo do Amarante,0.6855454321595666,2.2285714285714286,35
Brazil.regions.CE:Horizonte,0.5023393252893377,3.1142857142857143,35
Brazil.regions.PE:Vitória de Santo Antão,0.011819748830337429,5.485714285714286,35
Brazil.regions.SP:Presidente Prudente,0.7814939814881875,1.7647058823529411,34
