region,similarity,distance,days
Brazil.regions.SE:Propriá,0.965042850699143,0.5740740740740741,54
Saint_Lucia,0.950383400992332,0.8148148148148148,54
Brazil.regions.RS:Caxias do Sul,0.917681551646369,1.3518518518518519,54
Guam,0.8060442038791159,3.185185185185185,54
Brazil.regions.MT:Várzea Grande,0.9247791132691237,1.2352941176470589,51
United_States_Virgin_Islands,0.8893982491508106,1.816326530612245,49
Brazil.regions.SP:Mairiporã,0.918809201623816,1.3333333333333333,48
Brazil.regions.RN:Passa e Fica,0.9702300405953992,0.4888888888888889,45
Brazil.regions.CE:Caucaia,0.043301759133964834,15.71111111111111,45
Brazil.regions.SP:Itupeva,0.9667855824824702,0.5454545454545454,44
Brazil.regions.RJ:Seropédica,0.9474105055972444,0.8636363636363636,44
Brazil.regions.SP:Piracicaba,0.7688830114405216,3.7954545454545454,44
Brazil.regions.PR:Matinhos,0.9773421027787393,0.37209302325581395,43
Brazil.regions.RJ:São Pedro da Aldeia,0.91300985888266,1.4285714285714286,42
Brazil.regions.SP:Águas de Lindóia,0.9702960493745668,0.4878048780487805,41
Brazil.regions.PR:Araucária,0.9688108518432952,0.5121951219512195,41
Brazil.regions.PR:Arapongas,0.9509884814680353,0.8048780487804879,41
Brazil.regions.SP:Atibaia,0.9162719891745602,1.375,40
Brazil.regions.SP:São Roque,0.928958051420839,1.1666666666666667,36
Brazil.regions.SP:Sertãozinho,0.9565049294413299,0.7142857142857143,35
Brazil.regions.PE:Moreno,0.8677749855016431,2.1714285714285713,35
Brazil.regions.SP:Artur Nogueira,0.9838812385576694,0.2647058823529412,34
Brazil.regions.PE:Garanhuns,0.9077377291179727,1.5151515151515151,33
Brazil.regions.PE:Santa Cruz do Capibaribe,0.964642716836178,0.5806451612903226,31
Brazil.regions.PE:São José da Coroa Grande,0.939106901217862,1.0,30
Brazil.regions.SP:Aparecida,0.9902571041948579,0.16,25
Brazil.regions.RJ:Pinheiral,0.9543301759133965,0.75,24
Brazil.regions.ES:Piúma,0.9467185385656293,0.875,24
Brazil.regions.PE:Condado,0.939106901217862,1.0,19
Brazil.regions.ES:Marataízes,0.7492637108970788,4.117647058823529,17
Brazil.regions.SE:Pedrinhas,1.0,0.0,2
