region,similarity,distance,days
Brazil.regions.MS:Corumbá,0.17391304347826086,4.222222222222222,18
Brazil.regions.AM:Santa Isabel do Rio Negro,0.1630434782608695,4.277777777777778,18
Brazil.regions.PA:Itaituba,0.1630434782608695,4.277777777777778,18
Brazil.regions.AM:Jutaí,0.1413043478260868,4.388888888888889,18
Brazil.regions.AM:Lábrea,0.0,5.111111111111111,18
Brazil.regions.PA:Almeirim,0.11381074168797956,4.529411764705882,17
Brazil.regions.PA:São Félix do Xingu,0.46894409937888193,2.7142857142857144,14
Brazil.regions.AM:Atalaia do Norte,0.5434782608695652,2.3333333333333335,12
