region,similarity,distance,days
Brazil.regions.RS:Charqueadas,0.9936923076923077,0.08,25
Brazil.regions.RS:Santa Cruz do Sul,0.9936923076923077,0.08,25
Brazil.regions.MG:Itaúna,0.9905384615384616,0.12,25
Brazil.regions.RS:Estrela,0.9905384615384616,0.12,25
Brazil.regions.SC:Biguaçu,0.9842307692307692,0.2,25
Brazil.regions.SP:Campos do Jordão,0.9842307692307692,0.2,25
Brazil.regions.GO:Cidade Ocidental,0.9810769230769231,0.24,25
Brazil.regions.MG:Barbacena,0.9810769230769231,0.24,25
Brazil.regions.MG:Lavras,0.9810769230769231,0.24,25
Brazil.regions.PA:Castanhal,0.9779230769230769,0.28,25
Brazil.regions.PE:Palmares,0.9779230769230769,0.28,25
Brazil.regions.SC:Gaspar,0.9779230769230769,0.28,25
Brazil.regions.GO:Trindade,0.9747692307692307,0.32,25
Brazil.regions.RJ:Mendes,0.9684615384615385,0.4,25
Brazil.regions.PE:Goiana,0.9653076923076923,0.44,25
Brazil.regions.SP:Mogi Mirim,0.9653076923076923,0.44,25
Brazil.regions.SP:Mogi Guaçu,0.959,0.52,25
Brazil.regions.PR:Paranaguá,0.9558461538461538,0.56,25
Brazil.regions.RS:Teutônia,0.9526923076923077,0.6,25
Brazil.regions.PE:Timbaúba,0.9463846153846154,0.68,25
Brazil.regions.PE:Bom Jardim,0.9432307692307692,0.72,25
Brazil.regions.SP:São João da Boa Vista,0.936923076923077,0.8,25
Brazil.regions.PA:Salinópolis,0.8959230769230769,1.32,25
Brazil.regions.PE:Ipojuca,0.8738461538461538,1.6,25
Brazil.regions.MT:Cuiabá,0.7760769230769231,2.84,25
Brazil.regions.MA:Imperatriz,0.7098461538461538,3.68,25
Brazil.regions.PB:Santa Rita,0.6593846153846153,4.32,25
Brazil.regions.PR:Ibiporã,0.9892482517482517,0.13636363636363635,22
Brazil.regions.SP:Cabreúva,0.9684615384615385,0.4,20
Brazil.regions.PI:Água Branca,0.8838056680161943,1.4736842105263157,19
Brazil.regions.SP:Engenheiro Coelho,0.9605769230769231,0.5,18
Brazil.regions.SP:Cordeirópolis,0.9386752136752137,0.7777777777777778,18
Brazil.regions.BA:Itaparica,0.9802884615384615,0.25,16
Brazil.regions.RJ:Cordeiro,0.9753605769230769,0.3125,16
Brazil.regions.SE:Maruim,0.9655048076923077,0.4375,16
Brazil.regions.SE:Laranjeiras,0.9671474358974359,0.4166666666666667,12
Brazil.regions.AL:Campo Alegre,0.9641608391608392,0.45454545454545453,11
Brazil.regions.PE:Barreiros,0.9211538461538462,1.0,11
Brazil.regions.BA:Governador Mangabeira,0.9842307692307692,0.2,10
Brazil.regions.PB:Puxinanã,1.0,0.0,2
