region,similarity,distance,days
Brazil.regions.RN:Passa e Fica,0.9652039435530639,0.5714285714285714,35
Brazil.regions.PR:Matinhos,0.9634641407307172,0.6,35
Brazil.regions.SE:Propriá,0.9634641407307172,0.6,35
Brazil.regions.PR:Araucária,0.9599845350860235,0.6571428571428571,35
Brazil.regions.RJ:Seropédica,0.9599845350860235,0.6571428571428571,35
Brazil.regions.SP:Itupeva,0.9599845350860235,0.6571428571428571,35
Brazil.regions.MG:Poços de Caldas,0.9565049294413299,0.7142857142857143,35
Brazil.regions.SP:Águas de Lindóia,0.9565049294413299,0.7142857142857143,35
Brazil.regions.MT:Várzea Grande,0.9530253237966364,0.7714285714285715,35
Saint_Lucia,0.947805915329596,0.8571428571428571,35
Brazil.regions.PR:Arapongas,0.9425865068625556,0.9428571428571428,35
Brazil.regions.RJ:São Pedro da Aldeia,0.9408467040402088,0.9714285714285714,35
Brazil.regions.SP:São Roque,0.9408467040402088,0.9714285714285714,35
Brazil.regions.SP:Mairiporã,0.9356272955731684,1.0571428571428572,35
Brazil.regions.SP:Atibaia,0.9095302532379663,1.4857142857142858,35
Brazil.regions.RS:Caxias do Sul,0.9043108447709259,1.5714285714285714,35
United_States_Virgin_Islands,0.8764739996133771,2.0285714285714285,35
Brazil.regions.PE:Moreno,0.86951478832399,2.142857142857143,35
Brazil.regions.SP:Piracicaba,0.8086216895418519,3.142857142857143,35
Guam,0.763386816160835,3.8857142857142857,35
Brazil.regions.CE:Caucaia,0.46588053353953207,8.771428571428572,35
Brazil.regions.SP:Artur Nogueira,0.9588076096473772,0.6764705882352942,34
Brazil.regions.PE:Garanhuns,0.9151187107885349,1.393939393939394,33
Brazil.regions.PE:Santa Cruz do Capibaribe,0.9528569557815706,0.7741935483870968,31
Brazil.regions.PE:São José da Coroa Grande,0.9309878213802436,1.1333333333333333,30
Brazil.regions.SP:Aparecida,0.9683355886332883,0.52,25
Brazil.regions.RJ:Pinheiral,0.9365696887686062,1.0416666666666667,24
Brazil.regions.ES:Piúma,0.9238836265223275,1.25,24
Brazil.regions.PE:Condado,0.932697101346058,1.105263157894737,19
Brazil.regions.ES:Marataízes,0.7492637108970788,4.117647058823529,17
Brazil.regions.SE:Pedrinhas,0.969553450608931,0.5,2
