region,similarity,distance,days
Brazil.regions.SP:Serrana,0.4842447333034514,4.35,20
Brazil.regions.AL:Satuba,0.44047512326311067,4.7,20
Brazil.regions.PR:Londrina,0.44047512326311067,4.7,20
Curaçao,0.4342223218287764,4.75,20
Brazil.regions.MG:Itajubá,0.427969520394442,4.8,20
Brazil.regions.MG:Varginha,0.42171671896010765,4.85,20
Brazil.regions.PR:São José dos Pinhais,0.42171671896010765,4.85,20
Brazil.regions.MG:Divinópolis,0.41546391752577316,4.9,20
Brazil.regions.PA:Benevides,0.4092111160914388,4.95,20
Brazil.regions.PE:Itapissuma,0.4092111160914388,4.95,20
Brazil.regions.SC:Jaraguá do Sul,0.4092111160914388,4.95,20
Brazil.regions.SC:Timbó,0.4092111160914388,4.95,20
Brazil.regions.MG:Nova Serrana,0.4029583146571045,5.0,20
Brazil.regions.SC:Tubarão,0.39670551322277015,5.05,20
Brazil.regions.SP:Américo Brasiliense,0.39670551322277015,5.05,20
Brazil.regions.BA:Candeias,0.39045271178843577,5.1,20
Brazil.regions.RJ:Barra Mansa,0.39045271178843577,5.1,20
Brazil.regions.RS:Tramandaí,0.39045271178843577,5.1,20
Brazil.regions.PI:Parnaíba,0.3841999103541013,5.15,20
Brazil.regions.SC:Chapecó,0.3779471089197669,5.2,20
Grenada,0.37169430748543253,5.25,20
Brazil.regions.MG:Conselheiro Lafaiete,0.3591887046167639,5.35,20
Brazil.regions.SP:Bragança Paulista,0.246638278798745,6.25,20
Brazil.regions.SE:Barra dos Coqueiros,0.5574392912700714,3.764705882352941,17
Brazil.regions.SE:Carmópolis,0.9031824294038547,1.0,3
