region,similarity,distance,days
Brazil.regions.SC:Porto Belo,0.9136298421807747,0.34146341463414637,41
Brazil.regions.RS:Torres,0.8951219512195122,0.4146341463414634,41
Brazil.regions.SP:Tatuí,0.8827833572453372,0.4634146341463415,41
Brazil.regions.ES:Cachoeiro de Itapemirim,0.8766140602582496,0.4878048780487805,41
Brazil.regions.SP:Votuporanga,0.8210903873744619,0.7073170731707317,41
Brazil.regions.PB:Patos,0.5434720229555237,1.8048780487804879,41
Liechtenstein,0.487948350071736,2.024390243902439,41
Brazil.regions.RJ:Teresópolis,0.47560975609756095,2.073170731707317,41
Brazil.regions.SP:Assis,0.8672058823529412,0.525,40
Brazil.regions.SP:Araraquara,0.2791176470588236,2.85,40
Brazil.regions.SC:Araranguá,0.8573152337858221,0.5641025641025641,39
Brazil.regions.RJ:Tanguá,0.794912559618442,0.8108108108108109,37
Brazil.regions.SP:Birigui,0.697875816993464,1.1944444444444444,36
Brazil.regions.PE:Macaparana,0.8915966386554622,0.42857142857142855,35
Brazil.regions.SP:Pindamonhangaba,0.8482352941176471,0.6,35
Brazil.regions.PE:Arcoverde,0.7024221453287197,1.1764705882352942,34
Brazil.regions.SC:Cocal do Sul,0.9463458110516934,0.21212121212121213,33
Brazil.regions.PE:João Alfredo,0.9080213903743315,0.36363636363636365,33
Brazil.regions.SC:Balneário Piçarras,0.9080213903743315,0.36363636363636365,33
Brazil.regions.PR:Paiçandu,0.9762867647058824,0.09375,32
Brazil.regions.SP:Porto Ferreira,0.9683823529411765,0.125,32
Brazil.regions.PR:Apucarana,0.781947261663286,0.8620689655172413,29
Brazil.regions.SP:Mairinque,0.9006302521008404,0.39285714285714285,28
Brazil.regions.BA:Irecê,0.9718954248366013,0.1111111111111111,27
Brazil.regions.CE:Uruburetama,0.7597058823529412,0.95,20
Brazil.regions.SP:Barrinha,0.973374613003096,0.10526315789473684,19
Brazil.regions.SP:Barra Bonita,0.8173202614379085,0.7222222222222222,18
Brazil.regions.SP:Bom Jesus dos Perdões,0.9553633217993079,0.17647058823529413,17
Brazil.regions.SP:Holambra,0.8512110726643598,0.5882352941176471,17
Brazil.regions.MG:Raposos,0.9494117647058824,0.2,10
Brazil.regions.PB:Nova Floresta,0.9683823529411765,0.125,8
Brazil.regions.PB:São Sebastião de Lagoa de Roça,0.8915966386554622,0.42857142857142855,7
Brazil.regions.AL:Cajueiro,0.8735294117647059,0.5,2
Brazil.regions.RS:Portão,0.7470588235294118,1.0,1
