region,similarity,distance,days
Brazil.regions.RS:Guaíba,0.9941536203522505,0.6071428571428571,28
Brazil.regions.RJ:Angra dos Reis,0.9936888454011742,0.6428571428571429,28
Brazil.regions.RS:Erechim,0.9932240704500979,0.6785714285714286,28
Brazil.regions.SP:Boituva,0.9932240704500979,0.6785714285714286,28
Brazil.regions.SC:Içara,0.9918297455968689,0.7857142857142857,28
Brazil.regions.SP:Mirassol,0.9918297455968689,0.7857142857142857,28
Brazil.regions.SP:Caçapava,0.9909001956947162,0.8571428571428571,28
Brazil.regions.SC:Imbituba,0.9899706457925636,0.9285714285714286,28
Brazil.regions.PE:Lagoa do Carro,0.989041095890411,1.0,28
Brazil.regions.SP:Leme,0.989041095890411,1.0,28
Brazil.regions.RJ:Três Rios,0.9885763209393347,1.0357142857142858,28
Brazil.regions.ES:Viana,0.987646771037182,1.1071428571428572,28
Brazil.regions.CE:Itaitinga,0.9839285714285714,1.3928571428571428,28
Brazil.regions.SP:Caraguatatuba,0.9839285714285714,1.3928571428571428,28
Brazil.regions.PE:Chã Grande,0.9778864970645793,1.8571428571428572,28
Brazil.regions.RJ:Saquarema,0.9769569471624266,1.9285714285714286,28
Brazil.regions.RS:Passo Fundo,0.976027397260274,2.0,28
Brazil.regions.AL:Rio Largo,0.9741682974559687,2.142857142857143,28
Luxembourg,0.25516144814090014,57.392857142857146,28
Brazil.regions.PE:Cupira,0.9945468914646997,0.5769230769230769,26
Brazil.regions.PE:Surubim,0.9910432033719705,0.8461538461538461,26
Brazil.regions.MG:Viçosa,0.9901255707762557,0.9166666666666666,24
Brazil.regions.PE:Nazaré da Mata,0.9864383561643836,1.2,20
Brazil.regions.PE:Camocim de São Félix,0.9952054794520548,0.5263157894736842,19
Brazil.regions.AL:Santa Luzia do Norte,0.9904109589041096,0.8947368421052632,19
Brazil.regions.SP:Igaraçu do Tietê,0.9922945205479452,0.75,16
Brazil.regions.PB:Lagoa Seca,0.9906678082191781,0.875,16
