region,similarity,distance,days
Brazil.regions.RJ:Barra Mansa,0.9751843853143719,0.42424242424242425,33
Brazil.regions.RS:Tramandaí,0.9638156554337639,0.5151515151515151,33
Brazil.regions.SC:Chapecó,0.9638156554337639,0.5151515151515151,33
Brazil.regions.SC:Jaraguá do Sul,0.9524469255531559,0.6060606060606061,33
Brazil.regions.SC:Timbó,0.9524469255531559,0.6060606060606061,33
Curaçao,0.9372886190456786,0.7272727272727273,33
Brazil.regions.PR:São José dos Pinhais,0.9334990424188093,0.7575757575757576,33
Grenada,0.92970946579194,0.7878787878787878,33
Brazil.regions.MG:Divinópolis,0.9221303125382014,0.8484848484848485,33
Brazil.regions.BA:Candeias,0.9145511592844627,0.9090909090909091,33
Brazil.regions.MG:Varginha,0.9107615826575934,0.9393939393939394,33
Brazil.regions.SC:Tubarão,0.8804449696426389,1.1818181818181819,33
Brazil.regions.PI:Parnaíba,0.8766553930157696,1.2121212121212122,33
Brazil.regions.PA:Benevides,0.8160221669858604,1.696969696969697,33
Brazil.regions.PR:Londrina,0.6871765616723036,2.727272727272727,33
Brazil.regions.SP:Bragança Paulista,0.5810684161199626,3.5757575757575757,33
Brazil.regions.SP:Américo Brasiliense,0.9422624383684446,0.6875,32
Brazil.regions.MG:Nova Serrana,0.9596593455849395,0.5483870967741935,31
Brazil.regions.PE:Itapissuma,0.890676826535186,1.1,30
Brazil.regions.AL:Satuba,0.8471228303374085,1.4482758620689655,29
Brazil.regions.MG:Conselheiro Lafaiete,0.922421818432576,0.8461538461538461,26
Brazil.regions.SP:Serrana,0.8881757059614522,1.12,25
Brazil.regions.PB:Guarabira,0.427969520394442,4.8,20
Brazil.regions.SE:Barra dos Coqueiros,0.7634139267540274,2.1176470588235294,17
Brazil.regions.SE:Carmópolis,0.8614970865082923,1.3333333333333333,3
