region,similarity,distance,days
Mauritius,0.6694967079567014,6.8,50
Brazil.regions.SP:Mogi das Cruzes,0.5759053677044972,8.64,50
Brazil.regions.PI:Teresina,0.29818323847784856,14.1,50
Brazil.regions.RS:Gravataí,0.9846468958077595,0.6041666666666666,48
Brazil.regions.PR:Almirante Tamandaré,1.0,0.3023255813953488,43
Brazil.regions.RJ:Magé,0.7254480526726927,5.7,40
Brazil.regions.CE:Pacatuba,0.8146677645171116,3.945945945945946,37
