region,similarity,distance,days
Curaçao,0.900866577020768,1.0185185185185186,54
Brazil.regions.RJ:Barra Mansa,0.8846556103391603,1.1481481481481481,54
Brazil.regions.SC:Tubarão,0.8082324816972957,1.7592592592592593,54
Brazil.regions.MG:Divinópolis,0.7850739578664276,1.9444444444444444,54
Brazil.regions.PR:Londrina,0.708650829224563,2.5555555555555554,54
Brazil.regions.SC:Chapecó,0.25011205737337516,6.222222222222222,54
Grenada,0.9206902734199911,0.86,50
Brazil.regions.PI:Parnaíba,0.7864634692962797,1.9333333333333333,45
Brazil.regions.PR:São José dos Pinhais,0.9230777066949187,0.8409090909090909,44
Brazil.regions.BA:Candeias,0.9150925273740155,0.9047619047619048,42
Brazil.regions.RS:Tramandaí,0.9733358113500453,0.43902439024390244,41
Brazil.regions.MG:Varginha,0.9128021239182154,0.9230769230769231,39
Brazil.regions.PA:Benevides,0.8230183084508499,1.641025641025641,39
Brazil.regions.SC:Timbó,0.8626237173973614,1.3243243243243243,37
Brazil.regions.SP:Bragança Paulista,0.6461228148812193,3.0555555555555554,36
Brazil.regions.MG:Itajubá,0.9524469255531559,0.6060606060606061,33
Brazil.regions.SP:Américo Brasiliense,0.9657104437471986,0.5,32
Brazil.regions.MG:Nova Serrana,0.9596593455849395,0.5483870967741935,31
Brazil.regions.PE:Itapissuma,0.8948453608247423,1.0666666666666667,30
Brazil.regions.AL:Satuba,0.8428105534861435,1.4827586206896552,29
Brazil.regions.MG:Conselheiro Lafaiete,0.9176119711753956,0.8846153846153846,26
Brazil.regions.SP:Serrana,0.8531600179291797,1.4,25
Brazil.regions.PB:Guarabira,0.4092111160914388,4.95,20
Brazil.regions.SE:Barra dos Coqueiros,0.785482637698737,1.9411764705882353,17
Brazil.regions.SE:Carmópolis,0.9031824294038547,1.0,3
