region,similarity,distance,days
Brazil.regions.SP:Cotia,0.16417872754655982,4.232142857142857,56
Brazil.regions.SC:Itajaí,0.5006428387760349,2.7358490566037736,53
Brazil.regions.SP:Paulínia,0.8040948830033428,1.3863636363636365,44
Brazil.regions.SP:Nova Odessa,0.8177626818635746,1.3255813953488371,43
Brazil.regions.SP:Indaiatuba,0.7357106123498511,1.6904761904761905,42
Brazil.regions.MG:João Monlevade,0.890974543584469,1.0,34
Brazil.regions.MG:São Lourenço,0.8977886346104397,0.9696969696969697,33
Brazil.regions.PE:Abreu e Lima,0.16186680380560547,4.242424242424242,33
