region,similarity,distance,days
Brazil.regions.SP:Votuporanga,0.5073212747631353,2.116279069767442,43
Brazil.regions.SP:Tatuí,0.4802510151347361,2.2325581395348837,43
Brazil.regions.ES:Cachoeiro de Itapemirim,0.44776670358065707,2.372093023255814,43
Brazil.regions.SC:Porto Belo,0.41528239202657813,2.511627906976744,43
Brazil.regions.RS:Torres,0.39904023624953855,2.5813953488372094,43
Brazil.regions.PB:Patos,0.323243509290021,2.9069767441860463,43
Liechtenstein,0.3015873015873016,3.0,43
Brazil.regions.RS:São Sebastião do Caí,0.5177626606198035,2.0714285714285716,42
Brazil.regions.SP:Assis,0.5343915343915344,2.0,41
Brazil.regions.SP:Araraquara,0.1709898051361466,3.5609756097560976,41
Brazil.regions.SC:Araranguá,0.482010582010582,2.225,40
Brazil.regions.SP:Birigui,0.6036036036036037,1.7027027027027026,37
Brazil.regions.RJ:Tanguá,0.5847275847275848,1.7837837837837838,37
Brazil.regions.SP:Pindamonhangaba,0.6249265138154028,1.6111111111111112,36
Brazil.regions.PE:Macaparana,0.5609977324263039,1.8857142857142857,35
Brazil.regions.SC:Balneário Piçarras,0.6439464674758792,1.5294117647058822,34
Brazil.regions.SC:Cocal do Sul,0.6234049175225647,1.6176470588235294,34
Brazil.regions.PE:Arcoverde,0.5754746342981638,1.8235294117647058,34
Brazil.regions.SP:Porto Ferreira,0.6402116402116402,1.5454545454545454,33
Brazil.regions.PE:João Alfredo,0.6331569664902998,1.5757575757575757,33
Brazil.regions.PR:Paiçandu,0.6798941798941799,1.375,32
Brazil.regions.SP:Mairinque,0.6869184455391353,1.3448275862068966,29
Brazil.regions.PR:Apucarana,0.6467797847108192,1.5172413793103448,29
Brazil.regions.BA:Irecê,0.741328630217519,1.1111111111111112,27
Brazil.regions.SP:Barrinha,0.7788359788359789,0.95,20
Brazil.regions.CE:Uruburetama,0.674074074074074,1.4,20
Brazil.regions.SP:Barra Bonita,0.8039543302701198,0.8421052631578947,19
Brazil.regions.SP:Bom Jesus dos Perdões,0.8318636096413874,0.7222222222222222,18
Brazil.regions.SP:Holambra,0.7930629041740154,0.8888888888888888,18
Brazil.regions.MG:Raposos,0.8306878306878307,0.7272727272727273,11
Brazil.regions.PB:Nova Floresta,0.8447971781305115,0.6666666666666666,9
Brazil.regions.PB:São Sebastião de Lagoa de Roça,0.6798941798941799,1.375,8
Brazil.regions.AL:Cajueiro,0.9223985890652557,0.3333333333333333,3
Brazil.regions.RS:Portão,0.7671957671957672,1.0,2
