region,similarity,distance,days
Brazil.regions.RJ:Barra Mansa,0.9638684887360168,0.4838709677419355,31
Brazil.regions.SC:Jaraguá do Sul,0.9638684887360168,0.4838709677419355,31
Brazil.regions.RS:Tramandaí,0.9515509280778408,0.5806451612903226,31
Brazil.regions.SC:Chapecó,0.9515509280778408,0.5806451612903226,31
Brazil.regions.PR:São José dos Pinhais,0.9474450745251154,0.6129032258064516,31
Brazil.regions.MG:Divinópolis,0.9392333674196647,0.6774193548387096,31
Brazil.regions.MG:Itajubá,0.9392333674196647,0.6774193548387096,31
Grenada,0.9351275138669394,0.7096774193548387,31
Brazil.regions.SC:Timbó,0.931021660314214,0.7419354838709677,31
Curaçao,0.9228099532087632,0.8064516129032258,31
Brazil.regions.MG:Varginha,0.9022806854451365,0.967741935483871,31
Brazil.regions.BA:Candeias,0.8981748318924111,1.0,31
Brazil.regions.PI:Parnaíba,0.8940689783396858,1.032258064516129,31
Brazil.regions.SC:Tubarão,0.8694338570233336,1.2258064516129032,31
Brazil.regions.PA:Benevides,0.8242694679433548,1.5806451612903225,31
Brazil.regions.PR:Londrina,0.725728982677946,2.3548387096774195,31
Brazil.regions.SP:Bragança Paulista,0.6395060580707137,3.032258064516129,31
Brazil.regions.MG:Nova Serrana,0.9703009926352866,0.43333333333333335,30
Brazil.regions.PE:Itapissuma,0.8642331091898815,1.2666666666666666,30
Brazil.regions.AL:Satuba,0.8527171675586661,1.3571428571428572,28
Brazil.regions.MG:Conselheiro Lafaiete,0.918539865513929,0.84,25
Brazil.regions.SP:Serrana,0.8716578610310599,1.2083333333333333,24
Brazil.regions.PB:Guarabira,0.43594216087769855,4.631578947368421,19
Brazil.regions.SE:Barra dos Coqueiros,0.7634062270441319,2.0588235294117645,17
Brazil.regions.SE:Carmópolis,0.8981748318924111,1.0,3
