region,similarity,distance,days
Brazil.regions.RS:Campo Bom,0.948463786603293,0.8490566037735849,53
Brazil.regions.SP:São José do Rio Preto,0.4587670975549023,3.849056603773585,53
Brazil.regions.SP:Caieiras,0.5973605001157676,3.0,48
Brazil.regions.SP:Ribeirão Preto,0.013892104653855042,6.574468085106383,47
Brazil.regions.GO:Águas Lindas de Goiás,0.9673535540634406,0.7333333333333333,45
Brazil.regions.RS:Novo Hamburgo,0.8904365488644257,1.2045454545454546,44
Brazil.regions.SP:Campo Limpo Paulista,0.9238249594813615,1.0,26
