region,similarity,distance,days
Brazil.regions.SC:Imbituba,0.9793543006682519,1.7407407407407407,27
Brazil.regions.SP:Boituva,0.9793543006682519,1.7407407407407407,27
Brazil.regions.SP:Mirassol,0.9783881226207071,1.8148148148148149,27
Brazil.regions.RJ:Angra dos Reis,0.9779050335969347,1.8518518518518519,27
Brazil.regions.SP:Caçapava,0.9779050335969347,1.8518518518518519,27
Brazil.regions.PE:Lagoa do Carro,0.9774219445731622,1.8888888888888888,27
Brazil.regions.SP:Leme,0.9769388555493899,1.9259259259259258,27
Brazil.regions.SP:Monte Mor,0.9769388555493899,1.9259259259259258,27
Brazil.regions.RS:Erechim,0.9764557665256174,1.962962962962963,27
Brazil.regions.SC:Içara,0.9759726775018449,2.0,27
Brazil.regions.ES:Viana,0.9754895884780725,2.037037037037037,27
Brazil.regions.RS:Guaíba,0.9754895884780725,2.037037037037037,27
Brazil.regions.RS:Passo Fundo,0.9740403214067552,2.1481481481481484,27
Brazil.regions.CE:Itaitinga,0.9735572323829829,2.185185185185185,27
Brazil.regions.RJ:Três Rios,0.9735572323829829,2.185185185185185,27
Brazil.regions.SP:Caraguatatuba,0.9735572323829829,2.185185185185185,27
Brazil.regions.PE:Chã Grande,0.9706586982403482,2.4074074074074074,27
Brazil.regions.RJ:Saquarema,0.9701756092165758,2.4444444444444446,27
Luxembourg,0.3088267356721198,53.148148148148145,27
Brazil.regions.PE:Cupira,0.9779793549852074,1.8461538461538463,26
Brazil.regions.PE:Surubim,0.9774776856143668,1.8846153846153846,26
Brazil.regions.MG:Viçosa,0.9754055729956773,2.0434782608695654,23
Brazil.regions.PE:Nazaré da Mata,0.9746683371376594,2.1,20
Brazil.regions.PE:Camocim de São Félix,0.9800916470729573,1.6842105263157894,19
Brazil.regions.AL:Santa Luzia do Norte,0.9774219445731622,1.8888888888888888,18
Brazil.regions.PB:Lagoa Seca,0.9829291594441679,1.4666666666666666,15
Brazil.regions.SP:Igaraçu do Tietê,0.9829291594441679,1.4666666666666666,15
