region,similarity,distance,days
Brazil.regions.AM:Jutaí,1.0,0.0,12
Brazil.regions.MS:Corumbá,0.9836956521739131,0.08333333333333333,12
Brazil.regions.PA:Almeirim,0.967391304347826,0.16666666666666666,12
Brazil.regions.PA:Itaituba,0.967391304347826,0.16666666666666666,12
Brazil.regions.AM:Santa Isabel do Rio Negro,0.9510869565217391,0.25,12
Brazil.regions.PA:São Félix do Xingu,0.8532608695652174,0.75,12
Brazil.regions.AM:Lábrea,0.7228260869565217,1.4166666666666667,12
Brazil.regions.AM:Tapauá,0.5434782608695652,2.3333333333333335,12
