region,similarity,distance,days
Bosnia_and_Herzegovina,0.7899213163000665,26.475409836065573,61
Lithuania,0.7592737602095526,28.147540983606557,61
Latvia,0.7196122170335933,30.311475409836067,61
Croatia,0.705189837696881,31.098360655737704,61
Brazil.regions.ES,0.5255110284603387,40.90163934426229,61
Brazil.regions.PB,0.7253210755210421,30.0,55
