region,similarity,distance,days
Brazil.regions.RS:Erechim,0.9987986338750923,0.25,40
Brazil.regions.SC:Içara,0.997820378601953,0.325,40
Brazil.regions.SC:Imbituba,0.9965160382377675,0.425,40
Brazil.regions.CE:Itaitinga,0.974342252046613,2.125,40
Brazil.regions.ES:Viana,0.9720596564092883,2.3,40
Brazil.regions.RJ:Angra dos Reis,0.9658640396794069,2.775,40
Brazil.regions.RS:Passo Fundo,0.9329294454837215,5.3,40
Luxembourg,0.0,76.825,40
Brazil.regions.RJ:Três Rios,0.9883471886492464,1.0512820512820513,39
Brazil.regions.SP:Mirassol,0.9966247332681163,0.4166666666666667,36
Brazil.regions.SP:Boituva,0.9944508326611404,0.5833333333333334,36
Brazil.regions.PE:Lagoa do Carro,0.9926392488219937,0.7222222222222222,36
Brazil.regions.SP:Caraguatatuba,0.9777842613409916,1.8611111111111112,36
Brazil.regions.SP:Caçapava,0.9951541534457502,0.5294117647058824,34
Brazil.regions.PE:Chã Grande,0.9846682799297487,1.3333333333333333,30
Brazil.regions.RJ:Saquarema,0.9764074576232401,1.9666666666666666,30
Brazil.regions.SP:Leme,0.9950719471202764,0.5357142857142857,28
Brazil.regions.SP:Monte Mor,0.9938469713814249,0.6296296296296297,27
Brazil.regions.AL:Rio Largo,0.9754895884780725,2.037037037037037,27
Brazil.regions.PE:Cupira,0.9990494685605126,0.23076923076923078,26
Brazil.regions.PE:Surubim,0.9945344442229471,0.5769230769230769,26
Brazil.regions.MG:Viçosa,0.9975226487362151,0.34782608695652173,23
Brazil.regions.PE:Nazaré da Mata,0.9896682513257933,0.95,20
Brazil.regions.PE:Camocim de São Félix,0.9986270101429626,0.2631578947368421,19
Brazil.regions.AL:Santa Luzia do Norte,0.9948131494289697,0.5555555555555556,18
Brazil.regions.PB:Lagoa Seca,0.9977116835716043,0.3333333333333333,15
Brazil.regions.SP:Igaraçu do Tietê,0.9959725630860236,0.4666666666666667,15
