region,similarity,distance,days
Brazil.regions.RS:Tramandaí,0.922421818432576,0.8461538461538461,39
Brazil.regions.RJ:Barra Mansa,0.9128021239182154,0.9230769230769231,39
Brazil.regions.SC:Jaraguá do Sul,0.9128021239182154,0.9230769230769231,39
Curaçao,0.8999758645657346,1.0256410256410255,39
Grenada,0.890356170051374,1.1025641025641026,39
Brazil.regions.BA:Candeias,0.8807364755370134,1.1794871794871795,39
Brazil.regions.SC:Chapecó,0.8807364755370134,1.1794871794871795,39
Brazil.regions.PR:São José dos Pinhais,0.8775299106988932,1.205128205128205,39
Brazil.regions.MG:Divinópolis,0.8647036513464124,1.3076923076923077,39
Brazil.regions.PI:Parnaíba,0.8518773919939316,1.4102564102564104,39
Brazil.regions.SC:Tubarão,0.842257697479571,1.4871794871794872,39
Brazil.regions.PA:Benevides,0.7973657897458883,1.8461538461538463,39
Brazil.regions.PR:Londrina,0.6530703720304796,3.0,39
Brazil.regions.SC:Timbó,0.8592438247301537,1.3513513513513513,37
Brazil.regions.SP:Bragança Paulista,0.6113850291349171,3.3333333333333335,36
Brazil.regions.MG:Itajubá,0.9107615826575934,0.9393939393939394,33
Brazil.regions.SP:Américo Brasiliense,0.9070904303003138,0.96875,32
Brazil.regions.MG:Nova Serrana,0.923352756611385,0.8387096774193549,31
Brazil.regions.PE:Itapissuma,0.8448229493500672,1.4666666666666666,30
Brazil.regions.AL:Satuba,0.8341859997836134,1.5517241379310345,29
Brazil.regions.MG:Conselheiro Lafaiete,0.8839430403751336,1.1538461538461537,26
Brazil.regions.SP:Serrana,0.8431555356342447,1.48,25
Brazil.regions.PB:Guarabira,0.42171671896010765,4.85,20
Brazil.regions.SE:Barra dos Coqueiros,0.7707701637355974,2.0588235294117645,17
Brazil.regions.SE:Carmópolis,0.9448677722994173,0.6666666666666666,3
