region,similarity,distance,days
Brazil.regions.SC:Imbituba,0.9716248762878931,2.3333333333333335,42
Brazil.regions.RS:Erechim,0.9703826473696211,2.4285714285714284,42
Brazil.regions.SC:Içara,0.9694509756809172,2.5,42
Brazil.regions.CE:Itaitinga,0.9573392437277656,3.4285714285714284,42
Brazil.regions.RJ:Angra dos Reis,0.9545442286616537,3.642857142857143,42
Brazil.regions.RS:Passo Fundo,0.9349791231988702,5.142857142857143,42
Luxembourg,0.015419166448050747,75.64285714285714,42
Brazil.regions.RS:Guaíba,0.9720596564092883,2.3,40
Brazil.regions.RJ:Três Rios,0.9652703975905789,2.8205128205128207,39
Brazil.regions.SP:Caraguatatuba,0.9712625595200638,2.361111111111111,36
Brazil.regions.PE:Lagoa do Carro,0.9701756092165758,2.4444444444444446,36
Brazil.regions.SP:Boituva,0.9698132924487465,2.4722222222222223,36
Brazil.regions.SP:Mirassol,0.9698132924487465,2.4722222222222223,36
Brazil.regions.SP:Caçapava,0.9717527527941858,2.323529411764706,34
Brazil.regions.RJ:Saquarema,0.9764074576232401,1.9666666666666666,30
Brazil.regions.PE:Chã Grande,0.9716248762878931,2.3333333333333335,30
Brazil.regions.SP:Leme,0.9848235585445326,1.3214285714285714,28
Brazil.regions.SP:Monte Mor,0.9880499030961557,1.0740740740740742,27
Brazil.regions.AL:Rio Largo,0.9754895884780725,2.037037037037037,27
Brazil.regions.PE:Cupira,0.9940327748521065,0.6153846153846154,26
Brazil.regions.PE:Surubim,0.9915244279979035,0.8076923076923077,26
Brazil.regions.MG:Viçosa,0.9935529171930416,0.6521739130434783,23
Brazil.regions.PE:Nazaré da Mata,0.9890160811437005,1.0,20
Brazil.regions.PE:Camocim de São Félix,0.9924485557862941,0.7368421052631579,19
Brazil.regions.AL:Santa Luzia do Norte,0.9919146152863352,0.7777777777777778,18
Brazil.regions.PB:Lagoa Seca,0.9951030028432332,0.5333333333333333,15
Brazil.regions.SP:Igaraçu do Tietê,0.9933638823576524,0.6666666666666666,15
