region,similarity,distance,days
Brazil.regions.SP:Jaguariúna,0.9193895098882201,1.1785714285714286,56
Brazil.regions.PR:Foz do Iguaçu,0.8229500508090362,1.6363636363636365,55
Brazil.regions.SP:Rio Claro,0.9312123817712812,1.1224489795918366,49
Brazil.regions.RN:São Gonçalo do Amarante,0.7978408330944874,1.7555555555555555,45
Brazil.regions.CE:Horizonte,0.4580712313888763,3.3684210526315788,38
Brazil.regions.SP:Catanduva,0.886787044998567,1.3333333333333333,36
Brazil.regions.SP:Presidente Prudente,0.7884780739466896,1.8,35
Brazil.regions.PE:Vitória de Santo Antão,0.06620808254514188,5.228571428571429,35
