region,similarity,distance,days
Brazil.regions.BA:Conceição do Jacuípe,0.9422854944209311,0.21739130434782608,23
Brazil.regions.SP:Santa Gertrudes,0.9422854944209311,0.21739130434782608,23
Brazil.regions.MG:Ubá,0.9191996921893035,0.30434782608695654,23
Brazil.regions.PE:Machados,0.9076567910734898,0.34782608695652173,23
Brazil.regions.SC:Rio do Sul,0.896113889957676,0.391304347826087,23
Brazil.regions.SE:Itabaiana,0.8845709888418622,0.43478260869565216,23
Saint_Vincent_and_the_Grenadines,0.8730280877260485,0.4782608695652174,23
Brazil.regions.PE:Chã de Alegria,0.849942285494421,0.5652173913043478,23
Brazil.regions.SP:Cruzeiro,0.849942285494421,0.5652173913043478,23
Brazil.regions.SP:Itu,0.849942285494421,0.5652173913043478,23
Brazil.regions.CE:Pindoretama,0.8037706810311658,0.7391304347826086,23
Brazil.regions.MG:Pouso Alegre,0.7345132743362832,1.0,23
Brazil.regions.RJ:Paracambi,0.5729126587148903,1.608695652173913,23
Cayman_Islands,0.4921123509041938,1.9130434782608696,23
Brazil.regions.CE:Pacajus,0.39976914197768376,2.260869565217391,23
Brazil.regions.RS:Xangri-lá,0.9051833122629582,0.35714285714285715,14
Brazil.regions.MG:Juatuba,0.911504424778761,0.3333333333333333,12
