region,similarity,distance,days
Brazil.regions.MG:Varginha,0.9448677722994173,0.6666666666666666,3
Brazil.regions.PI:Parnaíba,0.9448677722994173,0.6666666666666666,3
Brazil.regions.SP:Serrana,0.9448677722994173,0.6666666666666666,3
Brazil.regions.AL:Satuba,0.9031824294038547,1.0,3
Brazil.regions.BA:Candeias,0.9031824294038547,1.0,3
Brazil.regions.MG:Divinópolis,0.9031824294038547,1.0,3
Brazil.regions.MG:Nova Serrana,0.9031824294038547,1.0,3
Brazil.regions.PA:Benevides,0.9031824294038547,1.0,3
Brazil.regions.PB:Guarabira,0.9031824294038547,1.0,3
Brazil.regions.PR:Londrina,0.9031824294038547,1.0,3
Brazil.regions.PR:São José dos Pinhais,0.9031824294038547,1.0,3
Brazil.regions.RJ:Barra Mansa,0.9031824294038547,1.0,3
Brazil.regions.RS:Tramandaí,0.9031824294038547,1.0,3
Brazil.regions.SC:Jaraguá do Sul,0.9031824294038547,1.0,3
Brazil.regions.SC:Timbó,0.9031824294038547,1.0,3
Brazil.regions.SE:Barra dos Coqueiros,0.9031824294038547,1.0,3
Brazil.regions.SP:Américo Brasiliense,0.9031824294038547,1.0,3
Curaçao,0.9031824294038547,1.0,3
Grenada,0.9031824294038547,1.0,3
Brazil.regions.MG:Itajubá,0.8614970865082923,1.3333333333333333,3
Brazil.regions.PE:Itapissuma,0.8614970865082923,1.3333333333333333,3
Brazil.regions.SC:Chapecó,0.8614970865082923,1.3333333333333333,3
Brazil.regions.SC:Tubarão,0.8614970865082923,1.3333333333333333,3
Brazil.regions.MG:Conselheiro Lafaiete,0.5696996862393546,3.6666666666666665,3
Brazil.regions.SP:Bragança Paulista,0.31958762886597936,5.666666666666667,3
