region,similarity,distance,days
Brazil.regions.SP:Santana de Parnaíba,0.5006428387760349,2.7358490566037736,53
Brazil.regions.SP:Cotia,0.0,4.962264150943396,53
Brazil.regions.SP:Paulínia,0.594561583954744,2.3181818181818183,44
Brazil.regions.SP:Nova Odessa,0.5562917471460948,2.488372093023256,43
Brazil.regions.SP:Indaiatuba,0.48942989383976776,2.7857142857142856,42
Brazil.regions.MG:João Monlevade,0.8182241011601349,1.3235294117647058,34
Brazil.regions.MG:São Lourenço,0.80239136024685,1.393939393939394,33
Brazil.regions.PE:Abreu e Lima,0.24363589611725367,3.878787878787879,33
