region,similarity,distance,days
Brazil.regions.SC:Porto Belo,0.9156862745098039,0.3333333333333333,33
Brazil.regions.RS:São Sebastião do Caí,0.9080213903743315,0.36363636363636365,33
Brazil.regions.RS:Torres,0.9003565062388592,0.3939393939393939,33
Brazil.regions.SC:Cocal do Sul,0.9003565062388592,0.3939393939393939,33
Brazil.regions.SC:Balneário Piçarras,0.8926916221033868,0.42424242424242425,33
Brazil.regions.SC:Araranguá,0.8850267379679144,0.45454545454545453,33
Brazil.regions.SP:Tatuí,0.8850267379679144,0.45454545454545453,33
Brazil.regions.ES:Cachoeiro de Itapemirim,0.8620320855614974,0.5454545454545454,33
Brazil.regions.PB:Patos,0.8467023172905526,0.6060606060606061,33
Brazil.regions.PE:Macaparana,0.8467023172905526,0.6060606060606061,33
Brazil.regions.SP:Pindamonhangaba,0.8390374331550803,0.6363636363636364,33
Brazil.regions.SP:Assis,0.8237076648841355,0.696969696969697,33
Brazil.regions.SP:Votuporanga,0.8160427807486631,0.7272727272727273,33
Brazil.regions.RJ:Tanguá,0.7777183600713012,0.8787878787878788,33
Brazil.regions.PE:Arcoverde,0.6627450980392158,1.3333333333333333,33
Brazil.regions.SP:Birigui,0.6550802139037434,1.3636363636363635,33
Brazil.regions.RJ:Teresópolis,0.6014260249554367,1.5757575757575757,33
Liechtenstein,0.40980392156862744,2.3333333333333335,33
Brazil.regions.SP:Araraquara,0.3638146167557933,2.515151515151515,33
Brazil.regions.PR:Paiçandu,0.928860294117647,0.28125,32
Brazil.regions.SP:Porto Ferreira,0.9051470588235294,0.375,32
Brazil.regions.PR:Apucarana,0.7470588235294118,1.0,29
Brazil.regions.SP:Mairinque,0.8554621848739496,0.5714285714285714,28
Brazil.regions.BA:Irecê,0.9250544662309368,0.2962962962962963,27
Brazil.regions.CE:Uruburetama,0.7091176470588236,1.15,20
Brazil.regions.SP:Barrinha,0.920123839009288,0.3157894736842105,19
Brazil.regions.SP:Barra Bonita,0.7892156862745098,0.8333333333333334,18
Brazil.regions.SP:Bom Jesus dos Perdões,0.9404844290657439,0.23529411764705882,17
Brazil.regions.SP:Holambra,0.8363321799307959,0.6470588235294118,17
Brazil.regions.MG:Raposos,0.8988235294117647,0.4,10
Brazil.regions.PB:Nova Floresta,0.9051470588235294,0.375,8
Brazil.regions.PB:São Sebastião de Lagoa de Roça,0.819327731092437,0.7142857142857143,7
Brazil.regions.AL:Cajueiro,1.0,0.0,2
Brazil.regions.RS:Portão,0.49411764705882355,2.0,1
