region,similarity,distance,days
Brazil.regions.BA:Lauro de Freitas,-2.220446049250313e-16,22.846153846153847,39
Brazil.regions.PB:Bayeux,0.24290701602913023,17.61764705882353,34
Brazil.regions.SP:Várzea Paulista,0.29814932992980225,16.428571428571427,28
