region,similarity,distance,days
Brazil.regions.MG:Barbacena,0.9802884615384615,0.25,20
Brazil.regions.SC:Biguaçu,0.9802884615384615,0.25,20
Brazil.regions.MG:Itaúna,0.9763461538461539,0.3,20
Brazil.regions.RS:Charqueadas,0.9763461538461539,0.3,20
Brazil.regions.RS:Estrela,0.9763461538461539,0.3,20
Brazil.regions.RS:Santa Cruz do Sul,0.9763461538461539,0.3,20
Brazil.regions.SP:Campos do Jordão,0.9763461538461539,0.3,20
Brazil.regions.GO:Cidade Ocidental,0.9724038461538461,0.35,20
Brazil.regions.PR:Ibiporã,0.9724038461538461,0.35,20
Brazil.regions.RS:Teutônia,0.9724038461538461,0.35,20
Brazil.regions.SP:Mogi Guaçu,0.9724038461538461,0.35,20
Brazil.regions.MG:Guaxupé,0.9684615384615385,0.4,20
Brazil.regions.PA:Castanhal,0.9684615384615385,0.4,20
Brazil.regions.PE:Goiana,0.9684615384615385,0.4,20
Brazil.regions.MG:Lavras,0.9645192307692307,0.45,20
Brazil.regions.RJ:Mendes,0.9645192307692307,0.45,20
Brazil.regions.SP:Mogi Mirim,0.9645192307692307,0.45,20
Brazil.regions.GO:Trindade,0.9605769230769231,0.5,20
Brazil.regions.PE:Bom Jardim,0.9605769230769231,0.5,20
Brazil.regions.SP:São João da Boa Vista,0.9605769230769231,0.5,20
Brazil.regions.SC:Gaspar,0.9566346153846154,0.55,20
Brazil.regions.PE:Palmares,0.9526923076923077,0.6,20
Brazil.regions.PE:Timbaúba,0.9448076923076923,0.7,20
Brazil.regions.PR:Paranaguá,0.936923076923077,0.8,20
Brazil.regions.PA:Salinópolis,0.9093269230769231,1.15,20
Brazil.regions.PE:Ipojuca,0.9014423076923077,1.25,20
Brazil.regions.PB:Santa Rita,0.8304807692307692,2.15,20
Brazil.regions.MA:Imperatriz,0.8225961538461539,2.25,20
Brazil.regions.MT:Cuiabá,0.8147115384615384,2.35,20
Brazil.regions.PI:Água Branca,0.9004048582995952,1.263157894736842,19
Brazil.regions.SP:Engenheiro Coelho,0.9518162393162393,0.6111111111111112,18
Brazil.regions.SP:Cordeirópolis,0.9299145299145299,0.8888888888888888,18
Brazil.regions.BA:Itaparica,0.9802884615384615,0.25,16
Brazil.regions.RJ:Cordeiro,0.9655048076923077,0.4375,16
Brazil.regions.SE:Maruim,0.9556490384615385,0.5625,16
Brazil.regions.SE:Laranjeiras,0.9474358974358974,0.6666666666666666,12
Brazil.regions.AL:Campo Alegre,0.9641608391608392,0.45454545454545453,11
Brazil.regions.PE:Barreiros,0.9211538461538462,1.0,11
Brazil.regions.BA:Governador Mangabeira,0.9842307692307692,0.2,10
Brazil.regions.PB:Puxinanã,1.0,0.0,2
