region,similarity,distance,days
Bahrain,0.0,29.893939393939394,66
Brazil.regions.RJ:Duque de Caxias,0.5614442545793156,15.408163265306122,49
Brazil.regions.RJ:Queimados,1.0,4.093023255813954,43
