region,similarity,distance,days
Brazil.regions.BA:Conceição do Jacuípe,1.0,0.0,14
Brazil.regions.SE:Itabaiana,1.0,0.0,14
Brazil.regions.SP:Santa Gertrudes,1.0,0.0,14
Saint_Vincent_and_the_Grenadines,1.0,0.0,14
Brazil.regions.CE:Pindoretama,0.9810366624525917,0.07142857142857142,14
Brazil.regions.SC:Rio do Sul,0.9810366624525917,0.07142857142857142,14
Brazil.regions.PE:Machados,0.9620733249051833,0.14285714285714285,14
Brazil.regions.SP:Itu,0.9620733249051833,0.14285714285714285,14
Brazil.regions.MG:Ubá,0.9241466498103666,0.2857142857142857,14
Brazil.regions.MG:Lagoa Santa,0.9051833122629582,0.35714285714285715,14
Brazil.regions.SP:Cruzeiro,0.9051833122629582,0.35714285714285715,14
Brazil.regions.PE:Chã de Alegria,0.8672566371681416,0.5,14
Brazil.regions.CE:Pacajus,0.8482932996207333,0.5714285714285714,14
Brazil.regions.RJ:Paracambi,0.8103666245259166,0.7142857142857143,14
Brazil.regions.MG:Pouso Alegre,0.6965865992414665,1.1428571428571428,14
Cayman_Islands,0.5828065739570164,1.5714285714285714,14
Brazil.regions.MG:Juatuba,1.0,0.0,12
