region,similarity,distance,days
Brazil.regions.RS:Campo Bom,0.2174745837630765,5.327272727272727,55
Brazil.regions.CE:Juazeiro do Norte,0.4587670975549023,3.849056603773585,53
Brazil.regions.SP:Caieiras,0.47833699930539486,3.7291666666666665,48
Brazil.regions.SP:Ribeirão Preto,0.02083815698078262,6.531914893617022,47
Brazil.regions.GO:Águas Lindas de Goiás,0.7098093694528055,2.311111111111111,45
Brazil.regions.RS:Novo Hamburgo,0.6047801469195311,2.9545454545454546,44
Brazil.regions.SP:Campo Limpo Paulista,0.7040892656775963,2.3461538461538463,26
