region,similarity,distance,days
Brazil.regions.SP:Vinhedo,0.536562645551933,4.846153846153846,39
Brazil.regions.RS:Estância Velha,0.4694923148579413,5.538461538461538,39
Brazil.regions.SP:Jundiaí,0.4694923148579413,5.538461538461538,39
Brazil.regions.MA:São José de Ribamar,0.3875174662319515,6.384615384615385,39
Brazil.regions.SP:Águas de São Pedro,0.5912901723334887,4.28125,32
