region,similarity,distance,days
Brazil.regions.RJ:Barra Mansa,0.9299801498367164,0.7857142857142857,42
Brazil.regions.SC:Jaraguá do Sul,0.9150925273740155,0.9047619047619048,42
Curaçao,0.9031824294038547,1.0,42
Grenada,0.9031824294038547,1.0,42
Brazil.regions.MG:Divinópolis,0.873407184478453,1.2380952380952381,42
Brazil.regions.PR:São José dos Pinhais,0.8704296599859128,1.2619047619047619,42
Brazil.regions.SC:Chapecó,0.8376768905679708,1.5238095238095237,42
Brazil.regions.SC:Tubarão,0.8346993660754306,1.5476190476190477,42
Brazil.regions.PI:Parnaíba,0.8227892681052699,1.6428571428571428,42
Brazil.regions.PR:Londrina,0.6411602740603188,3.0952380952380953,42
Brazil.regions.RS:Tramandaí,0.9489346350209356,0.6341463414634146,41
Brazil.regions.MG:Varginha,0.8807364755370134,1.1794871794871795,39
Brazil.regions.PA:Benevides,0.7717132710409268,2.051282051282051,39
Brazil.regions.SC:Timbó,0.855863932062946,1.3783783783783783,37
Brazil.regions.SP:Bragança Paulista,0.6357014791573286,3.138888888888889,36
Brazil.regions.MG:Itajubá,0.9145511592844627,0.9090909090909091,33
Brazil.regions.SP:Américo Brasiliense,0.9031824294038547,1.0,32
Brazil.regions.MG:Nova Serrana,0.9435230838189153,0.6774193548387096,31
Brazil.regions.PE:Itapissuma,0.840654415060511,1.5,30
Brazil.regions.AL:Satuba,0.8298737229323483,1.5862068965517242,29
Brazil.regions.MG:Conselheiro Lafaiete,0.9320415129469365,0.7692307692307693,26
Brazil.regions.SP:Serrana,0.8881757059614522,1.12,25
Brazil.regions.PB:Guarabira,0.39045271178843577,5.1,20
Brazil.regions.SE:Barra dos Coqueiros,0.7487014527908877,2.235294117647059,17
Brazil.regions.SE:Carmópolis,0.9031824294038547,1.0,3
