region,similarity,distance,days
Brazil.regions.PI:Teresina,0.4756450792942257,10.61111111111111,54
Mauritius,0.34261801138265824,13.226415094339623,53
Brazil.regions.MG:Timóteo,0.56058606904429,8.941176470588236,51
Brazil.regions.RS:Gravataí,0.6011924689527637,8.142857142857142,49
Brazil.regions.PR:Almirante Tamandaré,0.6794330989844883,6.604651162790698,43
Brazil.regions.RJ:Magé,0.7368926459100547,5.475,40
Brazil.regions.CE:Pacatuba,0.7459314687972204,5.297297297297297,37
