region,similarity,distance,days
Saint_Lucia,0.9767499077377291,0.38181818181818183,55
Brazil.regions.RS:Caxias do Sul,0.9313568704637717,1.1272727272727272,55
Brazil.regions.MG:Poços de Caldas,0.965042850699143,0.5740740740740741,54
Guam,0.8229589535408209,2.9074074074074074,54
Brazil.regions.MT:Várzea Grande,0.943882830534108,0.9215686274509803,51
United_States_Virgin_Islands,0.9092817099776311,1.489795918367347,49
Brazil.regions.SP:Mairiporã,0.9035859269282814,1.5833333333333333,48
Brazil.regions.RN:Passa e Fica,0.9986468200270636,0.022222222222222223,45
Brazil.regions.CE:Caucaia,0.012178619756427644,16.22222222222222,45
Brazil.regions.SP:Itupeva,0.9806249231147742,0.3181818181818182,44
Brazil.regions.RJ:Seropédica,0.9612498462295486,0.6363636363636364,44
Brazil.regions.SP:Piracicaba,0.7550436708082175,4.0227272727272725,44
Brazil.regions.PR:Matinhos,0.9971677628473424,0.046511627906976744,43
Brazil.regions.RJ:São Pedro da Aldeia,0.933307558476706,1.0952380952380953,42
Brazil.regions.SP:Águas de Lindóia,0.99108881481237,0.14634146341463414,41
Brazil.regions.PR:Araucária,0.9866332222185551,0.21951219512195122,41
Brazil.regions.PR:Arapongas,0.9717812469058384,0.4634146341463415,41
Brazil.regions.SP:Atibaia,0.9269282814614344,1.2,40
Brazil.regions.SP:São Roque,0.9509472259810555,0.8055555555555556,36
Brazil.regions.SP:Sertãozinho,0.9634641407307172,0.6,35
Brazil.regions.PE:Moreno,0.878213802435724,2.0,35
Brazil.regions.SP:Artur Nogueira,0.9892541590384463,0.17647058823529413,34
Brazil.regions.PE:Garanhuns,0.9206544470414565,1.303030303030303,33
Brazil.regions.PE:Santa Cruz do Capibaribe,0.9783927713998865,0.3548387096774194,31
Brazil.regions.PE:São José da Coroa Grande,0.949255751014885,0.8333333333333334,30
Brazil.regions.SP:Aparecida,0.995128552097429,0.08,25
Brazil.regions.RJ:Pinheiral,0.949255751014885,0.8333333333333334,24
Brazil.regions.ES:Piúma,0.9416441136671178,0.9583333333333334,24
Brazil.regions.PE:Condado,0.932697101346058,1.105263157894737,19
Brazil.regions.ES:Marataízes,0.7492637108970788,4.117647058823529,17
Brazil.regions.SE:Pedrinhas,1.0,0.0,2
