region,similarity,distance,days
Brazil.regions.PR:Araucária,0.9206544470414565,1.303030303030303,33
Brazil.regions.SE:Propriá,0.9206544470414565,1.303030303030303,33
Brazil.regions.RN:Passa e Fica,0.918809201623816,1.3333333333333333,33
Brazil.regions.MT:Várzea Grande,0.9169639562061754,1.3636363636363635,33
Brazil.regions.PR:Matinhos,0.9169639562061754,1.3636363636363635,33
Brazil.regions.SP:Itupeva,0.9169639562061754,1.3636363636363635,33
Brazil.regions.SP:Sertãozinho,0.9151187107885349,1.393939393939394,33
Brazil.regions.SP:Artur Nogueira,0.9132734653708943,1.4242424242424243,33
Brazil.regions.SP:Águas de Lindóia,0.9132734653708943,1.4242424242424243,33
Brazil.regions.SP:São Roque,0.9114282199532537,1.4545454545454546,33
Brazil.regions.RJ:Seropédica,0.9095829745356132,1.4848484848484849,33
Brazil.regions.MG:Poços de Caldas,0.9077377291179727,1.5151515151515151,33
Saint_Lucia,0.9040472382826916,1.5757575757575757,33
Brazil.regions.RJ:São Pedro da Aldeia,0.9022019928650511,1.606060606060606,33
Brazil.regions.PR:Arapongas,0.8948210111944889,1.7272727272727273,33
Brazil.regions.SP:Mairiporã,0.8874400295239266,1.8484848484848484,33
Brazil.regions.RS:Caxias do Sul,0.8726780661828023,2.090909090909091,33
Brazil.regions.SP:Atibaia,0.8726780661828023,2.090909090909091,33
United_States_Virgin_Islands,0.8486898757534752,2.484848484848485,33
Brazil.regions.SP:Piracicaba,0.8468446303358347,2.515151515151515,33
Brazil.regions.PE:Moreno,0.8302374215770697,2.787878787878788,33
Guam,0.7305941690244803,4.424242424242424,33
Brazil.regions.CE:Caucaia,0.49993849181941197,8.212121212121213,33
Brazil.regions.PE:Santa Cruz do Capibaribe,0.9469640752542668,0.8709677419354839,31
Brazil.regions.PE:São José da Coroa Grande,0.918809201623816,1.3333333333333333,30
Brazil.regions.SP:Aparecida,0.9537212449255751,0.76,25
Brazil.regions.RJ:Pinheiral,0.9264208389715832,1.2083333333333333,24
Brazil.regions.ES:Piúma,0.9137347767253045,1.4166666666666667,24
Brazil.regions.PE:Condado,0.916672601666548,1.368421052631579,19
Brazil.regions.ES:Marataízes,0.7600095518586325,3.9411764705882355,17
Brazil.regions.SE:Pedrinhas,0.969553450608931,0.5,2
