region,similarity,distance,days
Brazil.regions.RS:Dois Irmãos,0.7571651526082539,1.8478260869565217,46
Brazil.regions.MG:Coronel Fabriciano,0.7389051664482693,1.9782608695652173,46
Brazil.regions.SP:Taubaté,0.6962985320749717,2.282608695652174,46
Brazil.regions.BA:Feira de Santana,0.6780385459149869,2.4130434782608696,46
Brazil.regions.GO:Senador Canedo,0.7148628513376227,2.15,40
Brazil.regions.RJ:Itaguaí,0.6378665763630207,2.7,40
Brazil.regions.PR:Piraquara,0.6999661361327464,2.2564102564102564,39
Brazil.regions.PE:Cabo de Santo Agostinho,0.0,7.256410256410256,39
Brazil.regions.SP:Jacareí,0.63186686662474,2.742857142857143,35
Brazil.regions.SC:Capivari de Baixo,0.801192008127328,1.5333333333333334,30
Brazil.regions.RJ:Armação dos Búzios,0.8108582071501137,1.4642857142857142,28
Brazil.regions.MG:São José da Lapa,0.8454217523815133,1.2173913043478262,23
Brazil.regions.SP:Cosmópolis,0.7918591263122248,1.6,15
