region,similarity,distance,days
Brazil.regions.SP:Santana de Parnaíba,0.802489724633304,1.372093023255814,43
Brazil.regions.SC:Itajaí,0.5730568723490866,2.3488372093023258,43
Brazil.regions.SP:Cotia,0.2616837156776489,3.6744186046511627,43
Brazil.regions.SP:Nova Odessa,0.9178564706515017,0.8809523809523809,42
Brazil.regions.SP:Indaiatuba,0.7810386855986007,1.4634146341463414,41
Brazil.regions.MG:João Monlevade,0.9326009958421025,0.8181818181818182,33
Brazil.regions.PE:Abreu e Lima,0.1638519583183614,4.090909090909091,33
Brazil.regions.MG:São Lourenço,0.9632975719932242,0.6875,32
