region,similarity,distance,days
Brazil.regions.RS:Ivoti,0.1703662597114317,4.339622641509434,53
Brazil.regions.BA:Camaçari,0.13068812430632637,4.547169811320755,53
Brazil.regions.RJ:Petrópolis,0.0,5.230769230769231,52
Brazil.regions.PE:Caruaru,0.3920588235294118,3.18,50
Brazil.regions.SC:Camboriú,0.350796568627451,3.3958333333333335,48
Brazil.regions.SP:Itatiba,0.5521008403361345,2.342857142857143,35
Brazil.regions.RJ:Porto Real,0.5357142857142858,2.4285714285714284,35
Brazil.regions.PE:Igarassu,0.18613445378151272,4.257142857142857,35
Brazil.regions.MA:Raposa,0.49394463667820077,2.6470588235294117,34
Brazil.regions.SP:Ourinhos,0.5101102941176471,2.5625,32
Brazil.regions.PE:Ilha de Itamaracá,0.6517857142857143,1.8214285714285714,28
Brazil.regions.SP:Mongaguá,0.5698529411764706,2.25,28
Brazil.regions.PE:Lagoa de Itaenga,0.6635294117647059,1.76,25
Brazil.regions.BA:Santo Antônio de Jesus,0.8470588235294118,0.8,10
Brazil.regions.MG:Igarapé,0.8088235294117647,1.0,10
