region,similarity,distance,days
Brazil.regions.SP:Vargem Grande Paulista,1.0,0.6666666666666666,51
Sint_Maarten,0.44385026737967914,1.6862745098039216,51
Brazil.regions.MG:Betim,0.9272727272727272,0.8,50
Brazil.regions.SP:Ribeirão Pires,0.23863636363636354,2.0625,48
Brazil.regions.PA:Marituba,0.23376623376623362,2.0714285714285716,42
Brazil.regions.RJ:Japeri,0.38181818181818183,1.8,35
