region,similarity,distance,days
Brazil.regions.RJ:Seropédica,0.9375455397106277,1.0256410256410255,39
Brazil.regions.PR:Arapongas,0.9359841782033933,1.0512820512820513,39
Saint_Lucia,0.9359841782033933,1.0512820512820513,39
Brazil.regions.SE:Propriá,0.934422816696159,1.0769230769230769,39
Brazil.regions.SP:Águas de Lindóia,0.934422816696159,1.0769230769230769,39
Brazil.regions.PR:Araucária,0.9328614551889247,1.1025641025641026,39
Brazil.regions.RN:Passa e Fica,0.9328614551889247,1.1025641025641026,39
Brazil.regions.PR:Matinhos,0.9313000936816904,1.1282051282051282,39
Brazil.regions.MT:Várzea Grande,0.9266160091599875,1.205128205128205,39
Brazil.regions.MG:Poços de Caldas,0.9234932861455188,1.2564102564102564,39
Brazil.regions.SP:Itupeva,0.9219319246382846,1.2820512820512822,39
Brazil.regions.RS:Caxias do Sul,0.9203705631310503,1.3076923076923077,39
Brazil.regions.RJ:São Pedro da Aldeia,0.9016342250442386,1.6153846153846154,39
Brazil.regions.SP:Mairiporã,0.8969501405225356,1.6923076923076923,39
United_States_Virgin_Islands,0.8688456333923181,2.1538461538461537,39
Guam,0.7845321120016655,3.5384615384615383,39
Brazil.regions.SP:Piracicaba,0.7736025814510252,3.717948717948718,39
Brazil.regions.CE:Caucaia,0.17716248568751947,13.512820512820513,39
Brazil.regions.SP:São Roque,0.8956118306591919,1.7142857142857142,35
Brazil.regions.PE:Moreno,0.86951478832399,2.142857142857143,35
Brazil.regions.SP:Sertãozinho,0.9068693783332007,1.5294117647058822,34
Brazil.regions.SP:Artur Nogueira,0.9372616558002215,1.0303030303030303,33
Brazil.regions.PE:Garanhuns,0.8726780661828023,2.090909090909091,33
Brazil.regions.PE:Santa Cruz do Capibaribe,0.9253568466541534,1.2258064516129032,31
Brazil.regions.PE:São José da Coroa Grande,0.8985115020297699,1.6666666666666667,30
Brazil.regions.SP:Aparecida,0.939106901217862,1.0,24
Brazil.regions.RJ:Pinheiral,0.908660351826793,1.5,24
Brazil.regions.ES:Piúma,0.917926692945814,1.3478260869565217,23
Brazil.regions.PE:Condado,0.916672601666548,1.368421052631579,19
Brazil.regions.ES:Marataízes,0.805903247631935,3.1875,16
Brazil.regions.SE:Pedrinhas,0.939106901217862,1.0,2
