region,similarity,distance,days
Brazil.regions.ES:Cachoeiro de Itapemirim,0.8253501400560224,0.6904761904761905,42
Brazil.regions.SC:Porto Belo,0.8133053221288515,0.7380952380952381,42
Brazil.regions.SP:Tatuí,0.7892156862745098,0.8333333333333334,42
Brazil.regions.RS:Torres,0.7831932773109244,0.8571428571428571,42
Brazil.regions.RJ:Teresópolis,0.5663865546218487,1.7142857142857142,42
Liechtenstein,0.5663865546218487,1.7142857142857142,42
Brazil.regions.PB:Patos,0.41582633053221296,2.3095238095238093,42
Brazil.regions.RS:São Sebastião do Caí,0.8210903873744619,0.7073170731707317,41
Brazil.regions.SP:Assis,0.7470588235294118,1.0,40
Brazil.regions.SP:Araraquara,0.27279411764705885,2.875,40
Brazil.regions.SC:Araranguá,0.773001508295626,0.8974358974358975,39
Brazil.regions.RJ:Tanguá,0.6718600953895071,1.2972972972972974,37
Brazil.regions.SP:Birigui,0.7400326797385621,1.0277777777777777,36
Brazil.regions.PE:Macaparana,0.7976470588235294,0.8,35
Brazil.regions.SP:Pindamonhangaba,0.7976470588235294,0.8,35
Brazil.regions.PE:Arcoverde,0.6577854671280277,1.3529411764705883,34
Brazil.regions.SC:Cocal do Sul,0.8237076648841355,0.696969696969697,33
Brazil.regions.PE:João Alfredo,0.8160427807486631,0.7272727272727273,33
Brazil.regions.SC:Balneário Piçarras,0.8160427807486631,0.7272727272727273,33
Brazil.regions.PR:Paiçandu,0.8419117647058824,0.625,32
Brazil.regions.SP:Porto Ferreira,0.8340073529411764,0.65625,32
Brazil.regions.PR:Apucarana,0.7383367139959431,1.0344827586206897,29
Brazil.regions.SP:Mairinque,0.8012605042016807,0.7857142857142857,28
Brazil.regions.BA:Irecê,0.8688453159041394,0.5185185185185185,27
Brazil.regions.CE:Uruburetama,0.6711764705882353,1.3,20
Brazil.regions.SP:Barrinha,0.8934984520123839,0.42105263157894735,19
Brazil.regions.SP:Barra Bonita,0.7751633986928105,0.8888888888888888,18
Brazil.regions.SP:Holambra,0.895847750865052,0.4117647058823529,17
Brazil.regions.SP:Bom Jesus dos Perdões,0.8809688581314878,0.47058823529411764,17
Brazil.regions.MG:Raposos,0.9241176470588235,0.3,10
Brazil.regions.PB:Nova Floresta,0.9367647058823529,0.25,8
Brazil.regions.PB:São Sebastião de Lagoa de Roça,0.8554621848739496,0.5714285714285714,7
Brazil.regions.AL:Cajueiro,1.0,0.0,2
Brazil.regions.RS:Portão,0.49411764705882355,2.0,1
