region,similarity,distance,days
Brazil.regions.SP:Jaguariúna,0.8689126866254984,1.4181818181818182,55
Brazil.regions.GO:Anápolis,0.8229500508090362,1.6363636363636365,55
Brazil.regions.SP:Rio Claro,0.8710232158211522,1.4081632653061225,49
Brazil.regions.RN:São Gonçalo do Amarante,0.7416642782077004,2.022222222222222,45
Brazil.regions.CE:Horizonte,0.3804588858216047,3.736842105263158,38
Brazil.regions.SP:Catanduva,0.8107146269227095,1.6944444444444444,36
Brazil.regions.SP:Presidente Prudente,0.7463456577815993,2.0,35
Brazil.regions.PE:Vitória de Santo Antão,0.02407566638005143,5.428571428571429,35
