region,similarity,distance,days
Brazil.regions.BA:Irecê,0.970242214532872,0.11764705882352941,17
Brazil.regions.ES:Cachoeiro de Itapemirim,0.970242214532872,0.11764705882352941,17
Brazil.regions.PR:Paiçandu,0.970242214532872,0.11764705882352941,17
Brazil.regions.RS:São Sebastião do Caí,0.9553633217993079,0.17647058823529413,17
Brazil.regions.SC:Cocal do Sul,0.9553633217993079,0.17647058823529413,17
Brazil.regions.SP:Barrinha,0.9553633217993079,0.17647058823529413,17
Brazil.regions.PB:Patos,0.9404844290657439,0.23529411764705882,17
Brazil.regions.PE:João Alfredo,0.9404844290657439,0.23529411764705882,17
Brazil.regions.SC:Balneário Piçarras,0.9404844290657439,0.23529411764705882,17
Brazil.regions.SC:Porto Belo,0.9404844290657439,0.23529411764705882,17
Brazil.regions.SP:Porto Ferreira,0.9404844290657439,0.23529411764705882,17
Brazil.regions.SC:Araranguá,0.9256055363321799,0.29411764705882354,17
Brazil.regions.SP:Tatuí,0.9256055363321799,0.29411764705882354,17
Brazil.regions.SP:Assis,0.9107266435986159,0.35294117647058826,17
Brazil.regions.PE:Macaparana,0.895847750865052,0.4117647058823529,17
Brazil.regions.SP:Mairinque,0.8809688581314878,0.47058823529411764,17
Brazil.regions.SP:Pindamonhangaba,0.8809688581314878,0.47058823529411764,17
Brazil.regions.SP:Votuporanga,0.8809688581314878,0.47058823529411764,17
Brazil.regions.SP:Birigui,0.8660899653979239,0.5294117647058824,17
Brazil.regions.RS:Torres,0.8512110726643598,0.5882352941176471,17
Brazil.regions.RJ:Tanguá,0.8363321799307959,0.6470588235294118,17
Brazil.regions.SP:Holambra,0.8363321799307959,0.6470588235294118,17
Brazil.regions.SP:Barra Bonita,0.8214532871972318,0.7058823529411765,17
Brazil.regions.RJ:Teresópolis,0.8065743944636679,0.7647058823529411,17
Brazil.regions.PE:Arcoverde,0.7916955017301038,0.8235294117647058,17
Brazil.regions.PR:Apucarana,0.7916955017301038,0.8235294117647058,17
Brazil.regions.CE:Uruburetama,0.7321799307958478,1.0588235294117647,17
Liechtenstein,0.47923875432525964,2.0588235294117645,17
Brazil.regions.SP:Araraquara,0.33044982698961944,2.6470588235294117,17
Brazil.regions.MG:Raposos,0.9494117647058824,0.2,10
Brazil.regions.PB:Nova Floresta,0.9683823529411765,0.125,8
Brazil.regions.PB:São Sebastião de Lagoa de Roça,0.8915966386554622,0.42857142857142855,7
Brazil.regions.AL:Cajueiro,1.0,0.0,2
Brazil.regions.RS:Portão,0.49411764705882355,2.0,1
