region,similarity,distance,days
Brazil.regions.RS:Imbé,0.9186153846153846,0.92,25
Brazil.regions.RS:Sapiranga,0.9186153846153846,0.92,25
Brazil.regions.SP:Franca,0.9115384615384615,1.0,25
Brazil.regions.PE:Carpina,0.9009230769230769,1.12,25
Brazil.regions.SP:Cajamar,0.8973846153846154,1.16,25
Brazil.regions.RJ:Iguaba Grande,0.8832307692307693,1.32,25
Brazil.regions.RJ:Itaboraí,0.8124615384615385,2.12,25
Aruba,0.7664615384615385,2.64,25
Brazil.regions.SP:Bauru,0.716923076923077,3.2,25
San_Marino,0.45153846153846156,6.2,25
Brazil.regions.GO:Novo Gama,0.9068825910931174,1.0526315789473684,19
Brazil.regions.SC:Bombinhas,0.9494505494505494,0.5714285714285714,7
