region,similarity,distance,days
Barbados,0.5379375030853532,3.8297872340425534,47
Brazil.regions.SP:São José dos Campos,0.3967517401392111,5.0,47
Brazil.regions.SC:Blumenau,0.36338055980648665,5.276595744680851,47
Brazil.regions.RJ:Rio das Ostras,0.6709554946213878,2.727272727272727,44
Brazil.regions.SP:Votorantim,0.7502832784762316,2.0697674418604652,43
Brazil.regions.CE:Eusébio,0.2937581347971252,5.853658536585366,41
Brazil.regions.BA:Simões Filho,0.7333007693247038,2.210526315789474,38
Brazil.regions.AL:Arapiraca,0.7538747099767982,2.04,25
Brazil.regions.BA:Madre de Deus,0.9827643354325489,0.14285714285714285,7
