region,similarity,distance,days
Brazil.regions.BA:Camaçari,0.7222530521642619,1.4528301886792452,53
Brazil.regions.MG:Juiz de Fora,0.1703662597114317,4.339622641509434,53
Brazil.regions.RJ:Petrópolis,0.26470588235294124,3.8461538461538463,52
Brazil.regions.PE:Caruaru,0.6902941176470588,1.62,50
Brazil.regions.SC:Camboriú,0.6734068627450981,1.7083333333333333,48
Brazil.regions.RJ:Porto Real,0.961764705882353,0.2,35
Brazil.regions.SP:Itatiba,0.9016806722689076,0.5142857142857142,35
Brazil.regions.PE:Igarassu,0.19705882352941173,4.2,35
Brazil.regions.MA:Raposa,0.8200692041522492,0.9411764705882353,34
Brazil.regions.SP:Ourinhos,0.8327205882352942,0.875,32
Brazil.regions.SP:Mongaguá,0.8839285714285714,0.6071428571428571,28
Brazil.regions.PE:Ilha de Itamaracá,0.8566176470588236,0.75,28
Brazil.regions.PE:Lagoa de Itaenga,0.9388235294117647,0.32,25
Brazil.regions.BA:Santo Antônio de Jesus,0.961764705882353,0.2,10
Brazil.regions.MG:Igarapé,0.8852941176470588,0.6,10
