region,similarity,distance,days
Brazil.regions.MG:Timóteo,1.0,0.3023255813953488,43
Brazil.regions.RS:Gravataí,0.979890637205669,0.6976744186046512,43
Brazil.regions.SP:Mogi das Cruzes,0.6794330989844883,6.604651162790698,43
Mauritius,0.609641781051222,7.976744186046512,43
Brazil.regions.PI:Teresina,0.5575940185247182,9.0,43
Brazil.regions.RJ:Magé,0.7343494029684188,5.525,40
Brazil.regions.CE:Pacatuba,0.8077941349451225,4.081081081081081,37
