region,similarity,distance,days
Brazil.regions.MG:Divinópolis,0.9547443697299605,0.5555555555555556,36
Brazil.regions.RS:Tramandaí,0.9547443697299605,0.5555555555555556,36
Brazil.regions.RJ:Barra Mansa,0.9406019852705731,0.6666666666666666,36
Brazil.regions.SC:Chapecó,0.9335307930408795,0.7222222222222222,36
Brazil.regions.SC:Jaraguá do Sul,0.9335307930408795,0.7222222222222222,36
Brazil.regions.BA:Candeias,0.922924004696339,0.8055555555555556,36
Curaçao,0.9158528124666453,0.8611111111111112,36
Brazil.regions.PR:São José dos Pinhais,0.9123172163517985,0.8888888888888888,36
Grenada,0.9123172163517985,0.8888888888888888,36
Brazil.regions.MG:Varginha,0.9052460241221048,0.9444444444444444,36
Brazil.regions.PI:Parnaíba,0.8981748318924111,1.0,36
Brazil.regions.SC:Tubarão,0.8698900629736365,1.2222222222222223,36
Brazil.regions.PA:Benevides,0.7602865834133845,2.0833333333333335,36
Brazil.regions.PR:Londrina,0.6860390650016011,2.6666666666666665,36
Brazil.regions.SP:Bragança Paulista,0.6581583642102373,2.8857142857142857,35
Brazil.regions.MG:Itajubá,0.9459053794428434,0.625,32
Brazil.regions.SP:Américo Brasiliense,0.931021660314214,0.7419354838709677,31
Brazil.regions.MG:Nova Serrana,0.9533301312840218,0.5666666666666667,30
Brazil.regions.PE:Itapissuma,0.8642331091898815,1.2666666666666666,30
Brazil.regions.AL:Satuba,0.8936290654590366,1.0357142857142858,28
Brazil.regions.MG:Conselheiro Lafaiete,0.8879923150816522,1.08,25
Brazil.regions.SP:Serrana,0.8557476785142492,1.3333333333333333,24
Brazil.regions.PB:Guarabira,0.4560392335305121,4.473684210526316,19
Brazil.regions.SE:Barra dos Coqueiros,0.7634062270441319,2.0588235294117645,17
Brazil.regions.SE:Carmópolis,0.8981748318924111,1.0,3
