region,similarity,distance,days
Brazil.regions.SP:Jaguariúna,0.898300911105639,1.2,55
Brazil.regions.PR:Foz do Iguaçu,0.8080410109466992,1.6363636363636365,55
Brazil.regions.SP:Rio Claro,0.9095050480177297,1.1458333333333333,48
Brazil.regions.RN:São Gonçalo do Amarante,0.7833866863662481,1.7555555555555555,45
Brazil.regions.CE:Horizonte,0.44977254759652163,3.3684210526315788,38
Brazil.regions.SP:Catanduva,0.880571287860133,1.2857142857142858,35
Brazil.regions.PE:Vitória de Santo Antão,0.06500861856685558,5.228571428571429,35
Brazil.regions.SP:Presidente Prudente,0.7814939814881875,1.7647058823529411,34
