region,similarity,distance,days
Brazil.regions.RS:Estância Velha,0.42595108695652184,6.0,49
Brazil.regions.SP:Vinhedo,0.5140609201213346,5.093023255813954,43
Brazil.regions.MA:Paço do Lumiar,0.470788043478261,5.538461538461538,39
Brazil.regions.MA:São José de Ribamar,0.22916666666666674,8.025641025641026,39
Brazil.regions.SP:Águas de São Pedro,0.7321105072463767,2.8484848484848486,33
