region,similarity,distance,days
Brazil.regions.PR:Piraquara,0.7855106135811596,1.6470588235294117,34
Brazil.regions.GO:Senador Canedo,0.7772732073080579,1.7058823529411764,34
Brazil.regions.SP:Taubaté,0.7772732073080579,1.7058823529411764,34
Brazil.regions.MG:Coronel Fabriciano,0.7607983947618545,1.8235294117647058,34
Brazil.regions.RS:Dois Irmãos,0.7607983947618545,1.8235294117647058,34
Brazil.regions.BA:Feira de Santana,0.7566796916253037,1.8529411764705883,34
Brazil.regions.RJ:Itaguaí,0.7525609884887529,1.8823529411764706,34
Brazil.regions.SC:Brusque,0.6248811912556765,2.7941176470588234,34
Brazil.regions.PE:Cabo de Santo Agostinho,0.43542084697433736,4.147058823529412,34
Brazil.regions.SC:Capivari de Baixo,0.7505726490435214,1.896551724137931,29
Brazil.regions.RJ:Armação dos Búzios,0.7660938702231341,1.7857142857142858,28
Brazil.regions.MG:São José da Lapa,0.7997388607801534,1.5454545454545454,22
Brazil.regions.SP:Cosmópolis,0.8161066940241087,1.4285714285714286,14
