region,similarity,distance,days
Brazil.regions.PE:Santa Cruz do Capibaribe,0.954992057421898,0.7391304347826086,23
Brazil.regions.MG:Poços de Caldas,0.949697005353886,0.8260869565217391,23
Brazil.regions.RJ:Seropédica,0.949697005353886,0.8260869565217391,23
Brazil.regions.RN:Passa e Fica,0.9470494793198799,0.8695652173913043,23
Brazil.regions.PR:Matinhos,0.944401953285874,0.9130434782608695,23
Brazil.regions.SE:Propriá,0.944401953285874,0.9130434782608695,23
Brazil.regions.SP:Aparecida,0.944401953285874,0.9130434782608695,23
Brazil.regions.SP:Artur Nogueira,0.944401953285874,0.9130434782608695,23
Brazil.regions.SP:Itupeva,0.941754427251868,0.9565217391304348,23
Brazil.regions.SP:Águas de Lindóia,0.941754427251868,0.9565217391304348,23
Brazil.regions.MT:Várzea Grande,0.939106901217862,1.0,23
Brazil.regions.PR:Araucária,0.939106901217862,1.0,23
Brazil.regions.SP:Mairiporã,0.939106901217862,1.0,23
Brazil.regions.RJ:São Pedro da Aldeia,0.9338118491498499,1.0869565217391304,23
Brazil.regions.RS:Caxias do Sul,0.931164323115844,1.1304347826086956,23
Brazil.regions.SP:Sertãozinho,0.92057421897982,1.3043478260869565,23
Brazil.regions.PR:Arapongas,0.917926692945814,1.3478260869565217,23
Brazil.regions.SP:Atibaia,0.917926692945814,1.3478260869565217,23
Brazil.regions.PE:Garanhuns,0.9126316408778019,1.434782608695652,23
Brazil.regions.PE:São José da Coroa Grande,0.9126316408778019,1.434782608695652,23
Saint_Lucia,0.9126316408778019,1.434782608695652,23
Brazil.regions.RJ:Pinheiral,0.90733658880979,1.5217391304347827,23
Brazil.regions.SP:Piracicaba,0.90733658880979,1.5217391304347827,23
Brazil.regions.SP:São Roque,0.8967464846737659,1.6956521739130435,23
Brazil.regions.PE:Moreno,0.8755662764017179,2.0434782608695654,23
United_States_Virgin_Islands,0.8279108077896099,2.8260869565217392,23
Brazil.regions.CE:Caucaia,0.8146731776195799,3.0434782608695654,23
Guam,0.6955345060893099,5.0,23
Brazil.regions.PE:Condado,0.929492201410156,1.1578947368421053,19
Brazil.regions.ES:Marataízes,0.775456698240866,3.6875,16
Brazil.regions.SE:Pedrinhas,1.0,0.0,2
