region,similarity,distance,days
Brazil.regions.RS:Estância Velha,0.43487036174507065,5.895833333333333,48
Brazil.regions.SP:Vinhedo,0.5862443719919268,4.333333333333333,42
Brazil.regions.MA:Paço do Lumiar,0.4694923148579413,5.538461538461538,39
Brazil.regions.MA:São José de Ribamar,0.2285359416239714,8.025641025641026,39
Brazil.regions.SP:Águas de São Pedro,0.7305542617605962,2.84375,32
