region,similarity,distance,days
Malta,0.12900248491302824,19.53488372093023,43
Brazil.regions.SP:Campinas,0.11104011359602417,19.790697674418606,43
Brazil.regions.RJ:Volta Redonda,0.03755768548100824,20.837209302325583,43
Brazil.regions.SP:Sorocaba,0.0,21.372093023255815,43
