region,similarity,distance,days
Brazil.regions.SC:Imbituba,0.9262967359722247,5.808510638297872,47
Brazil.regions.SC:Içara,0.9237990629344226,6.0,47
Brazil.regions.RS:Erechim,0.9235215437080001,6.0212765957446805,47
Luxembourg,0.11649563327148793,67.8936170212766,47
Brazil.regions.CE:Itaitinga,0.9267634728530261,5.7727272727272725,44
Brazil.regions.RJ:Angra dos Reis,0.9195523733766091,6.325581395348837,43
Brazil.regions.ES:Viana,0.9349791231988702,5.142857142857143,42
Brazil.regions.RS:Guaíba,0.9329294454837215,5.3,40
Brazil.regions.RJ:Três Rios,0.9328291116095534,5.3076923076923075,39
Brazil.regions.SP:Mirassol,0.9426395348615473,4.555555555555555,36
Brazil.regions.PE:Lagoa do Carro,0.9415525845580593,4.638888888888889,36
Brazil.regions.SP:Boituva,0.9411902677902301,4.666666666666667,36
Brazil.regions.SP:Caraguatatuba,0.9411902677902301,4.666666666666667,36
Brazil.regions.SP:Caçapava,0.9521876473314024,3.823529411764706,34
Brazil.regions.RJ:Saquarema,0.9616249334958038,3.1,30
Brazil.regions.PE:Chã Grande,0.9594510328888278,3.2666666666666666,30
Brazil.regions.SP:Leme,0.9713143190583251,2.357142857142857,28
Brazil.regions.SP:Monte Mor,0.982735923834659,1.4814814814814814,27
Brazil.regions.AL:Rio Largo,0.9740403214067552,2.1481481481481484,27
Brazil.regions.PE:Cupira,0.9804877018394104,1.6538461538461537,26
Brazil.regions.PE:Surubim,0.9799860324685697,1.6923076923076923,26
Brazil.regions.MG:Viçosa,0.982210827069689,1.5217391304347827,23
Brazil.regions.PE:Nazaré da Mata,0.9811900389585871,1.6,20
Brazil.regions.PE:Camocim de São Félix,0.9883295862151819,1.0526315789473684,19
Brazil.regions.AL:Santa Luzia do Norte,0.9846682799297487,1.3333333333333333,18
Brazil.regions.PB:Lagoa Seca,0.9837987196869583,1.4,15
Brazil.regions.SP:Igaraçu do Tietê,0.9837987196869583,1.4,15
