region,similarity,distance,days
Brazil.regions.SC:Porto Belo,0.8170212765957446,0.723404255319149,47
Brazil.regions.ES:Cachoeiro de Itapemirim,0.8062578222778474,0.7659574468085106,47
Brazil.regions.RS:Torres,0.7362953692115144,1.0425531914893618,47
Liechtenstein,0.4725907384230288,2.0851063829787235,47
Brazil.regions.RJ:Teresópolis,0.43529411764705883,2.2325581395348837,43
Brazil.regions.PB:Patos,0.41764705882352937,2.302325581395349,43
Brazil.regions.SP:Votuporanga,0.7892156862745098,0.8333333333333334,42
Brazil.regions.RS:São Sebastião do Caí,0.8827833572453372,0.4634146341463415,41
Brazil.regions.SP:Assis,0.8039705882352941,0.775,40
Brazil.regions.SP:Araraquara,0.3170588235294117,2.7,40
Brazil.regions.SC:Araranguá,0.7924585218702866,0.8205128205128205,39
Brazil.regions.RJ:Tanguá,0.794912559618442,0.8108108108108109,37
Brazil.regions.SP:Birigui,0.6697712418300654,1.3055555555555556,36
Brazil.regions.PE:Macaparana,0.8771428571428571,0.4857142857142857,35
Brazil.regions.SP:Pindamonhangaba,0.8482352941176471,0.6,35
Brazil.regions.PE:Arcoverde,0.6131487889273357,1.5294117647058822,34
Brazil.regions.SC:Cocal do Sul,0.9080213903743315,0.36363636363636365,33
Brazil.regions.PE:João Alfredo,0.8850267379679144,0.45454545454545453,33
Brazil.regions.SC:Balneário Piçarras,0.8696969696969697,0.5151515151515151,33
Brazil.regions.PR:Paiçandu,0.9446691176470589,0.21875,32
Brazil.regions.SP:Porto Ferreira,0.9209558823529411,0.3125,32
Brazil.regions.PR:Apucarana,0.7470588235294118,1.0,29
Brazil.regions.SP:Mairinque,0.8554621848739496,0.5714285714285714,28
Brazil.regions.BA:Irecê,0.9250544662309368,0.2962962962962963,27
Brazil.regions.CE:Uruburetama,0.7976470588235294,0.8,20
Brazil.regions.SP:Barrinha,0.9467492260061919,0.21052631578947367,19
Brazil.regions.SP:Barra Bonita,0.7892156862745098,0.8333333333333334,18
Brazil.regions.SP:Bom Jesus dos Perdões,0.9256055363321799,0.29411764705882354,17
Brazil.regions.SP:Holambra,0.8512110726643598,0.5882352941176471,17
Brazil.regions.MG:Raposos,0.9747058823529412,0.1,10
Brazil.regions.PB:Nova Floresta,1.0,0.0,8
Brazil.regions.PB:São Sebastião de Lagoa de Roça,0.9277310924369748,0.2857142857142857,7
Brazil.regions.AL:Cajueiro,1.0,0.0,2
Brazil.regions.RS:Portão,0.49411764705882355,2.0,1
