region,similarity,distance,days
Suriname,0.5017016835805638,26.927272727272726,55
Brazil.regions.AP,0.346433173245871,34.62264150943396,53
Brazil.regions.PA:Altamira,0.9348131662176409,5.461538461538462,39
