region,similarity,distance,days
Brazil.regions.SP:Nova Odessa,1.0,0.5151515151515151,33
Brazil.regions.MG:João Monlevade,0.9523013628182052,0.7272727272727273,33
Brazil.regions.SP:Paulínia,0.9454872717922345,0.7575757575757576,33
Brazil.regions.SP:Santana de Parnaíba,0.8977886346104397,0.9696969696969697,33
Brazil.regions.SP:Indaiatuba,0.890974543584469,1.0,33
Brazil.regions.SC:Itajaí,0.80239136024685,1.393939393939394,33
Brazil.regions.SP:Cotia,0.5638981743378759,2.4545454545454546,33
Brazil.regions.PE:Abreu e Lima,0.18912316790948813,4.121212121212121,33
