region,similarity,distance,days
Brazil.regions.MT:Aripuanã,0.9760589318600368,0.4166666666666667,36
Belize,0.9569060773480663,0.75,36
Brazil.regions.AM:Boca do Acre,0.9569060773480663,0.75,36
New_Caledonia,0.9537139349294046,0.8055555555555556,36
Brazil.regions.PA:Marabá,0.9409453652547575,1.0277777777777777,36
Brazil.regions.AP:Oiapoque,0.9122160834868017,1.5277777777777777,36
Sweden.regions.Värmland,0.896255371393493,1.8055555555555556,36
Sweden.regions.Västernorrland,0.8068753836709638,3.361111111111111,36
Brazil.regions.PA:Santarém,0.7957028852056476,3.5555555555555554,36
Sweden.regions.Gävleborg,0.5578882750153469,7.694444444444445,36
Sweden.regions.Dalarna,0.2929404542664211,12.305555555555555,36
Brazil.regions.RR:Alto Alegre,0.9688082083662194,0.5428571428571428,35
Brazil.regions.AM:Presidente Figueiredo,0.7143971400714981,4.970588235294118,34
Brazil.regions.AM:Tefé,0.3248618784530386,11.75,32
Brazil.regions.PA:Óbidos,0.9692186266771902,0.5357142857142857,28
Brazil.regions.AM:Carauari,0.7193370165745856,4.884615384615385,26
Brazil.regions.PA:Alenquer,0.9697586507705729,0.5263157894736842,19
Brazil.regions.AM:Urucará,0.7938251543711408,3.588235294117647,17
Brazil.regions.RO:Guajará-Mirim,0.9281767955801105,1.25,12
Brazil.regions.AC:Feijó,0.987231430325353,0.2222222222222222,9
Brazil.regions.AC:Sena Madureira,0.9671665351223362,0.5714285714285714,7
Brazil.regions.RR:Amajari,0.9343330702446725,1.1428571428571428,7
Brazil.regions.PA:Portel,0.8440410418310971,2.7142857142857144,7
