region,similarity,distance,days
Curaçao,0.8183229813664596,1.6785714285714286,56
Brazil.regions.RJ:Barra Mansa,0.8093904078888391,1.75,56
Brazil.regions.MG:Divinópolis,0.7312303899596594,2.375,56
Brazil.regions.PR:Londrina,0.675401805724531,2.8214285714285716,56
Brazil.regions.SC:Jaraguá do Sul,0.8082324816972957,1.7592592592592593,54
Brazil.regions.SC:Chapecó,0.2616913192888092,6.12962962962963,54
Grenada,0.800636485880771,1.82,50
Brazil.regions.PI:Parnaíba,0.7225459435230839,2.4444444444444446,45
Brazil.regions.PR:São José dos Pinhais,0.8633918748217269,1.3181818181818181,44
Brazil.regions.BA:Candeias,0.8346993660754306,1.5476190476190477,42
Brazil.regions.RS:Tramandaí,0.912332870527271,0.926829268292683,41
Brazil.regions.MG:Varginha,0.842257697479571,1.4871794871794872,39
Brazil.regions.PA:Benevides,0.7460607523359652,2.2564102564102564,39
Brazil.regions.SC:Timbó,0.8051655420548294,1.7837837837837838,37
Brazil.regions.SP:Bragança Paulista,0.6322277005826984,3.1666666666666665,36
Brazil.regions.MG:Itajubá,0.8804449696426389,1.1818181818181819,33
Brazil.regions.SP:Américo Brasiliense,0.8758264231286419,1.21875,32
Brazil.regions.MG:Nova Serrana,0.8830121021963245,1.1612903225806452,31
Brazil.regions.PE:Itapissuma,0.8073061407440609,1.7666666666666666,30
Brazil.regions.AL:Satuba,0.821249169229818,1.6551724137931034,29
Brazil.regions.MG:Conselheiro Lafaiete,0.9031824294038547,1.0,26
Brazil.regions.SP:Serrana,0.7731241595696997,2.04,25
Brazil.regions.PB:Guarabira,0.39670551322277015,5.05,20
Brazil.regions.SE:Barra dos Coqueiros,0.8149075856250165,1.7058823529411764,17
Brazil.regions.SE:Carmópolis,0.8614970865082923,1.3333333333333333,3
