region,similarity,distance,days
Brazil.regions.PE:Camocim de São Félix,0.9972602739726028,0.3684210526315789,19
Brazil.regions.PE:Cupira,0.9952054794520548,0.5263157894736842,19
Brazil.regions.RJ:Angra dos Reis,0.9952054794520548,0.5263157894736842,19
Brazil.regions.RS:Guaíba,0.9952054794520548,0.5263157894736842,19
Brazil.regions.SC:Imbituba,0.9952054794520548,0.5263157894736842,19
Brazil.regions.PE:Lagoa do Carro,0.9945205479452055,0.5789473684210527,19
Brazil.regions.SP:Boituva,0.9945205479452055,0.5789473684210527,19
Brazil.regions.RS:Erechim,0.9931506849315068,0.6842105263157895,19
Brazil.regions.ES:Viana,0.9917808219178083,0.7894736842105263,19
Brazil.regions.MG:Viçosa,0.9917808219178083,0.7894736842105263,19
Brazil.regions.PE:Chã Grande,0.9917808219178083,0.7894736842105263,19
Brazil.regions.RJ:Três Rios,0.9917808219178083,0.7894736842105263,19
Brazil.regions.CE:Itaitinga,0.9910958904109589,0.8421052631578947,19
Brazil.regions.PE:Surubim,0.9904109589041096,0.8947368421052632,19
Brazil.regions.SC:Içara,0.9904109589041096,0.8947368421052632,19
Brazil.regions.SP:Mirassol,0.9904109589041096,0.8947368421052632,19
Brazil.regions.SP:Monte Mor,0.9904109589041096,0.8947368421052632,19
Brazil.regions.SP:Leme,0.9897260273972602,0.9473684210526315,19
Brazil.regions.SP:Caçapava,0.989041095890411,1.0,19
Brazil.regions.PE:Nazaré da Mata,0.9876712328767123,1.105263157894737,19
Brazil.regions.RJ:Saquarema,0.9849315068493151,1.3157894736842106,19
Brazil.regions.RS:Passo Fundo,0.9849315068493151,1.3157894736842106,19
Brazil.regions.SP:Caraguatatuba,0.9842465753424657,1.368421052631579,19
Brazil.regions.AL:Rio Largo,0.9780821917808219,1.8421052631578947,19
Luxembourg,0.8568493150684932,11.157894736842104,19
Brazil.regions.PB:Lagoa Seca,0.9939212328767123,0.625,16
Brazil.regions.SP:Igaraçu do Tietê,0.989041095890411,1.0,16
