region,similarity,distance,days
Brazil.regions.SP:Votorantim,0.7779850746268657,1.75,24
Brazil.regions.RJ:Rio das Ostras,0.7674129353233831,1.8333333333333333,24
Brazil.regions.BA:Simões Filho,0.7621268656716418,1.875,24
Brazil.regions.PB:Campina Grande,0.730410447761194,2.125,24
Barbados,0.693407960199005,2.4166666666666665,24
Brazil.regions.CE:Eusébio,0.640547263681592,2.8333333333333335,24
Brazil.regions.SC:Blumenau,0.5982587064676617,3.1666666666666665,24
Brazil.regions.SP:São José dos Campos,0.5295398009950248,3.7083333333333335,24
Brazil.regions.BA:Madre de Deus,0.9456289978678039,0.42857142857142855,7
