region,similarity,distance,days
Brazil.regions.CE:Juazeiro do Norte,0.5973605001157676,3.0,48
Brazil.regions.RS:Campo Bom,0.5259463996295439,3.4375,48
Brazil.regions.SP:São José do Rio Preto,0.47833699930539486,3.7291666666666665,48
Brazil.regions.SP:Ribeirão Preto,0.07987960175966669,6.170212765957447,47
Brazil.regions.GO:Águas Lindas de Goiás,0.5864783514702477,3.066666666666667,45
Brazil.regions.RS:Novo Hamburgo,0.6270390873308215,2.8181818181818183,44
Brazil.regions.SP:Campo Limpo Paulista,0.7543145671184569,2.0384615384615383,26
