region,similarity,distance,days
Brazil.regions.RS:Lajeado,0.7169503047845578,5.169811320754717,53
Brazil.regions.ES:Serra,0.0,17.745098039215687,51
Brazil.regions.SP:Arujá,0.7860198641327716,3.9583333333333335,48
Brazil.regions.MG:Santa Luzia,0.8241866597873133,3.2888888888888888,45
Brazil.regions.PR:Sarandi,0.9298305959239832,1.435897435897436,39
Brazil.regions.SP:Cubatão,0.8112868299470759,3.515151515151515,33
