region,similarity,distance,days
Brazil.regions.SP:Itupeva,0.9926190183294378,0.12121212121212122,33
Brazil.regions.RN:Passa e Fica,0.9907737729117972,0.15151515151515152,33
Brazil.regions.PR:Matinhos,0.9889285274941567,0.18181818181818182,33
Brazil.regions.SE:Propriá,0.9889285274941567,0.18181818181818182,33
Brazil.regions.MG:Poços de Caldas,0.9833927912412351,0.2727272727272727,33
Brazil.regions.PR:Araucária,0.9815475458235945,0.30303030303030304,33
Brazil.regions.SP:Águas de Lindóia,0.9815475458235945,0.30303030303030304,33
Brazil.regions.RJ:Seropédica,0.9778570549883134,0.36363636363636365,33
Brazil.regions.MT:Várzea Grande,0.9741665641530324,0.42424242424242425,33
Saint_Lucia,0.9686308279001107,0.5151515151515151,33
Brazil.regions.PR:Arapongas,0.9667855824824702,0.5454545454545454,33
Brazil.regions.SP:Sertãozinho,0.9575593553942674,0.696969696969697,33
Brazil.regions.SP:Mairiporã,0.9520236191413458,0.7878787878787878,33
Brazil.regions.RJ:São Pedro da Aldeia,0.9483331283060648,0.8484848484848485,33
Brazil.regions.SP:São Roque,0.939106901217862,1.0,33
Brazil.regions.RS:Caxias do Sul,0.9372616558002215,1.0303030303030303,33
Brazil.regions.SP:Atibaia,0.9372616558002215,1.0303030303030303,33
Brazil.regions.PE:Garanhuns,0.9132734653708943,1.4242424242424243,33
United_States_Virgin_Islands,0.8874400295239266,1.8484848484848484,33
Brazil.regions.PE:Moreno,0.8837495386886456,1.9090909090909092,33
Brazil.regions.SP:Piracicaba,0.8265469307417886,2.8484848484848486,33
Guam,0.7435108869479641,4.212121212121212,33
Brazil.regions.CE:Caucaia,0.46118833804896053,8.848484848484848,33
Brazil.regions.PE:Santa Cruz do Capibaribe,0.9705355973634816,0.4838709677419355,31
Brazil.regions.PE:São José da Coroa Grande,0.949255751014885,0.8333333333333334,30
Brazil.regions.SP:Aparecida,0.9949255751014885,0.08333333333333333,24
Brazil.regions.RJ:Pinheiral,0.9543301759133965,0.75,24
Brazil.regions.ES:Piúma,0.944401953285874,0.9130434782608695,23
Brazil.regions.PE:Condado,0.93590200128196,1.0526315789473684,19
Brazil.regions.ES:Marataízes,0.7602334235453315,3.9375,16
Brazil.regions.SE:Pedrinhas,1.0,0.0,2
