region,similarity,distance,days
Brazil.regions.RS:Guaíba,0.9975226487362151,0.34782608695652173,23
Brazil.regions.RS:Erechim,0.9969555442300474,0.391304347826087,23
Brazil.regions.PE:Cupira,0.9963884397238798,0.43478260869565216,23
Brazil.regions.PE:Surubim,0.9958213352177122,0.4782608695652174,23
Brazil.regions.PE:Lagoa do Carro,0.9952542307115445,0.5217391304347826,23
Brazil.regions.SC:Içara,0.9946871262053769,0.5652173913043478,23
Brazil.regions.SP:Mirassol,0.9946871262053769,0.5652173913043478,23
Brazil.regions.RJ:Angra dos Reis,0.9941200216992092,0.6086956521739131,23
Brazil.regions.RJ:Três Rios,0.9941200216992092,0.6086956521739131,23
Brazil.regions.ES:Viana,0.9935529171930416,0.6521739130434783,23
Brazil.regions.SC:Imbituba,0.9935529171930416,0.6521739130434783,23
Brazil.regions.SP:Boituva,0.9935529171930416,0.6521739130434783,23
Brazil.regions.CE:Itaitinga,0.9924187081807063,0.7391304347826086,23
Brazil.regions.SP:Leme,0.9912844991683711,0.8260869565217391,23
Brazil.regions.SP:Caçapava,0.9907173946622034,0.8695652173913043,23
Brazil.regions.SP:Monte Mor,0.9907173946622034,0.8695652173913043,23
Brazil.regions.SP:Caraguatatuba,0.9867476631190301,1.173913043478261,23
Brazil.regions.PE:Chã Grande,0.9850463496005271,1.3043478260869565,23
Brazil.regions.RS:Passo Fundo,0.982210827069689,1.5217391304347827,23
Brazil.regions.RJ:Saquarema,0.9810766180573537,1.608695652173913,23
Brazil.regions.AL:Rio Largo,0.9754055729956773,2.0434782608695654,23
Luxembourg,0.5472416708391131,34.869565217391305,23
Brazil.regions.PE:Nazaré da Mata,0.9857552302332366,1.25,20
Brazil.regions.PE:Camocim de São Félix,0.9965675253574064,0.42105263157894735,19
Brazil.regions.AL:Santa Luzia do Norte,0.9926392488219937,0.7222222222222222,18
Brazil.regions.PB:Lagoa Seca,0.9959725630860236,0.4666666666666667,15
Brazil.regions.SP:Igaraçu do Tietê,0.9942334426004428,0.6,15
