region,similarity,distance,days
Brazil.regions.SP:Suzano,1.0,2.5833333333333335,36
Brazil.regions.ES:Cariacica,0.9708636448423802,4.555555555555555,36
Brazil.regions.PA:Belém,0.7193060996082821,21.583333333333332,36
