region,similarity,distance,days
Brazil.regions.MG:Santa Luzia,1.0,0.20512820512820512,39
Brazil.regions.SC:Criciúma,0.9298305959239832,1.435897435897436,39
Brazil.regions.RS:Lajeado,0.918135695244647,1.641025641025641,39
Brazil.regions.SP:Arujá,0.9137501074898959,1.7179487179487178,39
Brazil.regions.ES:Serra,0.12872989938945745,15.487179487179487,39
Brazil.regions.SP:Cubatão,0.8337463551153464,3.121212121212121,33
