region,similarity,distance,days
Brazil.regions.RS:Ivoti,0.8879310344827587,0.5862068965517241,29
Brazil.regions.RJ:Porto Real,0.8813387423935092,0.6206896551724138,29
Brazil.regions.SP:Itatiba,0.8681541582150101,0.6896551724137931,29
Brazil.regions.MA:Raposa,0.8549695740365112,0.7586206896551724,29
Brazil.regions.PE:Caruaru,0.8351926977687627,0.8620689655172413,29
Brazil.regions.BA:Camaçari,0.8220081135902637,0.9310344827586207,29
Brazil.regions.SP:Ourinhos,0.8022312373225152,1.0344827586206897,29
Brazil.regions.SC:Camboriú,0.5780933062880325,2.206896551724138,29
Brazil.regions.MG:Juiz de Fora,0.5517241379310345,2.3448275862068964,29
Brazil.regions.RJ:Petrópolis,0.492393509127789,2.6551724137931036,29
Brazil.regions.PE:Igarassu,0.3144016227180527,3.586206896551724,29
Brazil.regions.PE:Ilha de Itamaracá,0.7951680672268908,1.0714285714285714,28
Brazil.regions.PE:Lagoa de Itaenga,0.8852941176470588,0.6,25
Brazil.regions.MG:Igarapé,0.8609625668449198,0.7272727272727273,11
Brazil.regions.BA:Santo Antônio de Jesus,0.9044117647058824,0.5,10
