region,similarity,distance,days
Brazil.regions.AL:Maceió,0.5614442545793156,15.408163265306122,49
Bahrain,0.38980029415314177,19.836734693877553,49
Brazil.regions.RJ:Queimados,0.6989470521557434,11.86046511627907,43
