region,similarity,distance,days
Belize,0.9425414364640884,1.0,12
Brazil.regions.AM:Tefé,0.9377532228360957,1.0833333333333333,12
Brazil.regions.PA:Marabá,0.9329650092081031,1.1666666666666667,12
Brazil.regions.AM:Boca do Acre,0.9281767955801105,1.25,12
Brazil.regions.MT:Aripuanã,0.9281767955801105,1.25,12
Brazil.regions.MT:Cáceres,0.9281767955801105,1.25,12
Brazil.regions.PA:Alenquer,0.9281767955801105,1.25,12
Sweden.regions.Västernorrland,0.9281767955801105,1.25,12
Brazil.regions.AP:Oiapoque,0.9233885819521179,1.3333333333333333,12
Brazil.regions.RR:Alto Alegre,0.9233885819521179,1.3333333333333333,12
Brazil.regions.PA:Óbidos,0.9186003683241253,1.4166666666666667,12
Sweden.regions.Gävleborg,0.90902394106814,1.5833333333333333,12
Brazil.regions.AM:Presidente Figueiredo,0.8946593001841621,1.8333333333333333,12
Brazil.regions.PA:Santarém,0.8946593001841621,1.8333333333333333,12
New_Caledonia,0.8850828729281768,2.0,12
Sweden.regions.Dalarna,0.8707182320441988,2.25,12
Sweden.regions.Värmland,0.8276243093922652,3.0,12
Brazil.regions.AM:Urucará,0.8228360957642725,3.0833333333333335,12
Brazil.regions.AM:Carauari,0.6360957642725599,6.333333333333333,12
Brazil.regions.AC:Feijó,0.9233885819521179,1.3333333333333333,9
Brazil.regions.AC:Sena Madureira,0.9261247040252565,1.2857142857142858,7
Brazil.regions.RR:Amajari,0.9261247040252565,1.2857142857142858,7
Brazil.regions.PA:Portel,0.8029992107340174,3.4285714285714284,7
