region,similarity,distance,days
Sweden.regions.Jämtland Härjedalen,0.7293395885961746,3.5294117647058822,34
Sweden.regions.Västerbotten,0.5872428726091663,5.382352941176471,34
Brazil.regions.AM:Coari,0.0,13.04,25
Brazil.regions.RR:Caracaraí,0.9552658486707566,0.5833333333333334,12
Brazil.regions.PA:Jacareacanga,0.9808282208588956,0.25,4
Brazil.regions.AM:Apuí,0.6740797546012269,4.25,4
Brazil.regions.AM:Japurá,0.5398773006134969,6.0,1
