region,similarity,distance,days
Brazil.regions.BA:Conceição do Jacuípe,1.0,0.0,12
Brazil.regions.RS:Xangri-lá,1.0,0.0,12
Brazil.regions.SE:Itabaiana,1.0,0.0,12
Brazil.regions.SP:Santa Gertrudes,1.0,0.0,12
Saint_Vincent_and_the_Grenadines,1.0,0.0,12
Brazil.regions.CE:Pindoretama,0.9778761061946902,0.08333333333333333,12
Brazil.regions.SC:Rio do Sul,0.9778761061946902,0.08333333333333333,12
Brazil.regions.PE:Machados,0.9557522123893806,0.16666666666666666,12
Brazil.regions.SP:Itu,0.9557522123893806,0.16666666666666666,12
Brazil.regions.PE:Chã de Alegria,0.9336283185840708,0.25,12
Brazil.regions.SP:Cruzeiro,0.9336283185840708,0.25,12
Brazil.regions.CE:Pacajus,0.911504424778761,0.3333333333333333,12
Brazil.regions.MG:Lagoa Santa,0.911504424778761,0.3333333333333333,12
Brazil.regions.MG:Ubá,0.911504424778761,0.3333333333333333,12
Brazil.regions.RJ:Paracambi,0.8451327433628318,0.5833333333333334,12
Brazil.regions.MG:Pouso Alegre,0.7345132743362832,1.0,12
Cayman_Islands,0.7345132743362832,1.0,12
