region,similarity,distance,days
Brazil.regions.MT:Cáceres,0.9760589318600368,0.4166666666666667,36
Brazil.regions.AM:Boca do Acre,0.9712707182320443,0.5,36
New_Caledonia,0.9712707182320443,0.5,36
Belize,0.9648864333947207,0.6111111111111112,36
Brazil.regions.PA:Marabá,0.9521178637200737,0.8333333333333334,36
Brazil.regions.AP:Oiapoque,0.9138121546961326,1.5,36
Sweden.regions.Värmland,0.8914671577655003,1.8888888888888888,36
Brazil.regions.PA:Santarém,0.8004910988336402,3.4722222222222223,36
Sweden.regions.Västernorrland,0.7893186003683241,3.6666666666666665,36
Sweden.regions.Gävleborg,0.5371393492940455,8.055555555555555,36
Sweden.regions.Dalarna,0.27538367096378147,12.61111111111111,36
Brazil.regions.RR:Alto Alegre,0.9786582478295185,0.37142857142857144,35
Brazil.regions.AM:Presidente Figueiredo,0.7008774780630485,5.205882352941177,34
Brazil.regions.AM:Tefé,0.31408839779005526,11.9375,32
Brazil.regions.PA:Óbidos,0.9856353591160221,0.25,28
Brazil.regions.AM:Carauari,0.7193370165745856,4.884615384615385,26
Brazil.regions.PA:Alenquer,0.9758069206164582,0.42105263157894735,19
Brazil.regions.AM:Urucará,0.7870653233669158,3.7058823529411766,17
Brazil.regions.RO:Guajará-Mirim,0.9281767955801105,1.25,12
Brazil.regions.AC:Feijó,0.987231430325353,0.2222222222222222,9
Brazil.regions.AC:Sena Madureira,0.9507498026835044,0.8571428571428571,7
Brazil.regions.RR:Amajari,0.9179163378058406,1.4285714285714286,7
Brazil.regions.PA:Portel,0.860457774269929,2.4285714285714284,7
