region,similarity,distance,days
Brazil.regions.RS:Campo Bom,0.17886728655959427,5.571428571428571,56
Brazil.regions.CE:Juazeiro do Norte,0.46015406944289383,3.849056603773585,53
Brazil.regions.SP:Caieiras,0.4821639898562975,3.7142857142857144,49
Brazil.regions.SP:Ribeirão Preto,0.03742603550295853,6.4375,48
Brazil.regions.GO:Águas Lindas de Goiás,0.6520710059171597,2.6739130434782608,46
Brazil.regions.RS:Novo Hamburgo,0.6097041420118343,2.933333333333333,45
Brazil.regions.SP:Campo Limpo Paulista,0.7137409598948061,2.2962962962962963,27
