region,similarity,distance,days
Brazil.regions.PR:Pinhais,0.34803930984652265,6.395348837209302,43
Brazil.regions.CE:Maracanaú,0.2494130267429302,7.255813953488372,43
Brazil.regions.SP:Praia Grande,0.28146339544776555,6.976190476190476,42
Brazil.regions.MG:Ribeirão das Neves,0.3793760721773938,6.121951219512195,41
