region,similarity,distance,days
Brazil.regions.BA:Conceição do Jacuípe,0.989788972089857,0.038461538461538464,26
Brazil.regions.MG:Ubá,0.9489448604492852,0.19230769230769232,26
Brazil.regions.PE:Machados,0.9489448604492852,0.19230769230769232,26
Brazil.regions.SC:Rio do Sul,0.9387338325391422,0.23076923076923078,26
Saint_Vincent_and_the_Grenadines,0.9387338325391422,0.23076923076923078,26
Brazil.regions.SP:Itu,0.8978897208985704,0.38461538461538464,26
Brazil.regions.SE:Itabaiana,0.8876786929884275,0.4230769230769231,26
Brazil.regions.CE:Pindoretama,0.8774676650782846,0.46153846153846156,26
Brazil.regions.SP:Cruzeiro,0.8672566371681416,0.5,26
Brazil.regions.MG:Pouso Alegre,0.744724302246426,0.9615384615384616,26
Brazil.regions.PE:Chã de Alegria,0.744724302246426,0.9615384615384616,26
Brazil.regions.RJ:Paracambi,0.6119809394145677,1.4615384615384615,26
Cayman_Islands,0.4588155207624234,2.0384615384615383,26
Brazil.regions.CE:Pacajus,0.33628318584070793,2.5,26
Brazil.regions.MG:Lagoa Santa,0.9422854944209311,0.21739130434782608,23
Brazil.regions.RS:Xangri-lá,1.0,0.0,14
Brazil.regions.MG:Juatuba,1.0,0.0,12
