region,similarity,distance,days
Brazil.regions.CE:Juazeiro do Norte,0.9238249594813615,1.0,26
Brazil.regions.GO:Águas Lindas de Goiás,0.9112686341211462,1.0769230769230769,26
Brazil.regions.RS:Campo Bom,0.9112686341211462,1.0769230769230769,26
Brazil.regions.RS:Novo Hamburgo,0.8484870073200705,1.4615384615384615,26
Brazil.regions.SP:Caieiras,0.7543145671184569,2.0384615384615383,26
Brazil.regions.SP:São José do Rio Preto,0.7040892656775963,2.3461538461538463,26
Brazil.regions.SP:Ribeirão Preto,0.5534133613550146,3.269230769230769,26
