region,similarity,distance,days
Brazil.regions.PB:Campina Grande,0.6709554946213878,2.727272727272727,44
Barbados,0.6435351191731702,2.9545454545454546,44
Brazil.regions.SP:São José dos Campos,0.4186880404977852,4.818181818181818,44
Brazil.regions.SC:Blumenau,0.25964986289812264,6.136363636363637,44
Brazil.regions.SP:Votorantim,0.7587006960556845,2.0,43
Brazil.regions.CE:Eusébio,0.26138871597532676,6.121951219512195,41
Brazil.regions.BA:Simões Filho,0.7809256319452924,1.8157894736842106,38
Brazil.regions.AL:Arapiraca,0.7490487238979118,2.08,25
Brazil.regions.BA:Madre de Deus,0.9482930062976467,0.42857142857142855,7
