region,similarity,distance,days
Brazil.regions.RS:Tramandaí,0.8981748318924111,1.0,30
Brazil.regions.SC:Jaraguá do Sul,0.8896894012167788,1.0666666666666667,30
Brazil.regions.MG:Itajubá,0.8854466858789625,1.1,30
Brazil.regions.MG:Nova Serrana,0.8854466858789625,1.1,30
Brazil.regions.RJ:Barra Mansa,0.8854466858789625,1.1,30
Brazil.regions.SC:Chapecó,0.8812039705411463,1.1333333333333333,30
Curaçao,0.8769612552033301,1.1666666666666667,30
Brazil.regions.SC:Timbó,0.8642331091898815,1.2666666666666666,30
Brazil.regions.SP:Américo Brasiliense,0.8642331091898815,1.2666666666666666,30
Brazil.regions.MG:Divinópolis,0.8599903938520653,1.3,30
Brazil.regions.PR:São José dos Pinhais,0.8515049631764329,1.3666666666666667,30
Grenada,0.8472622478386167,1.4,30
Brazil.regions.MG:Varginha,0.8387768171629844,1.4666666666666666,30
Brazil.regions.BA:Candeias,0.8345341018251681,1.5,30
Brazil.regions.PI:Parnaíba,0.8133205251360871,1.6666666666666667,30
Brazil.regions.SC:Tubarão,0.8005923791226385,1.7666666666666666,30
Brazil.regions.PA:Benevides,0.7581652257444764,2.1,30
Brazil.regions.PR:Londrina,0.6478546269612552,2.966666666666667,30
Brazil.regions.SP:Bragança Paulista,0.5842138968940122,3.466666666666667,30
Brazil.regions.AL:Satuba,0.8027137367915466,1.75,28
Brazil.regions.MG:Conselheiro Lafaiete,0.918539865513929,0.84,25
Brazil.regions.SP:Serrana,0.8610510726865194,1.2916666666666667,24
Brazil.regions.PB:Guarabira,0.4560392335305121,4.473684210526316,19
Brazil.regions.SE:Barra dos Coqueiros,0.7559190823303384,2.1176470588235294,17
Brazil.regions.SE:Carmópolis,0.8557476785142492,1.3333333333333333,3
