region,similarity,distance,days
Bermuda,1.0,2.5,48
Brazil.regions.SP:Franco da Rocha,0.25652732201455253,4.744186046511628,43
Brazil.regions.SP:Itapecerica da Serra,0.20259666143529742,4.906976744186046,43
Brazil.regions.SE:Nossa Senhora do Socorro,0.20858895705521463,4.888888888888889,27
