region,similarity,distance,days
Brazil.regions.MG:Coronel Fabriciano,0.9512360311547579,0.46153846153846156,39
Brazil.regions.RS:Dois Irmãos,0.9512360311547579,0.46153846153846156,39
Brazil.regions.SP:Taubaté,0.9404673213681002,0.5384615384615384,39
Brazil.regions.GO:Senador Canedo,0.9117507619370132,0.7435897435897436,39
Brazil.regions.BA:Feira de Santana,0.8543176430748392,1.1538461538461537,39
Brazil.regions.RJ:Itaguaí,0.739451405350491,1.9743589743589745,39
Brazil.regions.SC:Brusque,0.6999661361327464,2.2564102564102564,39
Brazil.regions.PE:Cabo de Santo Agostinho,0.09332881815103278,6.589743589743589,39
Brazil.regions.SP:Jacareí,0.7878593198200378,1.6285714285714286,35
Brazil.regions.SC:Capivari de Baixo,0.9131865899085676,0.7333333333333333,30
Brazil.regions.RJ:Armação dos Búzios,0.8958540951090901,0.8571428571428571,28
Brazil.regions.MG:São José da Lapa,0.9854149796080626,0.21739130434782608,23
Brazil.regions.SP:Cosmópolis,0.9411852353538774,0.5333333333333333,15
