region,similarity,distance,days
Liechtenstein,0.5516362923770332,1.9259259259259258,54
Brazil.regions.RS:Torres,0.7540181691125087,1.0566037735849056,53
Brazil.regions.SC:Porto Belo,0.8311028114949683,0.7254901960784313,51
Brazil.regions.SP:Tatuí,0.8205467372134039,0.7708333333333334,48
Brazil.regions.PB:Patos,0.31746031746031755,2.9318181818181817,44
Brazil.regions.SP:Votuporanga,0.8321643903039252,0.7209302325581395,43
Brazil.regions.RJ:Teresópolis,0.44776670358065707,2.372093023255814,43
Brazil.regions.RS:São Sebastião do Caí,0.889140841521794,0.47619047619047616,42
Brazil.regions.SP:Assis,0.8126209833526907,0.8048780487804879,41
Brazil.regions.SP:Araraquara,0.3242999096657634,2.902439024390244,41
Brazil.regions.SC:Araranguá,0.8777777777777778,0.525,40
Brazil.regions.SP:Birigui,0.7797797797797799,0.9459459459459459,37
Brazil.regions.RJ:Tanguá,0.7734877734877734,0.972972972972973,37
Brazil.regions.SP:Pindamonhangaba,0.8447971781305115,0.6666666666666666,36
Brazil.regions.PE:Macaparana,0.8935752078609221,0.45714285714285713,35
Brazil.regions.SC:Balneário Piçarras,0.9178338001867413,0.35294117647058826,34
Brazil.regions.SC:Cocal do Sul,0.9109866168689699,0.38235294117647056,34
Brazil.regions.PE:Arcoverde,0.6987239340180517,1.2941176470588236,34
Brazil.regions.SP:Porto Ferreira,0.908289241622575,0.3939393939393939,33
Brazil.regions.PE:João Alfredo,0.873015873015873,0.5454545454545454,33
Brazil.regions.PR:Paiçandu,0.9345238095238095,0.28125,32
Brazil.regions.SP:Mairinque,0.8635285531837256,0.5862068965517241,29
Brazil.regions.PR:Apucarana,0.7752234993614304,0.9655172413793104,29
Brazil.regions.BA:Irecê,0.9137762100725064,0.37037037037037035,27
Brazil.regions.SP:Barrinha,0.9650793650793651,0.15,20
Brazil.regions.CE:Uruburetama,0.7904761904761904,0.9,20
Brazil.regions.SP:Barra Bonita,0.8529657477025898,0.631578947368421,19
Brazil.regions.SP:Bom Jesus dos Perdões,0.974132863021752,0.1111111111111111,18
Brazil.regions.SP:Holambra,0.8835978835978836,0.5,18
Brazil.regions.MG:Raposos,0.9576719576719577,0.18181818181818182,11
Brazil.regions.PB:Nova Floresta,1.0,0.0,9
Brazil.regions.PB:São Sebastião de Lagoa de Roça,0.8544973544973545,0.625,8
Brazil.regions.AL:Cajueiro,0.9223985890652557,0.3333333333333333,3
Brazil.regions.RS:Portão,0.7671957671957672,1.0,2
