region,similarity,distance,days
Brazil.regions.SP:Caieiras,0.08165680473372783,6.166666666666667,48
Brazil.regions.SP:São José do Rio Preto,0.03742603550295853,6.4375,48
Brazil.regions.CE:Juazeiro do Norte,0.020414201183431846,6.541666666666667,48
Brazil.regions.RS:Campo Bom,0.0034023668639053817,6.645833333333333,48
Brazil.regions.GO:Águas Lindas de Goiás,0.03786982248520698,6.434782608695652,46
Brazil.regions.RS:Novo Hamburgo,0.0,6.666666666666667,45
Brazil.regions.SP:Campo Limpo Paulista,0.5625246548323471,3.2222222222222223,27
