region,similarity,distance,days
Brazil.regions.MG:Coronel Fabriciano,0.7810977173634266,1.6785714285714286,56
Brazil.regions.SP:Taubaté,0.7749850388988629,1.7222222222222223,54
Brazil.regions.RS:Dois Irmãos,0.8249551166965889,1.3653846153846154,52
Brazil.regions.SC:Brusque,0.6831837223219629,2.3777777777777778,45
Brazil.regions.RJ:Itaguaí,0.6695691202872531,2.475,40
Brazil.regions.PR:Piraquara,0.8545780969479354,1.1538461538461537,39
Brazil.regions.GO:Senador Canedo,0.8509874326750448,1.1794871794871795,39
Brazil.regions.PE:Cabo de Santo Agostinho,0.14003590664272902,6.256410256410256,39
Brazil.regions.SP:Jacareí,0.7566796916253037,1.8529411764705883,34
Brazil.regions.SC:Capivari de Baixo,0.8423203120163437,1.2413793103448276,29
Brazil.regions.RJ:Armação dos Búzios,0.8611182354449859,1.1071428571428572,28
Brazil.regions.MG:São José da Lapa,0.9525053043904032,0.45454545454545453,22
Brazil.regions.SP:Cosmópolis,0.9361374711464479,0.5714285714285714,14
