region,similarity,distance,days
Brazil.regions.AM:Manicoré,0.9552658486707566,0.5833333333333334,12
Sweden.regions.Västerbotten,0.8210633946830266,2.3333333333333335,12
Sweden.regions.Jämtland Härjedalen,0.7763292433537832,2.9166666666666665,12
Brazil.regions.AM:Coari,0.5718302658486707,5.583333333333333,12
Brazil.regions.PA:Jacareacanga,1.0,0.0,4
Brazil.regions.AM:Apuí,0.6932515337423313,4.0,4
Brazil.regions.AM:Japurá,0.5398773006134969,6.0,1
