region,similarity,distance,days
Brazil.regions.RJ:Rio das Ostras,0.7432480454868515,2.0238095238095237,42
Brazil.regions.PB:Campina Grande,0.7311656005685856,2.119047619047619,42
Barbados,0.7100213219616205,2.2857142857142856,42
Brazil.regions.SP:São José dos Campos,0.420042643923241,4.571428571428571,42
Brazil.regions.SC:Blumenau,0.33848614072494665,5.214285714285714,42
Brazil.regions.CE:Eusébio,0.20786312340735347,6.2439024390243905,41
Brazil.regions.BA:Simões Filho,0.8731343283582089,1.0,38
Brazil.regions.AL:Arapiraca,0.7779850746268657,1.75,24
Brazil.regions.BA:Madre de Deus,0.9818763326226013,0.14285714285714285,7
