region,similarity,distance,days
Brazil.regions.BA:Irecê,0.9277310924369748,0.2857142857142857,7
Brazil.regions.ES:Cachoeiro de Itapemirim,0.9277310924369748,0.2857142857142857,7
Brazil.regions.MG:Raposos,0.9277310924369748,0.2857142857142857,7
Brazil.regions.PB:Nova Floresta,0.9277310924369748,0.2857142857142857,7
Brazil.regions.PR:Paiçandu,0.9277310924369748,0.2857142857142857,7
Brazil.regions.SC:Cocal do Sul,0.9277310924369748,0.2857142857142857,7
Brazil.regions.SP:Mairinque,0.9277310924369748,0.2857142857142857,7
Brazil.regions.SP:Tatuí,0.9277310924369748,0.2857142857142857,7
Liechtenstein,0.9277310924369748,0.2857142857142857,7
Brazil.regions.PB:Patos,0.8915966386554622,0.42857142857142855,7
Brazil.regions.PE:Macaparana,0.8915966386554622,0.42857142857142855,7
Brazil.regions.RS:São Sebastião do Caí,0.8915966386554622,0.42857142857142855,7
Brazil.regions.RS:Torres,0.8915966386554622,0.42857142857142855,7
Brazil.regions.SC:Araranguá,0.8915966386554622,0.42857142857142855,7
Brazil.regions.SC:Balneário Piçarras,0.8915966386554622,0.42857142857142855,7
Brazil.regions.SP:Assis,0.8915966386554622,0.42857142857142855,7
Brazil.regions.SP:Barrinha,0.8915966386554622,0.42857142857142855,7
Brazil.regions.SP:Birigui,0.8915966386554622,0.42857142857142855,7
Brazil.regions.SP:Bom Jesus dos Perdões,0.8915966386554622,0.42857142857142855,7
Brazil.regions.SP:Holambra,0.8915966386554622,0.42857142857142855,7
Brazil.regions.RJ:Tanguá,0.8554621848739496,0.5714285714285714,7
Brazil.regions.SP:Pindamonhangaba,0.8554621848739496,0.5714285714285714,7
Brazil.regions.SP:Porto Ferreira,0.8554621848739496,0.5714285714285714,7
Brazil.regions.SP:Votuporanga,0.8554621848739496,0.5714285714285714,7
Brazil.regions.PE:João Alfredo,0.819327731092437,0.7142857142857143,7
Brazil.regions.CE:Uruburetama,0.7831932773109244,0.8571428571428571,7
Brazil.regions.PE:Arcoverde,0.7831932773109244,0.8571428571428571,7
Brazil.regions.SC:Porto Belo,0.7831932773109244,0.8571428571428571,7
Brazil.regions.SP:Araraquara,0.7831932773109244,0.8571428571428571,7
Brazil.regions.RJ:Teresópolis,0.7109243697478992,1.1428571428571428,7
Brazil.regions.SP:Barra Bonita,0.6747899159663866,1.2857142857142858,7
Brazil.regions.PR:Apucarana,0.6386554621848739,1.4285714285714286,7
Brazil.regions.AL:Cajueiro,1.0,0.0,2
Brazil.regions.RS:Portão,0.49411764705882355,2.0,1
