region,similarity,distance,days
Brazil.regions.SP:Arujá,0.8723306675839138,2.4444444444444446,45
Brazil.regions.RS:Lajeado,0.8457247685384242,2.911111111111111,45
Brazil.regions.SC:Criciúma,0.8241866597873133,3.2888888888888888,45
Brazil.regions.ES:Serra,0.029810531143405927,17.22222222222222,45
Brazil.regions.PR:Sarandi,1.0,0.20512820512820512,39
Brazil.regions.SP:Cubatão,0.8372016666796958,3.0606060606060606,33
