region,similarity,distance,days
Brazil.regions.MG:Divinópolis,0.26657060518732,5.962264150943396,53
Brazil.regions.SC:Tubarão,0.2641690682036504,5.981132075471698,53
Brazil.regions.SC:Jaraguá do Sul,0.2569644572526416,6.037735849056604,53
Brazil.regions.RJ:Barra Mansa,0.24975984630163306,6.09433962264151,53
Curaçao,0.20893371757925072,6.415094339622642,53
Brazil.regions.PR:Londrina,0.0,8.056603773584905,53
Grenada,0.38650336215177716,5.02,50
Brazil.regions.PI:Parnaíba,0.5474436972996051,3.7555555555555555,45
Brazil.regions.PR:São José dos Pinhais,0.6493974325386429,2.9545454545454546,44
Brazil.regions.BA:Candeias,0.8315035908695851,1.5238095238095237,42
Brazil.regions.RS:Tramandaí,0.894992795389049,1.025,40
Brazil.regions.PA:Benevides,0.7447843542944408,2.2051282051282053,39
Brazil.regions.MG:Varginha,0.8881262955660043,1.0789473684210527,38
Brazil.regions.SC:Timbó,0.9335307930408795,0.7222222222222222,36
Brazil.regions.SP:Bragança Paulista,0.6145190064498421,3.2285714285714286,35
Brazil.regions.MG:Itajubá,0.9578380163304515,0.53125,32
Brazil.regions.SP:Américo Brasiliense,0.9515509280778408,0.5806451612903226,31
Brazil.regions.MG:Nova Serrana,0.9703009926352866,0.43333333333333335,30
Brazil.regions.PE:Itapissuma,0.8812039705411463,1.1333333333333333,30
Brazil.regions.AL:Satuba,0.8572629339920406,1.3214285714285714,28
Brazil.regions.MG:Conselheiro Lafaiete,0.9134486071085495,0.88,25
Brazil.regions.SP:Serrana,0.8769612552033301,1.1666666666666667,24
Brazil.regions.PB:Guarabira,0.4225441124424896,4.7368421052631575,19
Brazil.regions.SE:Barra dos Coqueiros,0.7559190823303384,2.1176470588235294,17
Brazil.regions.SE:Carmópolis,0.8557476785142492,1.3333333333333333,3
