region,similarity,distance,days
Brazil.regions.SP:Valinhos,0.7402511566424322,0.9024390243902439,41
Brazil.regions.SP:Louveira,0.6014540647719762,1.048780487804878,41
Brazil.regions.PR:Maringá,0.0,1.6829268292682926,41
Brazil.regions.SP:Salto,0.7561136814276272,0.8857142857142857,35
