region,similarity,distance,days
Brazil.regions.BA:Conceição do Jacuípe,0.9469026548672567,0.2,30
Brazil.regions.MG:Ubá,0.911504424778761,0.3333333333333333,30
Saint_Vincent_and_the_Grenadines,0.8761061946902655,0.4666666666666667,30
Brazil.regions.CE:Pindoretama,0.8407079646017699,0.6,30
Brazil.regions.MG:Pouso Alegre,0.8053097345132744,0.7333333333333333,30
Brazil.regions.SP:Itu,0.7964601769911503,0.7666666666666667,30
Brazil.regions.SE:Itabaiana,0.7433628318584071,0.9666666666666667,30
Cayman_Islands,0.4690265486725663,2.0,30
Brazil.regions.RJ:Paracambi,0.33628318584070793,2.5,30
Brazil.regions.CE:Pacajus,0.327433628318584,2.533333333333333,30
Brazil.regions.SC:Rio do Sul,0.8535245651510528,0.5517241379310345,29
Brazil.regions.PE:Chã de Alegria,0.7345132743362832,1.0,28
Brazil.regions.SP:Cruzeiro,0.8426745329400196,0.5925925925925926,27
Brazil.regions.SP:Santa Gertrudes,0.9489448604492852,0.19230769230769232,26
Brazil.regions.MG:Lagoa Santa,0.9076567910734898,0.34782608695652173,23
Brazil.regions.RS:Xangri-lá,0.9620733249051833,0.14285714285714285,14
Brazil.regions.MG:Juatuba,0.9557522123893806,0.16666666666666666,12
