region,similarity,distance,days
Brazil.regions.SP:Paulínia,0.9178564706515017,0.8809523809523809,42
Brazil.regions.SP:Santana de Parnaíba,0.8060014519641848,1.3571428571428572,42
Brazil.regions.SC:Itajaí,0.5822914145895512,2.3095238095238093,42
Brazil.regions.SP:Cotia,0.2579118603963323,3.6904761904761907,42
Brazil.regions.SP:Indaiatuba,0.8612469185109694,1.1219512195121952,41
Brazil.regions.MG:João Monlevade,0.9753092757045326,0.6363636363636364,33
Brazil.regions.PE:Abreu e Lima,0.12114367845593133,4.2727272727272725,33
Brazil.regions.MG:São Lourenço,1.0,0.53125,32
