region,similarity,distance,days
Bulgaria,0.8945657754795173,41.704918032786885,61
Serbia,0.33126123152528697,116.31147540983606,61
Nicaragua,0.7971196868008948,54.611111111111114,54
