region,similarity,distance,days
Brazil.regions.RS:Bento Gonçalves,0.6087419412077837,2.7735849056603774,53
Brazil.regions.MG:Sabará,0.9399719869272327,0.425531914893617,47
Brazil.regions.PE:São Lourenço da Mata,0.11912225705329149,6.2444444444444445,45
Brazil.regions.RJ:Maricá,0.5351239669421487,3.2954545454545454,44
Brazil.regions.BA:Dias d'Ávila,0.9475103885689291,0.37209302325581395,43
Brazil.regions.SC:Palhoça,0.8554075235109718,1.025,40
Brazil.regions.SP:Embu-Guaçu,0.8017453189866983,1.4054054054054055,37
Brazil.regions.MG:Mário Campos,0.9419140697031163,0.4117647058823529,34
Brazil.regions.BA:Cruz das Almas,0.9843260188087775,0.1111111111111111,18
Comoros,0.8307210031347962,1.2,10
Brazil.regions.SP:Pedreira,0.9647335423197492,0.25,4
