region,similarity,distance,days
Brazil.regions.AC,0.37197486294959226,35.68518518518518,54
Suriname,1.1102230246251565e-16,55.5,54
Brazil.regions.PA:Altamira,0.6606498194945849,20.307692307692307,39
