region,similarity,distance,days
Brazil.regions.RJ:Porto Real,0.8435828877005348,0.8181818181818182,33
Brazil.regions.RS:Ivoti,0.8377896613190731,0.8484848484848485,33
Brazil.regions.SP:Itatiba,0.7798573975044563,1.1515151515151516,33
Brazil.regions.PE:Caruaru,0.7740641711229946,1.1818181818181819,33
Brazil.regions.BA:Camaçari,0.7624777183600713,1.2424242424242424,33
Brazil.regions.MA:Raposa,0.7335115864527629,1.393939393939394,33
Brazil.regions.SC:Camboriú,0.6002673796791445,2.090909090909091,33
Brazil.regions.MG:Juiz de Fora,0.519162210338681,2.515151515151515,33
Brazil.regions.RJ:Petrópolis,0.42647058823529416,3.0,33
Brazil.regions.PE:Igarassu,0.16577540106951882,4.363636363636363,33
Brazil.regions.SP:Mongaguá,0.8022312373225152,1.0344827586206897,29
Brazil.regions.PE:Ilha de Itamaracá,0.733718487394958,1.3928571428571428,28
Brazil.regions.PE:Lagoa de Itaenga,0.7782352941176471,1.16,25
Brazil.regions.MG:Igarapé,0.8262032085561497,0.9090909090909091,11
Brazil.regions.BA:Santo Antônio de Jesus,0.8852941176470588,0.6,10
