region,similarity,distance,days
Brazil.regions.RS:Sapiranga,0.37115384615384617,7.108695652173913,46
Aruba,0.30961538461538474,7.804347826086956,46
San_Marino,1.1102230246251565e-16,11.304347826086957,46
Brazil.regions.SP:Cajamar,0.4069055944055945,6.704545454545454,44
Brazil.regions.SP:Bauru,0.34579606440071564,7.395348837209302,43
Brazil.regions.SP:Franca,0.4735459662288931,5.951219512195122,41
Brazil.regions.RJ:Iguaba Grande,0.4556213017751479,6.153846153846154,39
Brazil.regions.PE:Carpina,0.7426573426573426,2.909090909090909,33
Brazil.regions.RS:Imbé,0.7574441687344914,2.7419354838709675,31
Brazil.regions.SC:Penha,0.8162721893491125,2.076923076923077,26
Brazil.regions.GO:Novo Gama,0.8363461538461539,1.85,20
Brazil.regions.SC:Bombinhas,0.9447115384615384,0.625,8
