region,similarity,distance,days
Brazil.regions.SP:Caçapava,0.9768422377446353,1.9333333333333333,30
Brazil.regions.ES:Viana,0.9764074576232401,1.9666666666666666,30
Brazil.regions.RS:Guaíba,0.9764074576232401,1.9666666666666666,30
Brazil.regions.SC:Imbituba,0.9764074576232401,1.9666666666666666,30
Brazil.regions.SC:Içara,0.9764074576232401,1.9666666666666666,30
Brazil.regions.PE:Lagoa do Carro,0.9755378973804498,2.033333333333333,30
Brazil.regions.SP:Mirassol,0.9755378973804498,2.033333333333333,30
Brazil.regions.RS:Erechim,0.9751031172590546,2.066666666666667,30
Brazil.regions.SP:Boituva,0.9742335570162642,2.1333333333333333,30
Brazil.regions.RJ:Três Rios,0.9720596564092883,2.3,30
Brazil.regions.CE:Itaitinga,0.9711900961664979,2.3666666666666667,30
Brazil.regions.SP:Caraguatatuba,0.9711900961664979,2.3666666666666667,30
Brazil.regions.RJ:Angra dos Reis,0.9677118551953364,2.6333333333333333,30
Brazil.regions.PE:Chã Grande,0.966842294952546,2.7,30
Brazil.regions.RS:Passo Fundo,0.9616249334958038,3.1,30
Luxembourg,0.16771643182819318,63.96666666666667,30
Brazil.regions.SP:Leme,0.975041005813141,2.0714285714285716,28
Brazil.regions.SP:Monte Mor,0.9769388555493899,1.9259259259259258,27
Brazil.regions.AL:Rio Largo,0.9701756092165758,2.4444444444444446,27
Brazil.regions.PE:Cupira,0.9804877018394104,1.6538461538461537,26
Brazil.regions.PE:Surubim,0.9779793549852074,1.8461538461538463,26
Brazil.regions.MG:Viçosa,0.9810766180573537,1.608695652173913,23
Brazil.regions.PE:Nazaré da Mata,0.9746683371376594,2.1,20
Brazil.regions.PE:Camocim de São Félix,0.9883295862151819,1.0526315789473684,19
Brazil.regions.AL:Santa Luzia do Norte,0.9882914476080419,1.0555555555555556,18
Brazil.regions.PB:Lagoa Seca,0.992494322114862,0.7333333333333333,15
Brazil.regions.SP:Igaraçu do Tietê,0.992494322114862,0.7333333333333333,15
