region,similarity,distance,days
Brazil.regions.MT:Aripuanã,0.9767059877557115,0.40540540540540543,37
Belize,0.9580707779602807,0.7297297297297297,37
New_Caledonia,0.9549649096610423,0.7837837837837838,37
Brazil.regions.AM:Boca do Acre,0.9487531730625653,0.8918918918918919,37
Brazil.regions.PA:Marabá,0.9425414364640884,1.0,37
Brazil.regions.AP:Oiapoque,0.913035687621323,1.5135135135135136,37
Sweden.regions.Värmland,0.892847543676273,1.864864864864865,37
Sweden.regions.Västernorrland,0.8058832312975959,3.3783783783783785,37
Brazil.regions.PA:Santarém,0.7965656263998806,3.5405405405405403,37
Sweden.regions.Gävleborg,0.5543078990592802,7.756756756756757,37
Sweden.regions.Dalarna,0.25303867403314917,13.0,37
Brazil.regions.RR:Alto Alegre,0.9688082083662194,0.5428571428571428,35
Brazil.regions.AM:Presidente Figueiredo,0.7143971400714981,4.970588235294118,34
Brazil.regions.AM:Tefé,0.3248618784530386,11.75,32
Brazil.regions.PA:Óbidos,0.9692186266771902,0.5357142857142857,28
Brazil.regions.AM:Carauari,0.7193370165745856,4.884615384615385,26
Brazil.regions.PA:Alenquer,0.9697586507705729,0.5263157894736842,19
Brazil.regions.AM:Urucará,0.7938251543711408,3.588235294117647,17
Brazil.regions.RO:Guajará-Mirim,0.9281767955801105,1.25,12
Brazil.regions.AC:Feijó,0.9885082872928177,0.2,10
Brazil.regions.AC:Sena Madureira,0.9281767955801105,1.25,8
Brazil.regions.RR:Amajari,0.9343330702446725,1.1428571428571428,7
Brazil.regions.PA:Portel,0.8440410418310971,2.7142857142857144,7
