region,similarity,distance,days
Brazil.regions.RS:São Sebastião do Caí,0.9463458110516934,0.21212121212121213,33
Brazil.regions.SC:Porto Belo,0.9386809269162211,0.24242424242424243,33
Brazil.regions.PE:Macaparana,0.9310160427807487,0.2727272727272727,33
Brazil.regions.SC:Balneário Piçarras,0.9156862745098039,0.3333333333333333,33
Brazil.regions.RS:Torres,0.9080213903743315,0.36363636363636365,33
Brazil.regions.SP:Tatuí,0.9080213903743315,0.36363636363636365,33
Brazil.regions.ES:Cachoeiro de Itapemirim,0.9003565062388592,0.3939393939393939,33
Brazil.regions.PE:João Alfredo,0.9003565062388592,0.3939393939393939,33
Brazil.regions.SC:Araranguá,0.8926916221033868,0.42424242424242425,33
Brazil.regions.SP:Assis,0.8620320855614974,0.5454545454545454,33
Brazil.regions.SP:Pindamonhangaba,0.8467023172905526,0.6060606060606061,33
Brazil.regions.PB:Patos,0.8237076648841355,0.696969696969697,33
Brazil.regions.SP:Votuporanga,0.8237076648841355,0.696969696969697,33
Brazil.regions.RJ:Tanguá,0.8007130124777184,0.7878787878787878,33
Brazil.regions.SP:Birigui,0.7087344028520499,1.1515151515151516,33
Brazil.regions.PE:Arcoverde,0.6550802139037434,1.3636363636363635,33
Brazil.regions.RJ:Teresópolis,0.6090909090909091,1.5454545454545454,33
Liechtenstein,0.40213903743315504,2.3636363636363638,33
Brazil.regions.SP:Araraquara,0.38680926916221037,2.4242424242424243,33
Brazil.regions.PR:Paiçandu,0.9762867647058824,0.09375,32
Brazil.regions.SP:Porto Ferreira,0.9525735294117648,0.1875,32
Brazil.regions.PR:Apucarana,0.7557809330628803,0.9655172413793104,29
Brazil.regions.SP:Mairinque,0.8915966386554622,0.42857142857142855,28
Brazil.regions.BA:Irecê,0.9625272331154684,0.14814814814814814,27
Brazil.regions.CE:Uruburetama,0.7344117647058823,1.05,20
Brazil.regions.SP:Barrinha,0.973374613003096,0.10526315789473684,19
Brazil.regions.SP:Barra Bonita,0.8173202614379085,0.7222222222222222,18
Brazil.regions.SP:Bom Jesus dos Perdões,0.9553633217993079,0.17647058823529413,17
Brazil.regions.SP:Holambra,0.8512110726643598,0.5882352941176471,17
Brazil.regions.MG:Raposos,0.9747058823529412,0.1,10
Brazil.regions.PB:Nova Floresta,1.0,0.0,8
Brazil.regions.PB:São Sebastião de Lagoa de Roça,0.9277310924369748,0.2857142857142857,7
Brazil.regions.AL:Cajueiro,1.0,0.0,2
Brazil.regions.RS:Portão,0.49411764705882355,2.0,1
