region,similarity,distance,days
Brazil.regions.SP:Catanduva,0.7944969905417025,1.7714285714285714,35
Brazil.regions.GO:Anápolis,0.7884780739466896,1.8,35
Brazil.regions.SP:Jaguariúna,0.7704213241616509,1.8857142857142857,35
Brazil.regions.SP:Rio Claro,0.7583834909716252,1.9428571428571428,35
Brazil.regions.PR:Foz do Iguaçu,0.7463456577815993,2.0,35
Brazil.regions.RN:São Gonçalo do Amarante,0.6139294926913156,2.6285714285714286,35
Brazil.regions.CE:Horizonte,0.4032674118658641,3.6285714285714286,35
Brazil.regions.PE:Vitória de Santo Antão,0.06018916595012902,5.257142857142857,35
