region,similarity,distance,days
Brazil.regions.SP:Vargem Grande Paulista,0.9789609274366681,0.7058823529411765,51
Brazil.regions.PR:Colombo,0.9158437097466724,0.8235294117647058,51
Sint_Maarten,0.4109059682267069,1.7647058823529411,51
Brazil.regions.SP:Ribeirão Pires,0.2627737226277371,2.0408163265306123,49
Brazil.regions.PA:Marituba,0.2080291970802921,2.142857142857143,42
Brazil.regions.RJ:Japeri,0.3306569343065693,1.9142857142857144,35
