region,similarity,distance,days
Serbia,0.22453966615040455,130.44615384615383,65
Brazil.regions.SC,0.8945657754795173,41.704918032786885,61
Nicaragua,1.0,27.74074074074074,54
