region,similarity,distance,days
Serbia,0.22453966615040455,130.44615384615383,65
Brazil.regions.SC,0.8805251858266581,43.564516129032256,62
Nicaragua,1.0,27.74074074074074,54
