region,similarity,distance,days
Romania,1.0,183.32258064516128,62
Ecuador,0.0,408.1290322580645,62
