region,similarity,distance,days
Haiti,1.0,2.0,41
Belgium,0.9735284808608998,17.146341463414632,41
Israel,0.764697607652443,136.6341463414634,41
