region,similarity,distance,days
Saint_Vincent_and_the_Grenadines,0.5642010352312572,1.6415094339622642,53
Brazil.regions.BA:Conceição do Jacuípe,0.5679333680374805,1.6274509803921569,51
Brazil.regions.MG:Pouso Alegre,0.37420986093552455,2.357142857142857,42
Brazil.regions.SP:Itu,0.4560759766889704,2.048780487804878,41
Brazil.regions.SE:Itabaiana,0.34326967862133195,2.473684210526316,38
Brazil.regions.MG:Ubá,0.45467591485290604,2.054054054054054,37
Brazil.regions.CE:Pindoretama,0.23941640755800042,2.864864864864865,37
Brazil.regions.RJ:Paracambi,0.19524336283185828,3.03125,32
Brazil.regions.PE:Machados,0.4690265486725663,2.0,30
Brazil.regions.SC:Rio do Sul,0.4336283185840708,2.1333333333333333,30
Brazil.regions.CE:Pacajus,0.09734513274336276,3.4,30
Brazil.regions.SP:Cruzeiro,0.4500632111251579,2.0714285714285716,28
Brazil.regions.PE:Chã de Alegria,0.40265486725663713,2.25,28
Brazil.regions.SP:Santa Gertrudes,0.4690265486725663,2.0,27
Brazil.regions.MG:Lagoa Santa,0.4247787610619469,2.1666666666666665,24
Brazil.regions.RS:Xangri-lá,0.5044247787610618,1.8666666666666667,15
Brazil.regions.MG:Juatuba,0.7140912185159973,1.0769230769230769,13
