region,similarity,distance,days
Slovakia,1.0,17.37878787878788,66
Denmark,1.1102230246251565e-16,136.8030303030303,66
