region,similarity,distance,days
Lithuania,1.0,15.013513513513514,74
Latvia,0.8766809398754294,22.085714285714285,70
Brazil.regions.ES,0.0856695000051223,67.44927536231884,69
Bosnia_and_Herzegovina,0.8891063069478934,21.37313432835821,67
Brazil.regions.RN,0.7195260293481157,31.098360655737704,61
Brazil.regions.PB,0.5540312992587916,40.589285714285715,56
