region,similarity,distance,days
Lithuania,1.0,15.013513513513514,74
Latvia,0.8703775895998693,22.085714285714285,70
Brazil.regions.ES,0.08652102015691365,64.8529411764706,68
Bosnia_and_Herzegovina,0.8834380688835441,21.37313432835821,67
Brazil.regions.RN,0.705189837696881,31.098360655737704,61
Brazil.regions.PB,0.6033536357212536,36.654545454545456,55
