region,similarity,distance,days
Honduras,0.9428897041976498,32.34426229508197,61
Brazil.regions.PE,-2.220446049250313e-16,217.86885245901638,61
Benin,0.9577988448800693,29.410714285714285,56
