region,similarity,distance,days
Brazil.regions.RJ:Barra Mansa,0.9177722994173017,0.8833333333333333,60
Brazil.regions.MG:Divinópolis,0.8093904078888391,1.75,60
Brazil.regions.SC:Tubarão,0.8183229813664596,1.6785714285714286,56
Brazil.regions.PR:Londrina,0.7334635333290644,2.357142857142857,56
Brazil.regions.SC:Jaraguá do Sul,0.900866577020768,1.0185185185185186,54
Brazil.regions.SC:Chapecó,0.19684745256237868,6.648148148148148,54
Grenada,0.9482025997310624,0.64,50
Brazil.regions.PI:Parnaíba,0.7614522635589421,2.1333333333333333,45
Brazil.regions.PR:São José dos Pinhais,0.9316042541053747,0.7727272727272727,44
Brazil.regions.BA:Candeias,0.9031824294038547,1.0,42
Brazil.regions.RS:Tramandaí,0.9794361054323228,0.3902439024390244,41
Brazil.regions.MG:Varginha,0.8999758645657346,1.0256410256410255,39
Brazil.regions.PA:Benevides,0.7973657897458883,1.8461538461538463,39
Brazil.regions.SC:Timbó,0.8457242540613226,1.4594594594594594,37
Brazil.regions.SP:Bragança Paulista,0.6079112505602868,3.361111111111111,36
Brazil.regions.MG:Itajubá,0.9372886190456786,0.7272727272727273,33
Brazil.regions.SP:Américo Brasiliense,0.9266304347826086,0.8125,32
Brazil.regions.MG:Nova Serrana,0.9515912147019274,0.6129032258064516,31
Brazil.regions.PE:Itapissuma,0.8823397579560736,1.1666666666666667,30
Brazil.regions.AL:Satuba,0.8298737229323483,1.5862068965517242,29
Brazil.regions.MG:Conselheiro Lafaiete,0.9176119711753956,0.8846153846153846,26
Brazil.regions.SP:Serrana,0.8431555356342447,1.48,25
Brazil.regions.PB:Guarabira,0.4342223218287764,4.75,20
Brazil.regions.SE:Barra dos Coqueiros,0.7634139267540274,2.1176470588235294,17
Brazil.regions.SE:Carmópolis,0.9031824294038547,1.0,3
