region,similarity,distance,days
Brazil.regions.RJ:Barra Mansa,0.9130243355747678,0.8833333333333333,60
Brazil.regions.MG:Divinópolis,0.8027137367915466,1.75,60
Brazil.regions.PR:Londrina,0.72543570742418,2.357142857142857,56
Brazil.regions.SC:Tubarão,0.8125491223473933,1.6727272727272726,55
Brazil.regions.SC:Jaraguá do Sul,0.9053794428434198,0.9433962264150944,53
Brazil.regions.SC:Chapecó,0.20893371757925072,6.415094339622642,53
Grenada,0.9439961575408261,0.64,50
Brazil.regions.PI:Parnaíba,0.7539225104066603,2.1333333333333333,45
Brazil.regions.PR:São José dos Pinhais,0.9271024364684307,0.7727272727272727,44
Brazil.regions.BA:Candeias,0.8981748318924111,1.0,42
Brazil.regions.RS:Tramandaí,0.9745437079731027,0.4,40
Brazil.regions.PA:Benevides,0.7904751348555383,1.8461538461538463,39
Brazil.regions.MG:Varginha,0.8914758076748066,1.0526315789473684,38
Brazil.regions.SC:Timbó,0.9158528124666453,0.8611111111111112,36
Brazil.regions.SP:Bragança Paulista,0.589062714422945,3.4285714285714284,35
Brazil.regions.MG:Itajubá,0.9299951969260326,0.75,32
Brazil.regions.SP:Américo Brasiliense,0.9228099532087632,0.8064516129032258,31
Brazil.regions.MG:Nova Serrana,0.9490874159462056,0.6,30
Brazil.regions.PE:Itapissuma,0.8769612552033301,1.1666666666666667,30
Brazil.regions.AL:Satuba,0.8709002332921641,1.2142857142857142,28
Brazil.regions.MG:Conselheiro Lafaiete,0.918539865513929,0.84,25
Brazil.regions.SP:Serrana,0.8398374959974384,1.4583333333333333,24
Brazil.regions.PB:Guarabira,0.4694372819657213,4.368421052631579,19
Brazil.regions.SE:Barra dos Coqueiros,0.7559190823303384,2.1176470588235294,17
Brazil.regions.SE:Carmópolis,0.8981748318924111,1.0,3
