region,similarity,distance,days
Azerbaijan,0.8291029429296456,91.38028169014085,71
United_Arab_Emirates,0.7350714018086755,126.92957746478874,71
Jordan,0.7751662636033857,111.77142857142857,70
Portugal,0.28710701330108823,296.2857142857143,70
Hungary,0.8633282061313038,78.44117647058823,68
