region,similarity,distance,days
Slovakia,0.07878710987059134,127.39393939393939,66
Costa_Rica,1.1102230246251565e-16,136.8030303030303,66
