region,similarity,distance,days
Bhutan,0.34370878627355617,22.37037037037037,54
Equatorial_Guinea,0.2710280373831775,24.0,54
Estonia,0.12071103399625804,27.37037037037037,54
Brazil.regions.RO:Porto Velho,0.0,30.076923076923077,52
