region,similarity,distance,days
Montenegro,0.4059808090720749,22.27777777777778,54
Sweden.regions.Uppsala,0.3924962744884236,22.64814814814815,54
Equatorial_Guinea,0.34327772325809613,24.0,54
Sweden.regions.Östergötland,0.2306818594846073,27.09259259259259,54
Brazil.regions.AC:Rio Branco,0.050663322792861454,32.03703703703704,54
Fiji,0.406476938174681,22.264150943396228,53
