region,similarity,distance,days
Romania,0.011571084644696361,405.52777777777777,72
Burkina_Faso,0.0,408.1290322580645,62
