region,similarity,distance,days
Bhutan,1.0,7.655172413793103,58
Estonia,0.012658227848101111,29.79310344827586,58
Djibouti,0.2710280373831775,24.0,54
Brazil.regions.RO:Porto Velho,0.4845912693718206,19.21153846153846,52
