region,similarity,distance,days
Sweden.regions.Uppsala,0.5378735068187201,18.655172413793103,58
Sweden.regions.Östergötland,0.08779229129301891,31.017241379310345,58
Brazil.regions.AC:Rio Branco,0.4993130520117762,19.714285714285715,56
Montenegro,0.744430368453921,12.981818181818182,55
Djibouti,0.34327772325809613,24.0,54
Fiji,0.9100098135426888,8.433962264150944,53
