region,similarity,distance,days
Bhutan,0.17783494687923196,26.08955223880597,67
Equatorial_Guinea,0.012658227848101111,29.79310344827586,58
Djibouti,0.12071103399625804,27.37037037037037,54
Brazil.regions.RO:Porto Velho,0.26588193540754745,24.115384615384617,52
