region,similarity,distance,days
North_Macedonia,0.46030801808376587,21.310344827586206,58
Sweden.regions.Västra Götaland,0.036697317297911036,36.05172413793103,58
Timor_Leste,1.0,2.5294117647058822,51
Guinea_Bissau,0.6372702304893494,15.152173913043478,46
