region,similarity,distance,days
North_Macedonia,0.46023910734936835,21.310344827586206,58
Sweden.regions.Västra Götaland,0.03657431770270392,36.05172413793103,58
Timor_Leste,1.0,2.5294117647058822,51
Guinea_Bissau,0.6372239152287147,15.152173913043478,46
