region,similarity,distance,days
Montenegro,1.0,5.962264150943396,53
Equatorial_Guinea,0.9100098135426888,8.433962264150944,53
Sweden.regions.Uppsala,0.6695780176643767,15.037735849056604,53
Brazil.regions.AC:Rio Branco,0.5129538763493622,19.339622641509433,53
Djibouti,0.406476938174681,22.264150943396228,53
Sweden.regions.Östergötland,0.1282630029440628,29.90566037735849,53
