region,similarity,distance,days
New_Zealand,0.30997782705099775,23.6,60
Brazil.regions.TO,1.0,12.074074074074074,54
Brazil.regions.PI,0.451219512195122,21.24074074074074,54
