region,similarity,distance,days
Trinidad_and_Tobago,1.0,2.4909090909090907,55
Jamaica,0.9749545682614507,8.49090909090909,55
Kuwait,0.8854740712319064,29.927272727272726,55
Qatar,0.4218300030779739,141.0,55
