region,similarity,distance,days
Ireland,0.013958833474726928,331.1111111111111,72
Panama,0.6245374632226854,129.76190476190476,63
Liberia,1.0,5.946428571428571,56
