region,similarity,distance,days
Tunisia,1.0,27.15714285714286,70
Brazil.regions.CE,0.08827129585711868,286.82456140350877,57
Tajikistan,0.9000054639068951,55.63636363636363,11
