region,similarity,distance,days
Curaçao,0.9439961575408261,0.64,50
Brazil.regions.RJ:Barra Mansa,0.9312680115273775,0.74,50
Brazil.regions.SC:Jaraguá do Sul,0.9159942363112392,0.86,50
Brazil.regions.MG:Divinópolis,0.8421709894332373,1.44,50
Brazil.regions.SC:Tubarão,0.7938040345821326,1.82,50
Brazil.regions.PR:Londrina,0.6996157540826129,2.56,50
Brazil.regions.SC:Chapecó,0.38650336215177716,5.02,50
Brazil.regions.PI:Parnaíba,0.7482655566229053,2.1777777777777776,45
Brazil.regions.PR:São José dos Pinhais,0.9155313946380229,0.8636363636363636,44
Brazil.regions.BA:Candeias,0.8981748318924111,1.0,42
Brazil.regions.RS:Tramandaí,0.9522694524495677,0.575,40
Brazil.regions.PA:Benevides,0.7611024902091185,2.076923076923077,39
Brazil.regions.MG:Varginha,0.8881262955660043,1.0789473684210527,38
Brazil.regions.SC:Timbó,0.9123172163517985,0.8888888888888888,36
Brazil.regions.SP:Bragança Paulista,0.5926993275696446,3.4,35
Brazil.regions.MG:Itajubá,0.9220401056676273,0.8125,32
Brazil.regions.SP:Américo Brasiliense,0.9351275138669394,0.7096774193548387,31
Brazil.regions.MG:Nova Serrana,0.9533301312840218,0.5666666666666667,30
Brazil.regions.PE:Itapissuma,0.8472622478386167,1.4,30
Brazil.regions.AL:Satuba,0.8572629339920406,1.3214285714285714,28
Brazil.regions.MG:Conselheiro Lafaiete,0.8676272814601345,1.24,25
Brazil.regions.SP:Serrana,0.8398374959974384,1.4583333333333333,24
Brazil.regions.PB:Guarabira,0.402447039789676,4.894736842105263,19
Brazil.regions.SE:Barra dos Coqueiros,0.7334576481889585,2.2941176470588234,17
Brazil.regions.SE:Carmópolis,0.8981748318924111,1.0,3
