region,similarity,distance,days
Saint_Lucia,0.8398737032025259,2.6296296296296298,54
Brazil.regions.SE:Propriá,0.8229589535408209,2.9074074074074074,54
Brazil.regions.RS:Caxias do Sul,0.811682453766351,3.0925925925925926,54
Brazil.regions.MG:Poços de Caldas,0.8023846605560804,3.2452830188679247,53
Brazil.regions.MT:Várzea Grande,0.8075778078484438,3.16,50
United_States_Virgin_Islands,0.7924663776200602,3.4081632653061225,49
Brazil.regions.SP:Mairiporã,0.770679181182161,3.765957446808511,47
Brazil.regions.RN:Passa e Fica,0.7970230040595399,3.3333333333333335,45
Brazil.regions.CE:Caucaia,0.0,16.42222222222222,45
Brazil.regions.RJ:Seropédica,0.777186615819904,3.659090909090909,44
Brazil.regions.PR:Matinhos,0.7904144507033388,3.441860465116279,43
Brazil.regions.SP:Itupeva,0.7889983321270101,3.4651162790697674,43
Brazil.regions.SP:Piracicaba,0.6587154231047613,5.604651162790698,43
Brazil.regions.RJ:São Pedro da Aldeia,0.7796249758360719,3.619047619047619,42
Brazil.regions.PR:Arapongas,0.7920723456219677,3.4146341463414633,41
Brazil.regions.PR:Araucária,0.7801907653717944,3.6097560975609757,41
Brazil.regions.SP:Águas de Lindóia,0.7762178619756428,3.675,40
Brazil.regions.SP:Atibaia,0.7845321120016655,3.5384615384615383,39
Brazil.regions.SP:São Roque,0.7842644500289967,3.5428571428571427,35
Brazil.regions.PE:Moreno,0.7477285907597139,4.142857142857143,35
Brazil.regions.SP:Sertãozinho,0.7600095518586325,3.9411764705882355,34
Brazil.regions.SP:Artur Nogueira,0.7435108869479641,4.212121212121212,33
Brazil.regions.PE:Garanhuns,0.7305941690244803,4.424242424242424,33
Brazil.regions.PE:Santa Cruz do Capibaribe,0.7210703217076257,4.580645161290323,31
Brazil.regions.PE:São José da Coroa Grande,0.7381596752368065,4.3,30
Brazil.regions.RJ:Pinheiral,0.6803112313937754,5.25,24
Brazil.regions.SP:Aparecida,0.6650879566982408,5.5,24
Brazil.regions.ES:Piúma,0.6955345060893099,5.0,23
Brazil.regions.PE:Condado,0.6891247062175059,5.105263157894737,19
Brazil.regions.ES:Marataízes,0.7069519621109608,4.8125,16
Brazil.regions.SE:Pedrinhas,0.6650879566982408,5.5,2
