region,similarity,distance,days
Saint_Lucia,0.8398737032025259,2.6296296296296298,54
Brazil.regions.SE:Propriá,0.8229589535408209,2.9074074074074074,54
Brazil.regions.RS:Caxias do Sul,0.811682453766351,3.0925925925925926,54
Brazil.regions.MG:Poços de Caldas,0.8060442038791159,3.185185185185185,54
Brazil.regions.MT:Várzea Grande,0.8006049510467245,3.2745098039215685,51
United_States_Virgin_Islands,0.7924663776200602,3.4081632653061225,49
Brazil.regions.SP:Mairiporã,0.7615020297699594,3.9166666666666665,48
Brazil.regions.RN:Passa e Fica,0.7970230040595399,3.3333333333333335,45
Brazil.regions.CE:Caucaia,0.0,16.42222222222222,45
Brazil.regions.SP:Itupeva,0.793793824578669,3.3863636363636362,44
Brazil.regions.RJ:Seropédica,0.777186615819904,3.659090909090909,44
Brazil.regions.SP:Piracicaba,0.6623200885717799,5.545454545454546,44
Brazil.regions.PR:Matinhos,0.7904144507033388,3.441860465116279,43
Brazil.regions.RJ:São Pedro da Aldeia,0.7796249758360719,3.619047619047619,42
Brazil.regions.PR:Arapongas,0.7920723456219677,3.4146341463414633,41
Brazil.regions.PR:Araucária,0.7801907653717944,3.6097560975609757,41
Brazil.regions.SP:Águas de Lindóia,0.7787055678405228,3.6341463414634148,41
Brazil.regions.SP:Atibaia,0.7823071718538566,3.575,40
Brazil.regions.SP:São Roque,0.7885656292286873,3.4722222222222223,36
Brazil.regions.SP:Sertãozinho,0.763386816160835,3.8857142857142857,35
Brazil.regions.PE:Moreno,0.7477285907597139,4.142857142857143,35
Brazil.regions.SP:Artur Nogueira,0.751054684390671,4.088235294117647,34
Brazil.regions.PE:Garanhuns,0.7305941690244803,4.424242424242424,33
Brazil.regions.PE:Santa Cruz do Capibaribe,0.7210703217076257,4.580645161290323,31
Brazil.regions.PE:São José da Coroa Grande,0.7381596752368065,4.3,30
Brazil.regions.SP:Aparecida,0.668741542625169,5.44,25
Brazil.regions.ES:Piúma,0.7082205683355887,4.791666666666667,24
Brazil.regions.RJ:Pinheiral,0.6803112313937754,5.25,24
Brazil.regions.PE:Condado,0.6891247062175059,5.105263157894737,19
Brazil.regions.ES:Marataízes,0.7385178699355249,4.294117647058823,17
Brazil.regions.SE:Pedrinhas,0.6650879566982408,5.5,2
