region,similarity,distance,days
Eswatini,0.6372239152287147,15.152173913043478,46
Timor_Leste,0.6072345235588364,16.195652173913043,46
North_Macedonia,0.5085194426454871,19.630434782608695,46
Sweden.regions.Västra Götaland,0.4854026198999558,20.434782608695652,46
