region,similarity,distance,days
Eswatini,0.6372702304893494,15.152173913043478,46
Timor_Leste,0.6072846675351713,16.195652173913043,46
North_Macedonia,0.5085821894776689,19.630434782608695,46
Sweden.regions.Västra Götaland,0.4854683180338233,20.434782608695652,46
