region,similarity,distance,days
Brazil.regions.RO,0.0,26.339622641509433,53
Brazil.regions.RR,0.3798110813478077,24.384615384615383,52
