region,similarity,distance,days
Belgium,0.7941650982554981,119.77358490566037,53
Israel,0.6230537068501439,217.67924528301887,53
Burundi,1.0,2.0,41
