region,similarity,distance,days
Cuba,0.9428897041976498,32.34426229508197,61
Brazil.regions.PE,0.015080236499052102,214.9016393442623,61
Benin,1.0,21.107142857142858,56
