region,similarity,distance,days
Azerbaijan,0.9886982982431183,31.044117647058822,68
Jordan,0.9448596095028096,47.61764705882353,68
United_Arab_Emirates,0.9232709029802973,55.779411764705884,68
Czechia,0.8633282061313038,78.44117647058823,68
Portugal,0.0972597624297602,368.05882352941177,68
