region,similarity,distance,days
Sweden.regions.Norrbotten,0.27666703898134704,25.6984126984127,63
Brazil.regions.AM:São Gabriel da Cachoeira,0.0,35.52777777777778,36
Brazil.regions.PA:Oriximiná,0.4767218707797285,18.59090909090909,22
Brazil.regions.AM:Barcelos,0.6692728694292416,11.75,20
