region,similarity,distance,days
Georgia,0.013958833474726928,331.1111111111111,72
Panama,0.3266367033086046,228.0,63
Liberia,0.0,335.7142857142857,56
