region,similarity,distance,days
Belgium,1.1102230246251565e-16,574.175,80
Haiti,0.6230537068501439,217.67924528301887,53
Burundi,0.764697607652443,136.6341463414634,41
