region,similarity,distance,days
Kuwait,0.8697052782932887,33.704918032786885,61
Qatar,0.17808183954597223,199.39344262295083,61
Trinidad_and_Tobago,0.9728990719697769,8.983333333333333,60
Gambia,0.9749545682614507,8.49090909090909,55
