region,similarity,distance,days
United_Arab_Emirates,1.0,26.771428571428572,70
Azerbaijan,0.9950498790810157,28.642857142857142,70
Czechia,0.7751662636033857,111.77142857142857,70
Portugal,0.0,404.8285714285714,70
Hungary,0.9448596095028096,47.61764705882353,68
