region,similarity,distance,days
Qatar,0.0,242.05555555555554,72
Jamaica,0.8697052782932887,33.704918032786885,61
Trinidad_and_Tobago,0.8525418583373038,37.81666666666667,60
Gambia,0.8854740712319064,29.927272727272726,55
