region,similarity,distance,days
Lithuania,0.9553972389951804,17.571428571428573,70
Croatia,0.8766809398754294,22.085714285714285,70
Brazil.regions.ES,0.0,72.3623188405797,69
Bosnia_and_Herzegovina,0.8529307169972427,23.44776119402985,67
Brazil.regions.RN,0.7332470692444822,30.311475409836067,61
Brazil.regions.PB,0.42076161562250425,48.232142857142854,56
