region,similarity,distance,days
Lithuania,0.9531174062946517,17.571428571428573,70
Croatia,0.8703775895998693,22.085714285714285,70
Brazil.regions.ES,1.1102230246251565e-16,69.57352941176471,68
Bosnia_and_Herzegovina,0.8454133940091708,23.44776119402985,67
Brazil.regions.RN,0.7196122170335933,30.311475409836067,61
Brazil.regions.PB,0.4613915336592047,44.4,55
