region,similarity,distance,days
Georgia,1.0,5.946428571428571,56
Panama,0.6293388205989061,128.17857142857142,56
Ireland,0.0,335.7142857142857,56
