region,similarity,distance,days
Brazil.regions.ES:Cachoeiro de Itapemirim,0.5516362923770332,1.9259259259259258,54
Brazil.regions.RS:Torres,0.5431765997803735,1.9622641509433962,53
Brazil.regions.SC:Porto Belo,0.6074281564477644,1.6862745098039216,51
Brazil.regions.SP:Tatuí,0.5198412698412699,2.0625,48
Brazil.regions.PB:Patos,0.0,4.295454545454546,44
Brazil.regions.SP:Votuporanga,0.6101882613510521,1.6744186046511629,43
Brazil.regions.RJ:Teresópolis,0.3015873015873016,3.0,43
Brazil.regions.RS:São Sebastião do Caí,0.5399344923154448,1.9761904761904763,42
Brazil.regions.SP:Assis,0.5457478384307652,1.951219512195122,41
Brazil.regions.SP:Araraquara,0.19370241321460835,3.4634146341463414,41
Brazil.regions.SC:Araranguá,0.4645502645502646,2.3,40
Brazil.regions.SP:Birigui,0.5155155155155156,2.081081081081081,37
Brazil.regions.RJ:Tanguá,0.4714714714714715,2.27027027027027,37
Brazil.regions.SP:Pindamonhangaba,0.5214579659024103,2.0555555555555554,36
Brazil.regions.PE:Macaparana,0.46122448979591835,2.3142857142857145,35
Brazil.regions.SC:Balneário Piçarras,0.48646125116713346,2.2058823529411766,34
Brazil.regions.SC:Cocal do Sul,0.465919701213819,2.2941176470588234,34
Brazil.regions.PE:Arcoverde,0.37690631808278874,2.676470588235294,34
Brazil.regions.PE:João Alfredo,0.45679012345679015,2.3333333333333335,33
Brazil.regions.SP:Porto Ferreira,0.44973544973544977,2.3636363636363638,33
Brazil.regions.PR:Paiçandu,0.4398148148148149,2.40625,32
Brazil.regions.SP:Mairinque,0.48622514139755524,2.206896551724138,29
Brazil.regions.PR:Apucarana,0.3497536945812808,2.793103448275862,29
Brazil.regions.BA:Irecê,0.45679012345679015,2.3333333333333335,27
Brazil.regions.SP:Barrinha,0.44126984126984137,2.4,20
Brazil.regions.CE:Uruburetama,0.2666666666666667,3.15,20
Brazil.regions.SP:Barra Bonita,0.4241158451684768,2.473684210526316,19
Brazil.regions.SP:Holambra,0.5343915343915344,2.0,18
Brazil.regions.SP:Bom Jesus dos Perdões,0.5214579659024103,2.0555555555555554,18
Brazil.regions.MG:Raposos,0.9365079365079365,0.2727272727272727,11
Brazil.regions.PB:Nova Floresta,0.9223985890652557,0.3333333333333333,9
Brazil.regions.PB:São Sebastião de Lagoa de Roça,0.9126984126984127,0.375,8
Brazil.regions.AL:Cajueiro,0.9223985890652557,0.3333333333333333,3
Brazil.regions.RS:Portão,0.7671957671957672,1.0,2
