region,similarity,distance,days
Brazil.regions.ES:Cachoeiro de Itapemirim,0.5322974472807991,1.849056603773585,53
Brazil.regions.RS:Torres,0.4989819004524887,1.9807692307692308,52
Brazil.regions.SC:Porto Belo,0.5649411764705883,1.72,50
Brazil.regions.SP:Tatuí,0.4725907384230288,2.0851063829787235,47
Brazil.regions.RJ:Teresópolis,0.24117647058823533,3.0,43
Brazil.regions.PB:Patos,1.1102230246251565e-16,3.953488372093023,43
Brazil.regions.SP:Votuporanga,0.5663865546218487,1.7142857142857142,42
Brazil.regions.RS:São Sebastião do Caí,0.487948350071736,2.024390243902439,41
Brazil.regions.SP:Assis,0.5004411764705883,1.975,40
Brazil.regions.SP:Araraquara,0.10205882352941187,3.55,40
Brazil.regions.SC:Araranguá,0.41628959276018107,2.3076923076923075,39
Brazil.regions.RJ:Tanguá,0.4257551669316376,2.27027027027027,37
Brazil.regions.SP:Birigui,0.4730392156862745,2.0833333333333335,36
Brazil.regions.SP:Pindamonhangaba,0.472436974789916,2.085714285714286,35
Brazil.regions.PE:Macaparana,0.4146218487394958,2.3142857142857145,35
Brazil.regions.PE:Arcoverde,0.3230103806228375,2.676470588235294,34
Brazil.regions.SC:Balneário Piçarras,0.4251336898395721,2.272727272727273,33
Brazil.regions.PE:João Alfredo,0.40980392156862744,2.3333333333333335,33
Brazil.regions.SC:Cocal do Sul,0.40213903743315504,2.3636363636363638,33
Brazil.regions.PR:Paiçandu,0.39136029411764706,2.40625,32
Brazil.regions.SP:Porto Ferreira,0.38345588235294126,2.4375,32
Brazil.regions.PR:Apucarana,0.2935091277890467,2.793103448275862,29
Brazil.regions.SP:Mairinque,0.44894957983193284,2.1785714285714284,28
Brazil.regions.BA:Irecê,0.40980392156862744,2.3333333333333335,27
Brazil.regions.CE:Uruburetama,0.20323529411764707,3.15,20
Brazil.regions.SP:Barrinha,0.3876160990712074,2.4210526315789473,19
Brazil.regions.SP:Barra Bonita,0.48006535947712425,2.0555555555555554,18
Brazil.regions.SP:Holambra,0.49411764705882355,2.0,17
Brazil.regions.SP:Bom Jesus dos Perdões,0.47923875432525964,2.0588235294117645,17
Brazil.regions.MG:Raposos,0.9494117647058824,0.2,10
Brazil.regions.PB:Nova Floresta,0.9367647058823529,0.25,8
Brazil.regions.PB:São Sebastião de Lagoa de Roça,0.9277310924369748,0.2857142857142857,7
Brazil.regions.AL:Cajueiro,1.0,0.0,2
Brazil.regions.RS:Portão,0.49411764705882355,2.0,1
