region,similarity,distance,days
Croatia,1.0,15.013513513513514,74
Latvia,0.9531174062946517,17.571428571428573,70
Brazil.regions.ES,0.06738397208482383,65.8970588235294,68
Bosnia_and_Herzegovina,0.8804289219510397,21.53731343283582,67
Brazil.regions.RN,0.7592737602095526,28.147540983606557,61
Brazil.regions.PB,0.5760275972961644,38.14545454545455,55
