region,similarity,distance,days
Croatia,1.0,15.013513513513514,74
Latvia,0.9553972389951804,17.571428571428573,70
Brazil.regions.ES,0.06065097345495374,68.8840579710145,69
Bosnia_and_Herzegovina,0.8862434904769786,21.53731343283582,67
Brazil.regions.RN,0.7709799289594905,28.147540983606557,61
Brazil.regions.PB,0.5341031222664496,41.732142857142854,56
