region,similarity,distance,days
Brazil.regions.RS:Erechim,0.10303081154506488,68.92592592592592,54
Brazil.regions.SC:Imbituba,0.09812700220941262,69.30188679245283,53
Brazil.regions.SC:Içara,0.06476049908181303,71.86,50
Brazil.regions.RS:Passo Fundo,0.11649563327148793,67.8936170212766,47
Brazil.regions.CE:Itaitinga,0.04870525496265621,73.0909090909091,44
Brazil.regions.RJ:Angra dos Reis,0.029567576046276134,74.55813953488372,43
Brazil.regions.ES:Viana,0.015419166448050747,75.64285714285714,42
Brazil.regions.RS:Guaíba,0.0,76.825,40
Brazil.regions.RJ:Três Rios,0.008419684273941352,76.17948717948718,39
Brazil.regions.SP:Caraguatatuba,0.021630311039410377,75.16666666666667,36
Brazil.regions.PE:Lagoa do Carro,0.008224590629725581,76.19444444444444,36
Brazil.regions.SP:Boituva,0.007137640326237649,76.27777777777777,36
Brazil.regions.SP:Mirassol,0.0035144726479443555,76.55555555555556,36
Brazil.regions.SP:Caçapava,0.03914939240151061,73.82352941176471,34
Brazil.regions.RJ:Saquarema,0.16771643182819318,63.96666666666667,30
Brazil.regions.PE:Chã Grande,0.14989044685099062,65.33333333333333,30
Brazil.regions.SP:Leme,0.24693958109098746,57.892857142857146,28
Brazil.regions.AL:Rio Largo,0.3088267356721198,53.148148148148145,27
Brazil.regions.SP:Monte Mor,0.3020634893393058,53.666666666666664,27
Brazil.regions.PE:Cupira,0.3313275359716742,51.42307692307692,26
Brazil.regions.PE:Surubim,0.3308258666008336,51.46153846153846,26
Brazil.regions.MG:Viçosa,0.5472416708391131,34.869565217391305,23
Brazil.regions.PE:Nazaré da Mata,0.7777129421456399,17.2,20
Brazil.regions.PE:Camocim de São Félix,0.8544630751540323,11.31578947368421,19
Brazil.regions.AL:Santa Luzia do Norte,0.8998861562576873,7.833333333333333,18
Brazil.regions.PB:Lagoa Seca,0.9681466353167316,2.6,15
Brazil.regions.SP:Igaraçu do Tietê,0.9646683943455701,2.8666666666666667,15
