region,similarity,distance,days
Brazil.regions.RS:Erechim,0.11806973848069735,67.92727272727272,55
Brazil.regions.SC:Imbituba,0.10772450532724487,68.72222222222223,54
Brazil.regions.SC:Içara,0.08165457964007528,70.72549019607843,51
Brazil.regions.RS:Passo Fundo,0.11983447488584464,67.79166666666667,48
Brazil.regions.CE:Itaitinga,0.050871731008717225,73.0909090909091,44
Brazil.regions.RJ:Angra dos Reis,0.031777636189869285,74.55813953488372,43
Brazil.regions.ES:Viana,0.026935329722841628,74.93023255813954,43
Brazil.regions.RS:Guaíba,0.0,77.0,41
Brazil.regions.RJ:Três Rios,0.010677906568317463,76.17948717948718,39
Brazil.regions.SP:Caraguatatuba,0.023917067752684096,75.16216216216216,37
Brazil.regions.SP:Boituva,0.008793039614957365,76.32432432432432,37
Brazil.regions.SP:Mirassol,0.004924102184376,76.62162162162163,37
Brazil.regions.PE:Lagoa do Carro,0.010483257229832565,76.19444444444444,36
Brazil.regions.SP:Caçapava,0.02230919765166328,75.28571428571429,35
Brazil.regions.RJ:Saquarema,0.16961187214611861,63.96666666666667,30
Brazil.regions.PE:Chã Grande,0.15182648401826482,65.33333333333333,30
Brazil.regions.SP:Leme,0.17187057156353325,63.793103448275865,29
Brazil.regions.AL:Rio Largo,0.2653864970645793,56.607142857142854,28
Brazil.regions.SP:Monte Mor,0.25516144814090014,57.392857142857146,28
Brazil.regions.PE:Cupira,0.3328503688092729,51.42307692307692,26
Brazil.regions.PE:Surubim,0.33234984193888295,51.46153846153846,26
Brazil.regions.MG:Viçosa,0.5254280821917808,36.625,24
Brazil.regions.PE:Nazaré da Mata,0.7782191780821918,17.2,20
Brazil.regions.AL:Santa Luzia do Norte,0.8568493150684932,11.157894736842104,19
Brazil.regions.PE:Camocim de São Félix,0.8547945205479452,11.31578947368421,19
Brazil.regions.PB:Lagoa Seca,0.9418664383561643,4.625,16
Brazil.regions.SP:Igaraçu do Tietê,0.935359589041096,5.125,16
