region,similarity,distance,days
Brazil.regions.SP:Campinas,0.5853060961048181,13.036363636363637,55
Brazil.regions.RJ:Volta Redonda,0.7741482109350664,10.346938775510203,49
Brazil.regions.SP:Sorocaba,0.9114660986865459,8.391304347826088,46
Brazil.regions.SP:Santos,0.12900248491302824,19.53488372093023,43
