region,similarity,distance,days
Brazil.regions.SP:Campinas,0.5697638960402721,13.285714285714286,56
Brazil.regions.RJ:Volta Redonda,0.7824309973840815,10.346938775510203,49
Brazil.regions.SP:Sorocaba,0.9260944115897399,8.361702127659575,47
Brazil.regions.SP:Santos,0.09210204010218004,19.886363636363637,44
