region,similarity,distance,days
Brazil.regions.SP:Mogi das Cruzes,0.34261801138265824,13.226415094339623,53
Brazil.regions.PI:Teresina,0.0,19.962264150943398,53
Brazil.regions.MG:Timóteo,0.6694967079567014,6.8,50
Brazil.regions.RS:Gravataí,0.6603834207491723,6.979166666666667,48
Brazil.regions.PR:Almirante Tamandaré,0.609641781051222,7.976744186046512,43
Brazil.regions.RJ:Magé,0.45204943644682527,11.075,40
Brazil.regions.CE:Pacatuba,0.46548738226006403,10.81081081081081,37
