region,similarity,distance,days
Armenia,0.440527526743993,44.63076923076923,65
Brazil.regions.AL,0.2856851443345432,52.47692307692308,65
Slovenia,0.018809744064138156,66.0,65
Albania,0.0,66.953125,64
Brazil.regions.SE,0.1422359501821393,59.74576271186441,59
