region,similarity,distance,days
Equatorial_Guinea,0.744430368453921,12.981818181818182,55
Sweden.regions.Uppsala,0.6100508519939334,16.672727272727272,55
Sweden.regions.Östergötland,0.3260665536622357,24.472727272727273,55
Brazil.regions.AC:Rio Branco,0.30422160763672046,25.072727272727274,55
Djibouti,0.4059808090720749,22.27777777777778,54
Fiji,1.0,5.962264150943396,53
