region,similarity,distance,days
Bahamas,0.8389114451881927,5.818181818181818,55
Sweden.regions.Jönköping,0.5931087457478328,13.963636363636363,55
Sweden.regions.Uppsala,0.5113574015143203,16.672727272727272,55
Sweden.regions.Örebro,0.41259738834631854,19.945454545454545,55
Sweden.regions.Östergötland,0.2759793701305828,24.472727272727273,55
Brazil.regions.AC:Rio Branco,0.2578733677164491,25.072727272727274,55
Fiji,0.8345635200801674,5.962264150943396,53
Brazil.regions.BA:Juazeiro,0.8189399758586634,6.48,50
Brazil.regions.PA:Parauapebas,0.7516124705853664,8.71111111111111,45
Brazil.regions.MA:Caxias,0.7640184352024579,8.3,30
