region,similarity,distance,days
Sweden.regions.Värmland,0.8497237569060774,2.6153846153846154,52
Sweden.regions.Västernorrland,0.6718232044198895,5.711538461538462,52
Sweden.regions.Gävleborg,0.36353591160221,11.076923076923077,52
Sweden.regions.Dalarna,0.0,17.403846153846153,52
Brazil.regions.PA:Marabá,0.8092375690607735,3.32,50
Belize,0.9648212876310746,0.6122448979591837,49
Brazil.regions.AM:Boca do Acre,0.8594098977312801,2.4468085106382977,47
Brazil.regions.PA:Santarém,0.8023985985716211,3.4390243902439024,41
Brazil.regions.AP:Oiapoque,0.8924493554327808,1.8717948717948718,39
Brazil.regions.MT:Aripuanã,0.9720471853068539,0.4864864864864865,37
Brazil.regions.MT:Cáceres,0.9549649096610423,0.7837837837837838,37
Brazil.regions.RR:Alto Alegre,0.9556748224151539,0.7714285714285715,35
Brazil.regions.AM:Presidente Figueiredo,0.6805979850503737,5.5588235294117645,34
Brazil.regions.AM:Tefé,0.29433701657458566,12.28125,32
Brazil.regions.PA:Óbidos,0.9548539857932123,0.7857142857142857,28
Brazil.regions.AM:Carauari,0.6994475138121548,5.230769230769231,26
Brazil.regions.PA:Alenquer,0.9425414364640884,1.0,19
Brazil.regions.AM:Urucará,0.8174845628859279,3.176470588235294,17
Brazil.regions.RO:Guajará-Mirim,0.8850828729281768,2.0,12
Brazil.regions.AC:Feijó,0.9195580110497238,1.4,10
Brazil.regions.AC:Sena Madureira,0.8850828729281768,2.0,8
Brazil.regions.RR:Amajari,0.9343330702446725,1.1428571428571428,7
Brazil.regions.PA:Portel,0.8932912391475927,1.8571428571428572,7
