region,similarity,distance,days
Gabon,0.30997782705099775,23.6,60
Brazil.regions.TO,0.09423503325942362,27.203703703703702,54
Brazil.regions.PI,0.0,28.77777777777778,54
