region,similarity,distance,days
Bulgaria,1.0,27.74074074074074,54
Brazil.regions.SC,0.7971196868008948,54.611111111111114,54
Serbia,0.0,160.1851851851852,54
