region,similarity,distance,days
Sweden.regions.Västra Götaland,0.0,37.32432432432432,74
Eswatini,0.46023910734936835,21.310344827586206,58
Timor_Leste,0.45112552925766847,21.627450980392158,51
Guinea_Bissau,0.5085194426454871,19.630434782608695,46
