region,similarity,distance,days
Sweden.regions.Västra Götaland,0.0,37.32876712328767,73
Eswatini,0.46030801808376587,21.310344827586206,58
Timor_Leste,0.4511956035134842,21.627450980392158,51
Guinea_Bissau,0.5085821894776689,19.630434782608695,46
