region,similarity,distance,days
Brazil.regions.MS,0.02282911195281967,122.52542372881356,59
Congo,0.0,125.2280701754386,57
