region,similarity,distance,days
Brazil.regions.MS,0.03444724362774165,121.15,60
Congo,0.0,125.2280701754386,57
