region,similarity,distance,days
Georgia,0.6245374632226854,129.76190476190476,63
Ireland,0.3266367033086046,228.0,63
Liberia,0.6293388205989061,128.17857142857142,56
