region,similarity,days
Paraguay,0.997038384843415,51
Sweden,0.9772382415913119,51
