region,similarity,distance,days
Czechia,0.28710701330108823,296.2857142857143,70
Azerbaijan,0.05634068923821034,383.5285714285714,70
United_Arab_Emirates,0.008313180169286394,401.6857142857143,70
Jordan,0.0,404.8285714285714,70
Hungary,0.0972597624297602,368.05882352941177,68
