region,similarity,distance,days
Kuwait,0.0,242.05555555555554,72
Jamaica,0.17808183954597223,199.39344262295083,61
Trinidad_and_Tobago,0.181185146456746,198.65,60
Gambia,0.4218300030779739,141.0,55
