region,similarity,distance,days
Ecuador,0.011571084644696361,405.52777777777777,72
Burkina_Faso,1.0,183.32258064516128,62
