region,similarity,distance,days
Cayman_Islands,0.5642010352312572,1.6415094339622642,53
Brazil.regions.BA:Conceição do Jacuípe,0.911504424778761,0.3333333333333333,51
Brazil.regions.MG:Pouso Alegre,0.5402546945823441,1.7317073170731707,41
Brazil.regions.SP:Itu,0.8075221238938053,0.725,40
Brazil.regions.SE:Itabaiana,0.7135537959944107,1.0789473684210527,38
Brazil.regions.CE:Pindoretama,0.6053575699593399,1.4864864864864864,37
Brazil.regions.MG:Ubá,0.8525073746312684,0.5555555555555556,36
Brazil.regions.RJ:Paracambi,0.2782079646017699,2.71875,32
Brazil.regions.PE:Machados,0.8761061946902655,0.4666666666666667,30
Brazil.regions.CE:Pacajus,0.38053097345132736,2.3333333333333335,30
Brazil.regions.SC:Rio do Sul,0.816905706438816,0.6896551724137931,29
Brazil.regions.PE:Chã de Alegria,0.6965865992414665,1.1428571428571428,28
Brazil.regions.SP:Cruzeiro,0.8033431661750245,0.7407407407407407,27
Brazil.regions.SP:Santa Gertrudes,0.9387338325391422,0.23076923076923078,26
Brazil.regions.MG:Lagoa Santa,0.8730280877260485,0.4782608695652174,23
Brazil.regions.RS:Xangri-lá,1.0,0.0,14
Brazil.regions.MG:Juatuba,1.0,0.0,12
