region,similarity,distance,days
Brazil.regions.RS:Caxias do Sul,0.9223088050020998,1.2758620689655173,58
Brazil.regions.SE:Propriá,0.9767499077377291,0.38181818181818183,55
Guam,0.8398737032025259,2.6296296296296298,54
Brazil.regions.MG:Poços de Caldas,0.9494472387469043,0.8301886792452831,53
Brazil.regions.MT:Várzea Grande,0.9403247631935048,0.98,50
United_States_Virgin_Islands,0.9179807240893652,1.346938775510204,49
Brazil.regions.SP:Mairiporã,0.8989433679785794,1.6595744680851063,47
Brazil.regions.RN:Passa e Fica,0.9810554803788903,0.3111111111111111,45
Brazil.regions.CE:Caucaia,0.016238159675236785,16.155555555555555,45
Brazil.regions.RJ:Seropédica,0.9487944396604748,0.8409090909090909,44
Brazil.regions.PR:Matinhos,0.9787582213550682,0.3488372093023256,43
Brazil.regions.SP:Itupeva,0.966013154168109,0.5581395348837209,43
Brazil.regions.SP:Piracicaba,0.7564276048714479,4.0,43
Brazil.regions.RJ:São Pedro da Aldeia,0.928958051420839,1.1666666666666667,42
Brazil.regions.PR:Araucária,0.9702960493745668,0.4878048780487805,41
Brazil.regions.PR:Arapongas,0.9643552592494802,0.5853658536585366,41
Brazil.regions.SP:Águas de Lindóia,0.9741204330175913,0.425,40
Brazil.regions.SP:Atibaia,0.9359841782033933,1.0512820512820513,39
Brazil.regions.SP:São Roque,0.9443263096849024,0.9142857142857143,35
Brazil.regions.PE:Moreno,0.8799536052580708,1.9714285714285715,35
Brazil.regions.SP:Sertãozinho,0.9498527421794157,0.8235294117647058,34
Brazil.regions.SP:Artur Nogueira,0.9686308279001107,0.5151515151515151,33
Brazil.regions.PE:Garanhuns,0.9040472382826916,1.5757575757575757,33
Brazil.regions.PE:Santa Cruz do Capibaribe,0.9528569557815706,0.7741935483870968,31
Brazil.regions.PE:São José da Coroa Grande,0.9553450608930988,0.7333333333333333,30
Brazil.regions.SP:Aparecida,0.9644790257104194,0.5833333333333334,24
Brazil.regions.RJ:Pinheiral,0.9340324763193505,1.0833333333333333,24
Brazil.regions.ES:Piúma,0.9126316408778019,1.434782608695652,23
Brazil.regions.PE:Condado,0.910262801794744,1.4736842105263157,19
Brazil.regions.ES:Marataízes,0.775456698240866,3.6875,16
Brazil.regions.SE:Pedrinhas,0.969553450608931,0.5,2
