region,similarity,distance,days
Cambodia,0.0,23.114285714285714,70
Syria,0.7288667887987438,7.2,50
