region,similarity,distance,days
Bulgaria,0.22453966615040455,130.44615384615383,65
Brazil.regions.SC,0.3343436530273508,115.90322580645162,62
Nicaragua,0.0,160.1851851851852,54
