region,similarity,distance,days
Bulgaria,0.22453966615040455,130.44615384615383,65
Brazil.regions.SC,0.33126123152528697,116.31147540983606,61
Nicaragua,0.0,160.1851851851852,54
