region,similarity,distance,days
Togo,1.0,6.804878048780488,41
Austria,0.0,289.4634146341463,41
