region,similarity,distance,days
Brazil.regions.SP:Vargem Grande Paulista,0.4797611147976111,1.6363636363636365,55
Brazil.regions.PR:Colombo,0.4529841133533705,1.6862745098039216,51
Brazil.regions.MG:Betim,0.4109059682267069,1.7647058823529411,51
Brazil.regions.SP:Ribeirão Pires,0.0,2.5306122448979593,49
Brazil.regions.PA:Marituba,0.054744525547445466,2.4285714285714284,42
Brazil.regions.RJ:Japeri,0.36131386861313874,1.8571428571428572,35
