region,similarity,distance,days
Brazil.regions.SP:Vargem Grande Paulista,0.4747474747474749,1.6296296296296295,54
Brazil.regions.PR:Colombo,0.44385026737967914,1.6862745098039216,51
Brazil.regions.MG:Betim,0.40363636363636357,1.76,50
Brazil.regions.SP:Ribeirão Pires,0.0,2.5,48
Brazil.regions.PA:Marituba,0.038961038961039085,2.4285714285714284,42
Brazil.regions.RJ:Japeri,0.35064935064935066,1.8571428571428572,35
