region,similarity,distance,days
Armenia,0.5821225807621847,37.455882352941174,68
Brazil.regions.AL,0.31908252093265976,50.784615384615385,65
Moldova,0.018809744064138156,66.0,65
Albania,1.0,16.28125,64
Brazil.regions.SE,0.4208647569471665,45.6271186440678,59
