region,similarity,distance,days
Costa_Rica,1.0,17.37878787878788,66
Denmark,0.07878710987059134,127.39393939393939,66
