region,similarity,distance,days
Brazil.regions.AC,0.5400464156781846,26.732142857142858,56
Brazil.regions.AP,1.1102230246251565e-16,55.5,54
Brazil.regions.PA:Altamira,1.0,2.230769230769231,39
