region,similarity,distance,days
Brazil.regions.AC,0.5017016835805638,26.927272727272726,55
Brazil.regions.AP,1.1102230246251565e-16,51.79245283018868,53
Brazil.regions.PA:Altamira,1.0,2.230769230769231,39
