region,similarity,distance,days
Sweden.regions.Jönköping,0.7073441673719163,10.178082191780822,73
Sweden.regions.Örebro,0.5592106832570767,15.08695652173913,69
Sweden.regions.Östergötland,0.3286956244712447,22.725806451612904,62
Bahamas,0.5523052666231584,15.31578947368421,57
Montenegro,0.5113574015143203,16.672727272727272,55
Brazil.regions.AC:Rio Branco,0.5020300669373423,16.98181818181818,55
Fiji,0.5606959992877685,15.037735849056604,53
Brazil.regions.BA:Juazeiro,0.6010644134752552,13.7,50
Brazil.regions.PA:Parauapebas,0.7361888388992526,9.222222222222221,45
Brazil.regions.MA:Caxias,0.8827133399173342,4.366666666666666,30
