region,similarity,distance,days
Sweden.regions.Jämtland Härjedalen,0.5410755368098159,5.984375,64
Brazil.regions.AM:Manicoré,0.5872428726091663,5.382352941176471,34
Brazil.regions.AM:Coari,0.1380368098159509,11.24,25
Brazil.regions.RR:Caracaraí,0.8210633946830266,2.3333333333333335,12
Brazil.regions.PA:Jacareacanga,0.8466257668711656,2.0,4
Brazil.regions.AM:Apuí,0.7315950920245399,3.5,4
Brazil.regions.AM:Japurá,0.9233128834355828,1.0,1
