region,similarity,distance,days
Sweden.regions.Uppsala,0.7073441673719163,10.178082191780822,73
Sweden.regions.Örebro,0.5578986540966322,15.130434782608695,69
Sweden.regions.Östergötland,0.30874008417609733,23.387096774193548,62
Bahamas,0.6576589064013045,11.824561403508772,57
Montenegro,0.5931087457478328,13.963636363636363,55
Brazil.regions.AC:Rio Branco,0.5552507407000988,15.218181818181819,55
Fiji,0.6740008571623785,11.283018867924529,53
Brazil.regions.BA:Juazeiro,0.7012509601667947,10.38,50
Brazil.regions.PA:Parauapebas,0.8166599607398466,6.555555555555555,45
Brazil.regions.MA:Caxias,0.9219430118146238,3.066666666666667,30
