region,similarity,distance,days
Sweden.regions.Gävleborg,0.2831360168376743,12.476190476190476,63
Sweden.regions.Västernorrland,0.184635622204683,14.19047619047619,63
Sweden.regions.Värmland,0.12535297728667893,15.222222222222221,63
New_Caledonia,0.0,17.403846153846153,52
Brazil.regions.PA:Marabá,0.1289281767955801,15.16,50
Belize,0.05252001353027402,16.489795918367346,49
Brazil.regions.AM:Boca do Acre,0.13445397907605494,15.063829787234043,47
Brazil.regions.PA:Santarém,0.34833580380002693,11.341463414634147,41
Brazil.regions.AP:Oiapoque,0.2795580110497238,12.538461538461538,39
Brazil.regions.MT:Cáceres,0.25303867403314917,13.0,37
Brazil.regions.MT:Aripuanã,0.23595639838733762,13.297297297297296,37
Brazil.regions.RR:Alto Alegre,0.3203472770323599,11.82857142857143,35
Brazil.regions.AM:Presidente Figueiredo,0.5183620409489762,8.382352941176471,34
Brazil.regions.AM:Tefé,0.47569060773480665,9.125,32
Brazil.regions.PA:Óbidos,0.4664561957379636,9.285714285714286,28
Brazil.regions.AM:Carauari,0.41436464088397795,10.192307692307692,26
Brazil.regions.PA:Alenquer,0.7459726664728119,4.421052631578948,19
Brazil.regions.AM:Urucará,0.7634059148521287,4.117647058823529,17
Brazil.regions.RO:Guajará-Mirim,0.8707182320441988,2.25,12
Brazil.regions.AC:Feijó,0.9138121546961326,1.5,10
Brazil.regions.AC:Sena Madureira,0.8779005524861878,2.125,8
Brazil.regions.RR:Amajari,0.9261247040252565,1.2857142857142858,7
Brazil.regions.PA:Portel,0.8358326756116812,2.857142857142857,7
