region,similarity,distance,days
Sweden.regions.Östergötland,0.3837313270090502,22.88888888888889,63
Equatorial_Guinea,0.5378735068187201,18.655172413793103,58
Brazil.regions.AC:Rio Branco,0.5695289499509323,17.785714285714285,56
Montenegro,0.6100508519939334,16.672727272727272,55
Djibouti,0.3924962744884236,22.64814814814815,54
Fiji,0.6695780176643767,15.037735849056604,53
