region,similarity,distance,days
Sweden.regions.Jämtland Härjedalen,0.5394420394420394,6.079365079365079,63
Brazil.regions.AM:Novo Airão,0.5683579985905567,5.6976744186046515,43
Brazil.regions.PA:Novo Progresso,0.5376845376845377,6.102564102564102,39
Brazil.regions.AM:Manicoré,0.5922459893048129,5.382352941176471,34
Brazil.regions.AM:Maués,0.5359848484848484,6.125,32
Brazil.regions.AP:Laranjal do Jari,0.5033670033670034,6.555555555555555,27
Brazil.regions.RR:Rorainópolis,0.6998834498834499,3.9615384615384617,26
Brazil.regions.AM:Coari,0.14848484848484844,11.24,25
Brazil.regions.AM:Canutama,0.7760210803689065,2.9565217391304346,23
Brazil.regions.AM:Novo Aripuanã,0.8484848484848485,2.0,18
Brazil.regions.AM:Humaitá,0.84375,2.0625,16
Brazil.regions.AM:Borba,0.803030303030303,2.6,15
Brazil.regions.RR:Caracaraí,0.8232323232323232,2.3333333333333335,12
Brazil.regions.PA:Jacareacanga,0.8484848484848485,2.0,4
Brazil.regions.AM:Apuí,0.7348484848484849,3.5,4
Brazil.regions.AM:Pauini,0.7348484848484849,3.5,2
Brazil.regions.AM:Japurá,0.9242424242424242,1.0,1
