region,similarity,distance,days
North_Macedonia,0.0,37.32876712328767,73
Eswatini,0.036697317297911036,36.05172413793103,58
Timor_Leste,0.20665647817965693,30.137254901960784,51
Guinea_Bissau,0.4854683180338233,20.434782608695652,46
