region,similarity,distance,days
Iceland,0.287529319781079,25.3125,64
Brazil.regions.AM:São Gabriel da Cachoeira,0.8702111024237686,4.611111111111111,36
Brazil.regions.PA:Oriximiná,0.9232354822659748,2.727272727272727,22
Brazil.regions.AM:Barcelos,0.9465207193119625,1.9,20
