region,similarity,distance,days
Sweden.regions.Värmland,0.39077023074423134,10.602941176470589,68
Sweden.regions.Västernorrland,0.4631215469613259,9.34375,64
Sweden.regions.Dalarna,0.2831360168376743,12.476190476190476,63
New_Caledonia,0.36353591160221,11.076923076923077,52
Brazil.regions.PA:Marabá,0.46563535911602205,9.3,50
Belize,0.40196188972826696,10.408163265306122,49
Brazil.regions.AM:Boca do Acre,0.4889855413189138,8.893617021276595,47
Brazil.regions.PA:Santarém,0.5697614876701254,7.487804878048781,41
Brazil.regions.AP:Oiapoque,0.5683241252302026,7.512820512820513,39
Brazil.regions.MT:Cáceres,0.5543078990592802,7.756756756756757,37
Brazil.regions.MT:Aripuanã,0.5341197551142303,8.108108108108109,37
Brazil.regions.RR:Alto Alegre,0.5715232833464877,7.457142857142857,35
Brazil.regions.AM:Presidente Figueiredo,0.743126421839454,4.470588235294118,34
Brazil.regions.AM:Tefé,0.5151933701657458,8.4375,32
Brazil.regions.PA:Óbidos,0.6942383583267562,5.321428571428571,28
Brazil.regions.AM:Carauari,0.6,6.961538461538462,26
Brazil.regions.PA:Alenquer,0.9183483570805466,1.4210526315789473,19
Brazil.regions.AM:Urucará,0.8580435489112772,2.4705882352941178,17
Brazil.regions.RO:Guajará-Mirim,0.90902394106814,1.5833333333333333,12
Brazil.regions.AC:Feijó,0.9597790055248618,0.7,10
Brazil.regions.AC:Sena Madureira,0.9353591160220994,1.125,8
Brazil.regions.RR:Amajari,0.9343330702446725,1.1428571428571428,7
Brazil.regions.PA:Portel,0.8440410418310971,2.7142857142857144,7
