region,similarity,distance,days
Sweden.regions.Uppsala,0.3837313270090502,22.88888888888889,63
Equatorial_Guinea,0.08779229129301891,31.017241379310345,58
Brazil.regions.AC:Rio Branco,0.0,33.42857142857143,56
Montenegro,0.3260665536622357,24.472727272727273,55
Djibouti,0.2306818594846073,27.09259259259259,54
Fiji,0.1282630029440628,29.90566037735849,53
