region,similarity,distance,days
North_Macedonia,0.0,37.32432432432432,74
Eswatini,0.03657431770270392,36.05172413793103,58
Timor_Leste,0.2065551798714551,30.137254901960784,51
Guinea_Bissau,0.4854026198999558,20.434782608695652,46
