region,similarity,distance,days
Sweden.regions.Värmland,0.3876803826173003,10.656716417910447,67
Sweden.regions.Västernorrland,0.4710163991931948,9.206349206349206,63
Sweden.regions.Dalarna,0.30030297629656033,12.17741935483871,62
New_Caledonia,0.36353591160221,11.076923076923077,52
Brazil.regions.PA:Marabá,0.46563535911602205,9.3,50
Belize,0.40196188972826696,10.408163265306122,49
Brazil.regions.AM:Boca do Acre,0.4889855413189138,8.893617021276595,47
Brazil.regions.PA:Santarém,0.5697614876701254,7.487804878048781,41
Brazil.regions.AP:Oiapoque,0.5796452457109624,7.315789473684211,38
Brazil.regions.MT:Cáceres,0.5578882750153469,7.694444444444445,36
Brazil.regions.MT:Aripuanã,0.5371393492940455,8.055555555555555,36
Brazil.regions.RR:Alto Alegre,0.5715232833464877,7.457142857142857,35
Brazil.regions.AM:Presidente Figueiredo,0.743126421839454,4.470588235294118,34
Brazil.regions.AM:Tefé,0.5151933701657458,8.4375,32
Brazil.regions.PA:Óbidos,0.6942383583267562,5.321428571428571,28
Brazil.regions.AM:Carauari,0.6,6.961538461538462,26
Brazil.regions.PA:Alenquer,0.9183483570805466,1.4210526315789473,19
Brazil.regions.AM:Urucará,0.8580435489112772,2.4705882352941178,17
Brazil.regions.RO:Guajará-Mirim,0.90902394106814,1.5833333333333333,12
Brazil.regions.AC:Feijó,0.961694290976059,0.6666666666666666,9
Brazil.regions.AC:Sena Madureira,0.9671665351223362,0.5714285714285714,7
Brazil.regions.RR:Amajari,0.9343330702446725,1.1428571428571428,7
Brazil.regions.PA:Portel,0.8440410418310971,2.7142857142857144,7
