region,similarity,distance,days
Sweden.regions.Gävleborg,0.3876803826173003,10.656716417910447,67
Sweden.regions.Västernorrland,0.6981145312637025,5.253968253968254,63
Sweden.regions.Dalarna,0.13070753876314378,15.129032258064516,62
New_Caledonia,0.8497237569060774,2.6153846153846154,52
Brazil.regions.PA:Marabá,0.8023425414364641,3.44,50
Belize,0.8581125267786673,2.4693877551020407,49
Brazil.regions.AM:Boca do Acre,0.8288468320206889,2.978723404255319,47
Brazil.regions.PA:Santarém,0.7547500336881822,4.2682926829268295,41
Brazil.regions.AP:Oiapoque,0.8518173887758069,2.5789473684210527,38
Brazil.regions.MT:Cáceres,0.896255371393493,1.8055555555555556,36
Brazil.regions.MT:Aripuanã,0.8914671577655003,1.8888888888888888,36
Brazil.regions.RR:Alto Alegre,0.8916495659037096,1.8857142857142857,35
Brazil.regions.AM:Presidente Figueiredo,0.6772180695482612,5.617647058823529,34
Brazil.regions.AM:Tefé,0.2817679558011049,12.5,32
Brazil.regions.PA:Óbidos,0.8932912391475927,1.8571428571428572,28
Brazil.regions.AM:Carauari,0.6662983425414364,5.8076923076923075,26
Brazil.regions.PA:Alenquer,0.894155277697005,1.8421052631578947,19
Brazil.regions.AM:Urucará,0.8242443938901527,3.0588235294117645,17
Brazil.regions.RO:Guajará-Mirim,0.8276243093922652,3.0,12
Brazil.regions.AC:Feijó,0.8020871700429711,3.4444444444444446,9
Brazil.regions.RR:Amajari,0.8440410418310971,2.7142857142857144,7
Brazil.regions.AC:Sena Madureira,0.8112075769534333,3.2857142857142856,7
Brazil.regions.PA:Portel,0.7537490134175218,4.285714285714286,7
