region,similarity,distance,days
Sweden.regions.Västerbotten,0.5410755368098159,5.984375,64
Brazil.regions.AM:Manicoré,0.7293395885961746,3.5294117647058822,34
Brazil.regions.AM:Coari,0.07975460122699385,12.0,25
Brazil.regions.RR:Caracaraí,0.7763292433537832,2.9166666666666665,12
Brazil.regions.AM:Apuí,0.8466257668711656,2.0,4
Brazil.regions.PA:Jacareacanga,0.808282208588957,2.5,4
Brazil.regions.AM:Japurá,0.5398773006134969,6.0,1
