region,similarity,distance,days
Brazil.regions.CE,0.9510765936548441,41.09090909090909,11
Greece,0.9000054639068951,55.63636363636363,11
Tunisia,0.893940767249326,57.36363636363637,11
