region,similarity,distance,days
Eswatini,1.0,2.5294117647058822,51
North_Macedonia,0.4511956035134842,21.627450980392158,51
Sweden.regions.Västra Götaland,0.20665647817965693,30.137254901960784,51
Guinea_Bissau,0.6072846675351713,16.195652173913043,46
