region,similarity,distance,days
Austria,0.17579758234689613,239.77272727272728,66
Sierra_Leone,1.0,6.804878048780488,41
