region,similarity,distance,days
Jamaica,0.9728990719697769,8.983333333333333,60
Kuwait,0.8525418583373038,37.81666666666667,60
Qatar,0.181185146456746,198.65,60
Gambia,1.0,2.4909090909090907,55
