region,similarity,distance,days
Greece,1.0,27.15714285714286,70
Brazil.regions.CE,1.1102230246251565e-16,311.96491228070175,57
Tajikistan,0.893940767249326,57.36363636363637,11
