region,similarity,distance,days
Azerbaijan,0.9555156863394676,43.58904109589041,73
Czechia,0.7350714018086755,126.92957746478874,71
Jordan,1.0,26.771428571428572,70
Portugal,0.008313180169286394,401.6857142857143,70
Hungary,0.9232709029802973,55.779411764705884,68
