region,similarity,distance,days
Saint_Lucia,0.9179807240893652,1.346938775510204,49
Brazil.regions.SE:Propriá,0.9092817099776311,1.489795918367347,49
Brazil.regions.MG:Poços de Caldas,0.8893982491508106,1.816326530612245,49
Brazil.regions.MT:Várzea Grande,0.8831846676424291,1.9183673469387754,49
Brazil.regions.RS:Caxias do Sul,0.878213802435724,2.0,49
Guam,0.7924663776200602,3.4081632653061225,49
Brazil.regions.SP:Mairiporã,0.8510062476607261,2.4468085106382977,47
Brazil.regions.RN:Passa e Fica,0.9066305818673883,1.5333333333333334,45
Brazil.regions.CE:Caucaia,0.004059539918809252,16.355555555555554,45
Brazil.regions.RJ:Seropédica,0.8809816705621848,1.9545454545454546,44
Brazil.regions.PR:Matinhos,0.9037039368096422,1.5813953488372092,43
Brazil.regions.SP:Itupeva,0.8994555810806558,1.6511627906976745,43
Brazil.regions.SP:Piracicaba,0.7295213519212009,4.441860465116279,43
Brazil.regions.RJ:São Pedro da Aldeia,0.86951478832399,2.142857142857143,42
Brazil.regions.PR:Arapongas,0.8915805802171689,1.7804878048780488,41
Brazil.regions.PR:Araucária,0.8856397900920823,1.8780487804878048,41
Brazil.regions.SP:Águas de Lindóia,0.8934370771312584,1.75,40
Brazil.regions.SP:Atibaia,0.8688456333923181,2.1538461538461537,39
Brazil.regions.SP:São Roque,0.8869128165474579,1.8571428571428572,35
Brazil.regions.PE:Moreno,0.8155809008312391,3.0285714285714285,35
Brazil.regions.SP:Sertãozinho,0.8764228289421316,2.0294117647058822,34
Brazil.regions.SP:Artur Nogueira,0.8874400295239266,1.8484848484848484,33
Brazil.regions.PE:Garanhuns,0.8486898757534752,2.484848484848485,33
Brazil.regions.PE:Santa Cruz do Capibaribe,0.8899995634903313,1.8064516129032258,31
Brazil.regions.PE:São José da Coroa Grande,0.8741542625169147,2.066666666666667,30
Brazil.regions.SP:Aparecida,0.8731393775372125,2.0833333333333335,24
Brazil.regions.RJ:Pinheiral,0.8528416779431665,2.4166666666666665,24
Brazil.regions.ES:Piúma,0.8279108077896099,2.8260869565217392,23
Brazil.regions.PE:Condado,0.8141158037176839,3.0526315789473686,19
Brazil.regions.ES:Marataízes,0.7412043301759134,4.25,16
Brazil.regions.SE:Pedrinhas,0.5128552097428958,8.0,2
