region,similarity,distance,days
Saint_Lucia,0.9179807240893652,1.346938775510204,49
Brazil.regions.SE:Propriá,0.9092817099776311,1.489795918367347,49
Brazil.regions.MG:Poços de Caldas,0.8893982491508106,1.816326530612245,49
Brazil.regions.MT:Várzea Grande,0.8831846676424291,1.9183673469387754,49
Brazil.regions.RS:Caxias do Sul,0.878213802435724,2.0,49
Guam,0.7924663776200602,3.4081632653061225,49
Brazil.regions.SP:Mairiporã,0.8414242219215156,2.6041666666666665,48
Brazil.regions.RN:Passa e Fica,0.9066305818673883,1.5333333333333334,45
Brazil.regions.CE:Caucaia,0.004059539918809252,16.355555555555554,45
Brazil.regions.SP:Itupeva,0.9003567474474105,1.6363636363636365,44
Brazil.regions.RJ:Seropédica,0.8809816705621848,1.9545454545454546,44
Brazil.regions.SP:Piracicaba,0.7301328576700701,4.431818181818182,44
Brazil.regions.PR:Matinhos,0.9037039368096422,1.5813953488372092,43
Brazil.regions.RJ:São Pedro da Aldeia,0.86951478832399,2.142857142857143,42
Brazil.regions.SP:Águas de Lindóia,0.8960361728109838,1.7073170731707317,41
Brazil.regions.PR:Arapongas,0.8915805802171689,1.7804878048780488,41
Brazil.regions.PR:Araucária,0.8856397900920823,1.8780487804878048,41
Brazil.regions.SP:Atibaia,0.8629905277401895,2.25,40
Brazil.regions.SP:São Roque,0.881596752368065,1.9444444444444444,36
Brazil.regions.SP:Sertãozinho,0.8764739996133771,2.0285714285714285,35
Brazil.regions.PE:Moreno,0.8155809008312391,3.0285714285714285,35
Brazil.regions.SP:Artur Nogueira,0.8889596433972777,1.8235294117647058,34
Brazil.regions.PE:Garanhuns,0.8486898757534752,2.484848484848485,33
Brazil.regions.PE:Santa Cruz do Capibaribe,0.8899995634903313,1.8064516129032258,31
Brazil.regions.PE:São José da Coroa Grande,0.8741542625169147,2.066666666666667,30
Brazil.regions.SP:Aparecida,0.878213802435724,2.0,25
Brazil.regions.RJ:Pinheiral,0.8528416779431665,2.4166666666666665,24
Brazil.regions.ES:Piúma,0.8300067658998647,2.7916666666666665,24
Brazil.regions.PE:Condado,0.8141158037176839,3.0526315789473686,19
Brazil.regions.ES:Marataízes,0.7277720289739711,4.470588235294118,17
Brazil.regions.SE:Pedrinhas,0.5128552097428958,8.0,2
