region,similarity,days
Suriname,0.9917726861876252,57
Brazil.regions.PA:Altamira,0.991122494777889,37
Brazil.regions.AC,0.9817640091486454,54
Brazil.regions.AP,0.9675644942676194,51
